Numero;Bloc;Sp;gf;mod;PS;L_resp;R_resp;sr_ratio;AGR;agGR;bgGR;RGR;SLA;LDMC;RDMC_aver;SRL;RMD;RTD;PerColAMF;CF;Leaf_C;Leaf_N;Root_C;Root_N;Leaf_C:N;Root_C:N;BG_Delta15N;BG_NperMS;BG_APE15N;BG_Delta13C;BG_CperMS;BG_APE13C;AG_Delta15N;AG_NperMS;AG_APE15N;AG_Delta13C;AG_CperMS;AG_APE13C
1;A;N.s.;Grass;P;3,1453592384000;1,642969605600000;0,00979759419211612;1,411428571428571;2,24468085106383;1,31382978723404;0,930851063829787;2,22659574787234;169,352380952381;0,2957746478873240;0,1320754716981132;6187,52380952381;0,3679;0,1521739130434783;0,1400000000000000;0,582000000000000;47,09;3,56;35,69;1,18;13,22752808988764;30,2457627118644;5,037;1,14;-25,883333333332999;-26,44;38,83;-7,20000000000054;21,691;3,19;31,970000000000098;2,81;40,62;317,700000000001
2;A;F.o.;Grass;P;15,0224749440000;1,925230402600000;0,02838893071240203;1,294948397609995;13,48404255319149;7,60851063829787;5,875531914893617;13,46319148936170;162,598717948718;0,2356495468277945;0,1289260732409820;24361,98297872340;0,1671;0,1872509960159363;0,2448979591836735;0,395000000000000;47,08;3,62;47,19;1,40;13,00552486187845;33,7071428571429;3,305;1,23;-19,813333333333400;-11,51;43,36;207,90000000000100;12,275;3,18;15,120000000000100;17,42;41,63;525,200000000001
3;A;A.o.;Grass;P;18,5551926400000;0,784005533500000;0,02218181978809311;1,420255560814008;16,32127659574468;9,57765957446808;6,743617021276596;16,29454255319149;267,579098360656;0,2291079812206573;0,1282916948008103;25827,44210526316;0,1654;0,1800947867298578;0,2365591397849464;0,373000000000000;47,34;2,47;46,21;0,99;19,16599190283401;46,6767676767677;4,294;1,05;-20,696666666666900;-23,24;44,23;21,20000000000120;11,370;2,18;11,979999999999800;-10,76;41,64;165,500000000001
4;A;D.g.;Grass;P;20,9722920620000;1,128135506600000;0,02460048106933504;1,296875000000000;11,57234042553192;6,53404255319149;5,038297872340427;11,54627659574468;346,893410852713;0,1936936936936937;0,1096282173498570;33559,97391304348;0,1827;0,1138613861386139;0,0600000000000000;0,382000000000000;47,24;3,97;44,84;1,31;11,89924433249370;34,2290076335878;3,933;0,87;-13,150000000000100;-20,73;32,63;90,00000000000119;12,972;2,66;18,120000000000399;21,93;39,95;594,699999999999
5;A;H.l.;Grass;P;14,6444873720000;0,603709346400000;0,03349410107537371;1,967707212055974;11,73191489361702;7,77872340425532;3,953191489361703;11,71531915212766;367,721830985916;0,2057971014492753;0,0896191187453323;38834,83055555556;0,1584;0,1304347826086956;0,0760869565217391;0,453000000000000;45,49;3,19;45,48;1,34;14,26018808777430;33,9402985074627;2,241;0,74;-25,693333333333701;-27,10;45,82;-4,20000000000087;9,838;2,16;5,046666666667090;-3,43;39,46;265,899999999999
6;A;G.v.;Forbs;P;15,8088455200000;3,686520308600000;0,05562413214303134;1,868752919196637;6,53404255319149;4,25638297872340;2,277659574468085;6,52488297872340;268,575000000000;0,1818181818181818;0,1314142678347935;28451,64523809524;0,1555;0,1850220264317181;0,0263157894736842;0,715555555555556;46,63;3,54;45,92;1,97;13,17231638418079;23,3096446700508;4,115;1,30;-36,103333333333303;-9,08;42,83;214,10000000000201;22,528;3,00;37,566666666666897;10,56;41,26;455,999999999999
7;A;C.r.;Forbs;P;18,2976244390000;2,771285078400000;0,02901595203049773;3,521897810218979;2,63617021276596;2,05319148936170;0,582978723404255;2,62738297872340;387,606410256410;0,1578947368421053;0,0748991741885923;41609,95384615385;0,1658;0,1114285714285714;0,0952380952380952;0,501428571428571;46,32;5,51;44,13;2,76;8,40653357531760;15,9891304347826;1,941;2,83;-60,666666666666600;18,93;43,40;529,89999999999895;9,154;4,67;6,880000000000220;47,58;37,96;848,099999999998
8;A;P.l.;Forbs;P;17,3926496016667;2,658125536000000;0,01587573132981778;2,886479309581766;18,68404255319149;13,87659574468085;4,807446808510639;18,63191489361702;217,728000000000;0,1346153846153846;0,1077586206896552;18825,19200000000;0,2190;0,1410437235543018;NA;NA;45,99;3,01;46,27;1,38;15,27906976744186;33,5289855072464;4,816;1,00;-48,119999999999798;-23,11;42,76;81,39999999999810;15,600;1,80;21,046666666666400;-15,94;40,39;150,399999999999
9;A;C.n.;Forbs;P;26,3242337280000;2,706078312000000;0,01655327874035169;0,684923488586002;21,43617021276595;8,71382978723404;12,722340425531916;21,35403191489361;183,374010791367;0,1659701492537314;0,1455238859895624;8116,89517241379;0,2885;0,1885565669700910;NA;NA;41,67;2,38;41,40;1,17;17,50840336134454;35,3846153846154;3,450;1,33;-43,826666666666497;-26,61;42,78;-10,09999999999960;15,477;2,35;23,166666666666298;-3,50;39,69;244,600000000002
10;A;R.a.;Forbs;P;14,5278041520000;1,635280197166667;0,00801621342991319;1,242276238073603;21,00106382978723;11,63510638297872;9,365957446808510;20,95370212765958;251,160938628159;0,1069085295252798;0,2449841605068638;6238,12758620690;0,2279;0,3932203389830509;0,0746268656716418;0,717500000000000;43,55;3,31;46,79;1,43;13,15709969788520;32,7202797202797;3,946;1,03;-17,989999999999998;-24,87;44,43;11,90000000000020;16,051;1,68;11,766666666666600;-16,69;38,56;106,500000000000
11;A;M.a.;Leg;P;26,4046755840000;2,270907254400000;0,01818044956769823;1,231245301929341;9,47329787234043;5,22755319148936;4,245744680851065;9,38489361382979;254,759895833333;0,1729729729729730;0,1469237832874196;4068,66597222222;0,4022;0,1935483870967742;0,1351351351351352;0,581250000000000;43,06;4,23;44,46;3,02;10,17966903073286;14,7218543046358;0,826;3,09;-1,369999999999980;-12,71;41,41;194,10000000000201;17,549;6,52;37,476666666666503;-0,27;73,52;332,399999999999
12;A;T.p.;Leg;P;23,4886831020000;1,601516752400000;0,02152092241509644;2,044926993635343;17,30425531914894;11,62127659574468;5,682978723404255;17,25861702446809;316,656575682382;0,2102243088158581;0,1665470208183776;7250,74741379310;0,2885;0,2109090909090909;0,0869565217391305;0,504444444444444;47,07;4,12;57,70;3,02;11,42475728155340;19,1059602649007;1,001;2,36;-1,730000000000340;-25,56;43,86;50,70000000000130;9,714;2,55;15,443333333333101;-3,01;39,13;297,000000000001
13;A;L.c.;Leg;P;13,4506510060000;2,096012724200000;0,01830821626577631;1,909347908028647;16,42234042553191;10,77765957446809;5,644680851063829;16,39828723404255;200,866666666667;0,1897810218978102;0,1461527439461241;4939,33137254902;0,3795;0,1789473684210526;0,0800000000000000;0,443750000000000;42,85;2,96;46,75;3,11;14,47635135135135;15,0321543408360;2,715;2,52;4,033333333333670;-12,08;38,18;195,59999999999999;9,986;2,36;18,843333333333199;-12,13;40,75;169,600000000001
14;A;M.s.;Leg;P;18,0677164260000;2,444837599300000;0,01955286616309999;1,684428492545555;20,68723404255319;12,98085106382979;7,706382978723404;20,62973403936170;265,383088235294;0,2082695252679939;0,2049806706823699;3476,66754385965;0,3450;0,3076923076923077;0,0200000000000000;0,487777777777778;44,62;4,21;45,09;2,69;10,59857482185273;16,7620817843866;0,710;2,15;-2,353333333333100;-24,96;43,67;36,63846153846070;9,234;3,34;15,739999999999601;15,62;40,33;485,784615384615
15;A;T.r.;Leg;P;20,3939857933333;2,048522062600000;0,03578251791903279;3,778793418647167;11,12340425531915;8,79574468085106;2,327659574468085;11,11835531914894;310,928846153846;0,1626694473409802;0,1122504047490556;8145,59615384616;0,3156;0,1568627450980392;0,1199999999999999;0,598750000000000;46,34;4,64;44,06;3,15;9,98706896551724;13,9873015873016;2,020;2,27;-4,136666666667010;-21,06;43,92;79,43846153846140;12,845;2,88;19,253333333333298;0,87;33,79;324,584615384616
17;A;F.o.;Grass;P+L;16,6310879718182;NA;0,03696098407804285;0,737052678372972;16,62765957446808;7,05531914893617;9,572340425531914;16,60680851063830;186,018461538462;0,2569169960474308;0,1865918097754293;18084,62477876106;0,1624;0,2671394799054373;0,1538461538461539;0,402000000000000;46,16;3,32;46,56;1,38;13,90361445783132;33,7391304347826;608,878;1,40;2185,346666666669989;-23,52;45,41;76,40000000000090;115,398;2,85;391,310000000000002;-11,63;41,13;207,500000000000
18;A;A.o.;Grass;P+L;10,8362856800000;0,816226313333333;0,02747279293639477;1,103019385829473;26,08191489361703;13,67978723404255;12,402127659574468;26,05518085106383;259,685559566787;0,2289256198347108;0,1522956326987682;26163,69705882353;0,1475;0,2236842105263158;NA;NA;47,89;2,00;43,16;0,79;23,94500000000000;54,6329113924051;219,102;1,00;762,623333333332994;-10,99;44,52;155,30000000000001;245,163;1,92;864,429999999999950;-2,53;41,21;255,600000000000
19;A;D.g.;Grass;P+L;19,5824134783333;2,237571336000000;0,02792076923246015;1,199253895106430;21,32340425531915;11,62765957446809;9,695744680851066;21,29734042553192;281,326208651399;0,2299590403744880;0,1654996817313813;17285,33589743590;0,1785;0,2307692307692308;NA;NA;46,98;3,26;44,38;0,96;14,41104294478528;46,2291666666667;123,431;0,83;422,769999999999982;-22,44;44,32;71,40000000000150;126,942;2,05;433,850000000000023;2,65;40,21;383,899999999999
20;A;H.l.;Grass;P+L;14,0170123580000;2,204393673600000;0,03489892372654986;1,466841951504528;26,94893617021277;16,02446808510638;10,924468085106383;26,93234042872341;341,493582887701;0,2080088987764182;0,1687471104946833;23273,46438356164;0,1458;0,2570422535211268;0,1752577319587629;0,502000000000000;45,98;2,50;47,12;0,82;18,39200000000000;57,4634146341463;685,549;0,76;2461,846666666669989;-26,96;44,21;-2,69999999999992;184,372;1,71;641,576666666667052;-12,15;37,82;170,500000000000
21;A;G.v.;Forbs;P+L;11,4091347783333;2,413434717800000;0,02454965362910914;1,801896207584830;5,97340425531915;3,84148936170213;2,131914893617021;5,96424468085106;306,623333333333;0,1704545454545455;0,1273516642547033;26986,56818181819;0,1644;0,1746031746031746;NA;NA;44,31;3,37;43,34;1,91;13,14836795252226;22,6910994764398;85,806;1,47;261,936666666667008;-15,13;42,99;148,00000000000099;135,900;3,06;451,086666666666986;2,90;39,58;372,299999999999
23;A;P.l.;Forbs;P+L;24,5634378580000;1,870802646200000;0,01498837257204519;5,666666666666666;13,68085106382978;11,62872340425532;2,052127659574468;13,62872340425532;322,550537634409;0,1088992974238876;0,1464557703573521;10946,42200000000;0,2578;0,1748251748251748;NA;NA;44,73;3,88;45,25;1,07;11,52835051546392;42,2897196261682;134,642;0,97;425,449999999999989;-25,70;43,94;53,09999999999930;125,748;1,62;422,836666666666986;-17,06;39,80;138,199999999999
24;A;C.n.;Forbs;P+L;20,2959018610000;1,874815926400000;0,02228005397499997;0,903405635515913;19,97765957446809;9,48191489361702;10,495744680851066;19,89552127659575;227,654857142857;0,1528384279475983;0,1449991761410447;7969,39545454545;0,2983;0,1795918367346939;0,3012048192771083;0,742857142857143;45,73;2,82;45,00;0,98;16,21631205673759;45,9183673469388;157,926;1,21;519,613333333334026;-24,70;43,01;10,70000000000130;110,546;2,25;369,966666666666981;-5,10;36,31;227,100000000000
25;A;R.a.;Forbs;P+L;16,4657103560000;1,562230214000000;0,01879286571023218;0,523514261184775;33,98085106382979;11,67659574468085;22,304255319148940;33,93348936170213;251,582410651717;0,1050423260949577;0,2638522427440633;5267,00687500000;0,2376;0,4278074866310160;NA;NA;43,28;2,54;48,21;0,84;17,03937007874016;57,3928571428571;215,693;0,71;754,179999999999950;-26,09;45,39;-1,49999999999872;171,711;1,60;579,476666666667029;-13,79;35,52;138,200000000002
26;A;M.a.;Leg;P+L;23,6810746260000;2,072670394800000;0,01678482583965156;1,221591780401779;15,41170212765958;8,47446808510638;6,937234042553192;15,32329786914894;211,476785714286;0,1854304635761589;0,2125933138591367;3392,69694656489;0,3773;0,2635814889336016;NA;NA;42,56;3,79;44,02;3,37;11,22955145118734;13,0623145400593;86,312;2,75;310,519999999999982;-22,22;42,22;90,00000000000119;64,093;2,97;207,296666666665999;-5,92;39,35;270,600000000001
27;A;T.p.;Leg;P+L;13,2762170820000;1,018406642200000;0,03489583658293340;3,696073558648111;20,10319148936170;15,82234042553191;4,280851063829787;20,05755319468085;322,539403973510;0,1973856209150327;0,1563954570843418;10003,26309523810;0,2742;0,1693548387096774;0,2428571428571429;0,536666666666667;48,26;4,85;45,80;2,39;9,95051546391753;19,1631799163180;176,908;1,93;639,850000000000023;-15,19;43,07;164,09999999999999;82,712;2,06;281,763333333332980;11,78;43,52;458,600000000000
28;A;L.c.;Leg;P+L;23,0355201540000;3,365787660000000;0,02419226785399333;1,504795834475199;19,44680851063830;11,68297872340426;7,763829787234042;19,42275531914894;190,852777777778;0,1967213114754098;0,1921371563700857;2641,90646153846;0,4071;0,2906976744186046;0,4027777777777776;0,571111111111111;43,65;3,07;45,71;2,50;14,21824104234528;18,2840000000000;60,446;3,05;214,673333333333005;-16,60;42,54;146,20000000000101;61,532;2,42;206,913333333332986;-10,77;43,93;184,400000000000
29;A;M.s.;Leg;P+L;28,5701301400000;1,078352522400000;0,05569158803939689;0,922564529558701;17,19468085106383;8,25106382978723;8,943617021276594;17,13718084787234;260,455855855856;0,2059369202226345;0,2020076837278473;5216,03865030675;0,3210;0,2369186046511628;NA;NA;43,87;3,51;45,89;2,68;12,49857549857550;17,1231343283582;65,190;2,22;232,916666666666998;-26,25;43,59;22,63846153846230;91,237;2,89;314,910000000000025;-3,61;43,28;275,584615384614
30;A;T.r.;Leg;P+L;14,5969408100000;0,869127598571429;0,02772510696917965;1,651340161255175;12,94361702127660;8,06170212765957;4,881914893617021;12,93856808510638;296,960386473430;0,1754237288135593;0,1594949327130753;8881,89687500000;0,2917;0,1684210526315790;0,3229166666666666;0,631000000000000;47,89;4,62;44,72;2,94;10,36580086580087;15,2108843537415;107,344;2,77;380,103333333333012;-19,87;42,79;92,43846153846209;76,016;2,70;249,733333333333007;-17,22;41,92;126,784615384614
1;B;N.s.;Grass;P;20,1873836580000;3,372416997800000;0,00571526327873440;2,391217564870259;5,04653465346535;3,55841584158416;1,488118811881188;5,02970297326733;190,745454545455;0,2689486552567237;0,1311316172899466;11842,84814814815;0,2616;0,1569767441860465;0,3333333333333334;0,567000000000000;45,59;5,02;44,39;1,58;9,08167330677291;28,0949367088608;7,416;2,04;-17,203333333333202;-16,96;41,82;96,49999999999940;14,243;3,28;4,800000000000360;28,46;37,64;598,000000000001
2;B;F.o.;Grass;P;22,0501085740000;0,585758430700000;0,01957129181303195;1,199223336042626;24,11089108910891;13,14752475247525;10,963366336633662;24,09148514851485;115,900970873786;0,2640348628556780;0,1067022919305307;18149,16813008130;0,1960;0,1825467497773820;0,0300000000000000;0,440000000000000;47,20;2,84;45,00;1,26;16,61971830985916;35,7142857142857;5,971;1,03;-10,083333333333300;3,82;38,99;375,40000000000100;8,027;2,03;-0,379999999999825;22,42;41,42;579,799999999999
3;B;A.o.;Grass;P;13,4090384270000;0,804661411000000;0,03098890704002302;1,724208929345470;24,89009900990099;15,75346534653465;9,136633663366336;24,86521782178218;258,273654390935;0,2274191470171369;0,1053046514247100;24358,13582887701;0,1791;0,1628919860627178;0,0200000000000000;0,361000000000000;47,69;3,51;46,95;1,16;13,58689458689459;40,4741379310345;8,280;1,05;-6,146666666666520;6,37;43,50;345,10000000000002;10,048;1,95;7,159999999999940;41,22;40,23;733,699999999999
4;B;D.g.;Grass;P;17,3153039480000;1,446925367200000;0,00999453075879182;1,720645520311631;19,36237623762376;12,24554455445545;7,116831683168316;19,33811881188119;264,550898203593;0,2420991591765729;0,1580621985014882;26264,01168831169;0,1610;0,1871202916160389;0,2500000000000000;0,406000000000000;47,70;4,16;46,05;1,14;11,46634615384615;40,3947368421053;3,178;1,09;-15,900000000000400;-12,39;36,81;181,20000000000101;7,035;2,14;-3,549999999999940;50,21;39,77;903,700000000001
5;B;H.l.;Grass;P;12,1335393860000;0,915100365900000;0,05710917070917874;1,417842031029619;20,36732673267327;11,94356435643564;8,423762376237624;20,35188119108911;353,627751196172;0,2108768035516093;0,1613264620210621;47252,60138888889;0,1401;0,1374045801526717;0,0200000000000000;0,355000000000000;46,77;3,10;46,76;1,12;15,08709677419355;41,7500000000000;4,140;0,71;-18,763333333333701;-2,56;38,63;264,19999999999902;12,527;1,43;14,856666666666600;14,03;39,12;456,799999999999
6;B;G.v.;Forbs;P;14,6474771320000;3,686001156000000;0,03563874887382239;2,143714136671883;11,93366336633663;8,13762376237624;3,796039603960397;11,92513861386139;277,577777777778;0,2159568086382724;0,1273764258555133;28573,44029850746;0,1647;0,1642156862745098;0,0000000000000000;0,598000000000000;47,45;5,23;45,48;2,02;9,07265774378585;22,5148514851485;2,419;1,92;-42,293333333333102;-2,19;43,39;289,39999999999998;8,713;3,25;-12,843333333333300;42,91;40,46;809,599999999999
7;B;C.r.;Forbs;P;16,5581450680000;2,609317873800000;0,04535337956673106;5,686315789473685;6,28910891089109;5,34851485148515;0,940594059405940;6,28093069306931;324,875531914894;0,1893634165995165;0,0735594605639559;46600,34444444445;0,1685;0,0962566844919786;0,0599999999999999;0,449000000000000;47,74;6,44;47,46;2,59;7,41304347826087;18,3243243243243;0,560;1,88;-65,706666666666095;-1,93;45,05;301,89999999999901;5,047;3,47;-8,099999999999770;48,06;40,62;853,299999999999
8;B;P.l.;Forbs;P;14,2180382000000;2,212373949200000;0,01801760965838303;4,268031189083820;16,05445544554455;13,00693069306931;3,047524752475248;16,00594059405941;251,681977671451;0,1357730619315721;0,1176470588235294;14525,59166666667;0,2435;0,1479198767334360;0,5700000000000001;0,693000000000000;46,16;3,37;46,53;1,14;13,69732937685460;40,8157894736842;3,802;0,67;-51,829999999999899;-20,50;44,55;109,99999999999901;10,242;1,47;1,496666666666590;10,70;40,32;441,600000000000
9;B;C.n.;Forbs;P;17,8008681800000;2,639921148500000;0,02294898024230276;0,768221443336029;19,48019801980198;8,46336633663366;11,016831683168316;19,40375247524752;237,493640897756;0,1622988970960235;0,1680040120361083;4471,43816631130;0,3281;0,2643742953776775;0,3513513513513514;0,583000000000000;45,59;3,39;42,71;0,91;13,44837758112094;46,9340659340659;3,232;1,06;-44,626666666666701;-19,47;43,04;68,00000000000141;7,131;1,92;-7,293333333333600;-2,71;38,71;253,200000000000
10;B;R.a.;Forbs;P;16,9124991380000;1,911612323600000;0,01169712775997537;0,724531655955149;24,97326732673267;10,49207920792079;14,481188118811881;24,92918811881188;348,917157490397;0,0979126183163042;0,1930343354690323;7222,61361702128;0,2365;0,3150134048257373;0,0000000000000000;NA;44,00;4,49;47,76;0,97;9,79955456570156;49,2371134020619;6,142;0,70;-9,979999999999990;-12,89;43,99;142,90000000000100;15,683;1,73;10,426666666666900;1,26;36,49;302,800000000001
11;B;M.a.;Leg;P;31,2841893010000;NA;0,06874415267660818;1,472212043483571;20,03960396039604;11,93366336633663;8,105940594059408;19,95732672970297;188,351824817518;0,1974917111143146;0,0910736508654825;10408,91180124224;0,3463;0,1020278833967047;0,1224489795918368;0,575000000000000;39,44;4,41;40,94;2,94;8,94331065759637;13,9251700680272;1,511;2,65;1,130000000000300;19,09;40,57;541,80000000000098;4,029;3,21;-11,863333333333401;27,71;38,07;638,300000000000
12;B;T.p.;Leg;P;19,6667723720000;1,464074896400000;0,02608385877718541;2,267036124794745;15,75940594059406;10,93564356435644;4,823762376237624;15,71693069603960;334,240072202166;0,2061932410302219;0,1007133864876206;14641,55333333333;0,2702;0,1191658391261172;0,4300000000000001;0,515000000000000;48,76;6,41;45,91;2,97;7,60686427457098;15,4579124579125;1,321;2,17;-0,560000000000005;-7,54;43,01;247,90000000000100;5,399;2,79;-0,306666666666788;16,37;39,23;508,800000000000
13;B;L.c.;Leg;P;15,5718944040000;7,608693584200000;0,02603508333651946;2,318941730238598;20,24554455445545;14,14554455445545;6,100000000000000;20,22315841584158;243,888888888889;0,1753143261908978;0,1056537648817193;7700,13414634146;0,3466;0,1376762928139691;0,2000000000000001;0,564000000000000;42,86;4,64;47,94;2,72;9,23706896551724;17,6250000000000;1,689;3,41;0,283333333333524;17,37;44,11;517,60000000000002;3,885;2,75;-3,416666666666850;31,12;39,92;642,400000000001
14;B;M.s.;Leg;P;26,9632245420000;2,865409398800000;0,01870449800313078;1,404874382649775;22,17722772277228;12,95544554455446;9,221782178217822;22,12371286831683;311,668666666667;0,1974203737825743;0,1117662589104990;8241,62440944882;0,3458;0,1291963377416073;0,0978260869565217;0,627000000000000;44,62;5,74;45,04;2,75;7,77351916376307;16,3781818181818;0,677;2,04;-2,473333333333220;7,15;42,98;387,93846153846198;4,531;2,96;-1,430000000000040;39,22;39,24;743,684615384614
15;B;T.r.;Leg;P;52,7801985840000;5,376520459800000;0,03356965167930313;2,537020905923345;8,04059405940594;5,76732673267327;2,273267326732674;8,03589504950495;387,259428571429;0,1372333751568381;0,0731050404001539;13894,13157894737;0,3131;0,0935039370078740;0,0000000000000000;0,699000000000000;47,28;6,70;44,93;3,55;7,05671641791045;12,6563380281690;3,700;2,50;1,993333333333290;12,50;35,41;446,43846153846101;8,108;3,39;1,973333333333270;30,60;38,15;649,584615384615
17;B;F.o.;Grass;P+L;20,0631536800000;0,285480690900000;0,01351638906795581;1,859845559845560;14,66732673267327;9,53861386138614;5,128712871287129;14,64792079207920;176,948611111111;0,2312881464824927;0,1099055444362513;21165,22204472843;0,1763;0,1935683364254793;0,4400000000000001;0,595000000000000;47,45;4,27;46,20;1,35;11,11241217798595;34,2222222222222;392,011;1,14;1396,756666666670071;52,72;40,86;909,80000000000098;130,405;3,00;446,029999999999973;53,96;41,60;924,300000000000
18;B;A.o.;Grass;P+L;11,9652147800000;0,634623900000000;0,02900299616693706;1,646964555052790;27,80099009900990;17,29801980198020;10,502970297029702;27,77610891089109;241,017919075145;0,2499638780523046;0,1164846593863754;28508,09151785714;0,1688;0,1567529741077677;0,0400000000000000;0,388000000000000;47,98;2,67;46,51;1,09;17,97003745318352;42,6697247706422;384,499;0,81;1364,933333333329983;-10,08;33,41;165,09999999999999;285,586;1,58;1011,679999999999950;9,18;40,24;383,500000000001
19;B;D.g.;Grass;P+L;15,0422459560000;0,852556110600000;0,01345811441688677;1,227652512303995;19,27029702970297;10,61980198019802;8,650495049504951;19,24603960396040;290,348842592593;0,2083936324167873;0,1186340140666045;25271,13642857143;0,1722;0,1699029126213593;0,0400000000000000;0,402000000000000;47,42;4,34;42,78;1,05;10,92626728110599;40,7428571428571;99,814;1,06;336,649999999999977;-12,90;40,17;175,80000000000200;125,108;2,22;427,160000000000025;40,00;39,74;792,200000000001
20;B;H.l.;Grass;P+L;5,7582645804000;1,375474503400000;0,05902648960004384;1,501915708812261;24,56831683168317;14,74851485148515;9,819801980198021;24,55287129009901;394,239436619718;0,2029441189081035;0,1553249729454453;30359,86803278689;0,1517;0,1823617339312406;0,0300000000000000;0,358000000000000;46,05;2,89;47,73;1,04;15,93425605536332;45,8942307692308;160,258;0,97;550,666666666666970;-11,94;44,48;161,59999999999999;157,775;1,58;544,626666666667006;12,62;38,80;441,399999999998
21;B;G.v.;Forbs;P+L;25,2079493060000;4,356469900600000;0,02771378723877134;1,430381857595464;14,43069306930693;8,49306930693069;5,937623762376237;14,42216831683168;230,490697674419;0,2047619047619048;0,1382906370437542;18325,12909836066;0,1764;0,2232387923147301;0,0300000000000000;0,660000000000000;46,56;4,89;45,72;1,82;9,52147239263804;25,1208791208791;118,336;1,56;380,566666666667004;-4,47;43,93;264,50000000000102;136,539;2,79;453,416666666667027;13,67;39,66;490,100000000000
23;B;P.l.;Forbs;P+L;21,7934317960000;2,113924416400000;0,02008114905616120;3,018259735420159;21,35247524752475;16,03861386138614;5,313861386138615;21,30396039603960;258,943352601156;0,1260381757249016;0,1101737597582473;14921,32514285715;0,3038;0,0924458531431590;0,5555555555555557;0,640000000000000;46,34;3,80;46,32;1,49;12,19473684210526;31,0872483221477;155,184;1,40;500,339999999999975;-9,70;44,48;228,09999999999999;120,945;2,13;405,316666666665981;23,67;44,79;583,399999999998
24;B;C.n.;Forbs;P+L;11,9073755440000;3,499590942800000;0,02091481352319578;0,849461659663866;27,89207920792079;12,81089108910891;15,081188118811880;27,81563366336633;195,547300000000;0,1816563425311995;0,1506591337099812;8290,33125000000;0,2181;0,3228410008071025;0,3200000000000000;0,746000000000000;46,37;3,54;45,27;1,11;13,09887005649717;40,7837837837838;145,386;1,27;473,903333333333990;-12,62;44,16;142,90000000000100;80,871;1,83;261,746666666667011;-2,83;39,96;251,900000000000
25;B;R.a.;Forbs;P+L;13,7561690660000;2,128494750800000;0,01589716215719019;0,620769424189087;31,90990099009901;12,22178217821782;19,688118811881186;31,86582178217822;319,057497181511;0,1002373149508419;0,1824085005903188;6430,21229773463;0,3558;0,1563765182186235;0,0000000000000000;0,451000000000000;43,95;4,12;47,67;1,15;10,66747572815534;41,4521739130435;117,538;0,72;396,389999999999986;5,04;43,82;339,00000000000000;170,447;1,91;574,866666666667015;1,92;36,66;309,900000000001
26;B;M.a.;Leg;P+L;26,8153328700000;2,210390232600000;0,02437990390408073;1,260490282685512;20,26831683168317;11,30198019801980;8,966336633663365;20,18603960099010;221,403743315508;0,1994241228537912;0,1267353149622712;9147,13980263158;0,2748;0,1843541540327471;0,1444444444444445;0,519000000000000;41,04;4,09;43,30;3,05;10,03422982885086;14,1967213114754;76,720;2,60;275,540000000000020;11,30;39,34;456,60000000000002;58,211;2,89;185,836666666667014;1,37;38,64;350,400000000000
27;B;T.p.;Leg;P+L;22,5245383920000;1,657118685400000;0,02350389467880229;2,507478825013516;19,27029702970297;13,77623762376238;5,494059405940593;19,22782178514852;281,095477386935;0,2188015393073117;0,1156094581624640;10773,09056603774;0,2792;0,1516018306636156;0,2100000000000000;0,659000000000000;47,56;5,37;46,18;2,41;8,85661080074488;19,1618257261411;75,538;2,40;270,230000000000018;25,17;43,79;605,39999999999998;62,494;2,45;208,013333333333009;9,75;40,11;436,500000000000
28;B;L.c.;Leg;P+L;19,5326776100000;2,333866885200000;0,02864638091722918;1,222630916658600;22,73465346534654;12,50594059405941;10,228712871287128;22,71226732673268;220,681052631579;0,1938379922464803;0,1096947725412232;5327,97931769723;0,3848;0,1614457831325301;0,2700000000000001;0,609000000000000;44,47;3,91;46,97;2,51;11,37340153452685;18,7131474103586;98,195;2,80;352,363333333334026;35,14;43,22;711,79999999999995;90,204;2,74;311,503333333332989;22,57;40,98;548,900000000001
29;B;M.s.;Leg;P+L;17,3590290920000;1,762239643200000;0,01953317829440872;1,436510103768433;17,66831683168317;10,41683168316832;7,251485148514851;17,61480197722772;NA;0,2117751413682226;0,1374552887072049;7304,83048327137;0,3276;0,1624396135265701;0,0600000000000000;0,731000000000000;43,17;4,94;43,93;2,61;8,73886639676113;16,8314176245211;163,124;2,12;590,036666666666974;-15,53;44,59;139,83846153846201;136,155;2,43;478,699999999999989;19,62;39,62;529,584615384615
30;B;T.r.;Leg;P+L;30,0031302900000;2,497913837800000;0,01794000898392924;3,841242073037394;21,91980198019802;17,39207920792079;4,527722772277228;21,91510297029703;363,080717488789;0,1563705210013323;0,1181721038405934;7869,88351063830;0,3060;0,1727941176470588;0,2100000000000000;0,619000000000000;45,30;5,57;46,56;2,85;8,13285457809695;16,3368421052632;134,280;2,90;478,323333333332982;-4,17;43,98;264,03846153846098;98,427;2,87;331,473333333333983;-0,51;36,43;309,484615384614
1;C;N.s.;Grass;P;12,0842750030000;3,118333773500000;0,00411498956068877;3,283971392511570;4,71435185185185;3,61388888888889;1,100462962962963;4,69861111388889;165,800000000000;0,3418803418803419;0,1616031027795733;9673,10666666667;0,2507;0,2094972067039106;0,0600000000000000;0,688000000000000;45,69;3,56;46,12;1,63;12,83426966292135;28,2944785276074;23,935;1,42;43,086666666666801;-6,35;36,56;212,59999999999800;2,852;2,85;-36,769999999999897;40,34;41,06;727,900000000001
2;C;F.o.;Grass;P;21,7200775180000;1,335032710600000;0,02862734553008929;1,453421926910299;17,09444444444444;10,12685185185185;6,967592592592592;17,07629629629630;144,435185185185;0,2847350382283153;0,1227219733693318;20426,70250000000;0,1848;0,1824817518248175;0,0600000000000000;0,358000000000000;46,55;2,57;48,64;1,52;18,11284046692607;32,0000000000000;16,925;1,03;29,896666666666700;-3,32;33,18;297,30000000000001;4,092;2,08;-14,739999999999799;-7,37;39,60;254,099999999999
3;C;A.o.;Grass;P;14,0410971860000;1,369665926800000;0,03131813449817326;1,636099735628013;23,54305555555555;14,61203703703704;8,931018518518519;23,51978703703704;250,351698113208;0,2443297068043518;0,1310698776154757;20046,73493975903;0,1837;0,1882086167800454;0,0500000000000001;0,559000000000000;47,03;2,21;47,24;1,04;21,28054298642534;45,4230769230769;17,322;0,82;26,843333333333401;-6,26;43,17;206,90000000000100;2,843;1,38;-19,140000000000299;5,26;39,85;340,700000000000
4;C;D.g.;Grass;P;14,9975404860000;1,003799922600000;0,01638132786898396;2,650337614193035;12,76435185185185;9,26759259259259;3,496759259259260;12,74166666666667;342,497643097643;0,1983305509181970;0,1315212626041210;26767,79583333333;0,1590;0,1880877742946708;0,0500000000000001;0,331000000000000;47,58;3,63;47,55;1,59;13,10743801652893;29,9056603773585;15,496;1,09;29,049999999999901;-8,99;40,98;218,50000000000099;4,015;1,87;-14,569999999999901;19,46;40,59;567,700000000000
5;C;H.l.;Grass;P;8,7882190638000;0,402806772600000;0,03016137356289313;1,509846827133479;24,42685185185185;14,69444444444445;9,732407407407408;24,41240741018519;356,397080291971;0,2266710787557909;0,1402846503086262;24326,52400000000;0,1678;0,1859364435429344;0,1176470588235294;0,341000000000000;45,96;2,31;48,24;1,10;19,89610389610390;43,8545454545455;21,463;0,84;44,456666666666798;-12,46;43,75;155,90000000000001;3,002;1,63;-19,903333333333201;-7,30;39,93;223,499999999999
6;C;G.v.;Forbs;P;16,2432651880000;3,848520095000000;0,02984152734850635;1,808017160477276;9,69675925925926;6,24351851851852;3,453240740740741;9,68878703703704;250,238095238095;0,1910828025477707;0,1260888396939218;22268,40152671756;0,1719;0,1933579335793358;0,0875000000000000;0,677000000000000;46,82;4,39;46,33;1,84;10,66514806378132;25,1793478260870;35,493;1,65;78,396666666666903;16,42;43,75;492,90000000000100;5,460;2,76;-24,723333333333500;57,07;40,47;964,299999999998
7;C;C.r.;Forbs;P;14,3109718020000;1,959126734600000;0,02912718514342955;3,546586193889098;5,58009259259259;4,35277777777778;1,227314814814815;5,57244444444444;336,264705882353;0,1833872707659115;0,1237605308283009;14679,19578313253;0,1907;0,2385057471264368;0,0103092783505155;0,356000000000000;45,78;4,94;47,38;2,61;9,26720647773279;18,1532567049808;53,200;1,97;126,373333333332994;-14,36;43,52;165,89999999999901;7,601;3,98;1,220000000000110;24,74;38,00;598,500000000000
8;C;P.l.;Forbs;P;12,7511880500000;1,965479455200000;0,04361221187545401;3,341456282288722;20,61990740740741;15,87037037037037;4,749537037037038;20,57453703703704;182,639165009940;0,1448920511010932;0,1068009518012285;16329,17512953368;0,2253;0,1536624203821656;0,0510204081632653;0,408000000000000;42,37;2,43;48,08;1,65;17,43621399176955;29,1393939393939;45,396;1,03;99,949999999999804;-12,08;43,83;202,09999999999800;3,657;1,34;-22,543333333333599;-3,03;40,01;291,500000000000
9;C;C.n.;Forbs;P;13,5440854620000;1,495809818800000;0,04348402834089184;0,822941677639222;21,79259259259259;9,83796296296296;11,954629629629627;21,72110185185185;182,934924623116;0,1727318099950090;0,1459072351248243;7622,02545871560;0,2853;0,2051764705882353;0,4269662921348315;0,560000000000000;43,96;2,28;47,51;1,20;19,28070175438597;39,5916666666667;39,702;0,70;88,453333333333703;-12,63;41,98;142,80000000000101;4,780;1,71;-15,873333333333299;4,28;37,14;329,600000000001
10;C;R.a.;Forbs;P;15,7961464800000;1,783094163400000;0,01726086225121128;0,467789181816149;30,38935185185185;9,68518518518518;20,704166666666669;30,34812962962963;311,578421578422;0,1048442000523697;0,2006973001966744;7810,57082405345;0,2350;0,2952005259697568;NA;NA;40,18;2,49;49,11;0,94;16,13654618473895;52,2446808510638;16,541;0,57;27,969999999999899;-14,64;43,63;123,70000000000000;6,745;1,35;-22,193333333333499;-5,73;36,79;226,300000000002
11;C;M.a.;Leg;P;25,2551518320000;1,906229173400000;0,05400923798404012;0,924327027252271;21,37962962962963;10,26944444444444;11,110185185185186;21,30268518240741;172,953040540541;0,2047451061769385;0,1757379906321484;4818,54979338843;0,3423;0,2255358807082945;0,2555555555555555;0,504000000000000;37,70;2,81;45,94;3,99;13,41637010676157;11,5137844611529;1,267;2,56;0,240000000000240;0,42;42,73;337,70000000000101;0,262;2,72;-25,613333333333600;3,33;37,76;371,800000000000
12;C;T.p.;Leg;P;22,9950901740000;1,792546969200000;0,05833103758708308;1,732586528795059;17,61759259259259;11,17037037037037;6,447222222222224;17,57787037314815;332,248991354467;0,1999539011178979;0,1073459905471441;11343,27462686567;0,2946;0,1293436293436293;0,1100000000000000;0,558000000000000;46,54;4,34;47,97;3,58;10,72350230414747;13,3994413407821;2,102;2,10;2,289999999999790;-5,61;42,89;268,90000000000100;1,334;2,68;-15,136666666666899;-1,98;39,70;308,200000000001
13;C;L.c.;Leg;P;14,5233067060000;NA;0,03766898704284200;1,753300367463594;28,09768518518518;17,89259259259259;10,205092592592592;28,07675000000000;239,502500000000;0,1645075056549455;0,1230206296132736;7078,62717948718;0,3351;0,1602300739523418;0,4499999999999999;0,809000000000000;43,10;3,99;47,88;3,36;10,80200501253133;14,2500000000000;0,427;2,58;-4,316666666666640;-8,93;42,05;230,00000000000099;0,594;3,06;-15,426666666666900;5,77;40,18;365,200000000001
14;C;M.s.;Leg;P;17,8576937660000;1,685246674800000;0,03228813140350224;1,136371634699982;22,48333333333333;11,95925925925926;10,524074074074074;22,43328703425926;284,686928104575;0,2194807057810931;0,1620883178260227;5418,43166287016;0,3365;0,2074669187145557;0,0200000000000000;0,666000000000000;41,87;3,81;47,21;3,01;10,98950131233596;15,6843853820598;2,677;1,95;4,826666666666870;-8,54;43,59;216,33846153846099;1,002;2,40;-14,310000000000199;17,11;40,00;502,084615384615
15;C;T.r.;Leg;P;21,3256420080000;1,689697691100000;0,07253380216421450;2,792635983263598;10,49120370370370;7,72500000000000;2,766203703703704;10,48680925925926;381,529411764706;0,1395845307496510;0,0994318181818182;9488,81336405530;0,3224;0,1290898274836407;0,5299999999999999;0,477000000000000;45,80;5,34;46,82;3,84;8,57677902621723;12,1927083333333;3,741;2,60;2,143333333333160;-14,83;42,40;147,53846153846101;1,753;3,17;-21,226666666666599;7,91;37,22;401,584615384614
17;C;F.o.;Grass;P+L;23,7930707840000;2,177903466800000;0,06024934914554274;2,201842210652783;14,80555555555556;10,18148148148148;4,624074074074075;14,78740740740741;137,457142857143;0,2545454545454546;0,1389262829142211;20839,58449612403;0,1751;0,1993817619783617;0,3700000000000002;0,466000000000000;47,07;2,50;46,55;1,67;18,82800000000000;27,8742514970060;105,320;1,01;352,356666666667024;1,30;44,31;347,90000000000100;120,119;2,14;408,519999999999982;15,30;41,53;502,000000000000
18;C;A.o.;Grass;P+L;14,6319182960000;0,767517496800000;0,03445235733999306;1,573312695495147;36,94490740740741;22,58796296296296;14,356944444444444;36,92163888888889;265,039423076923;0,2535348610433935;0,1595548223475242;19289,31111111111;0,1885;0,1857798165137615;0,0800000000000000;0,426000000000000;47,87;2,50;47,39;0,95;19,14800000000000;49,8842105263158;541,208;0,80;1934,923333333329992;9,72;42,96;381,69999999999999;325,280;1,31;1156,220000000000027;9,36;41,00;385,500000000001
19;C;D.g.;Grass;P+L;17,8820269700000;2,317818211400000;0,03567013563913632;2,116088328075710;13,71944444444444;9,31666666666667;4,402777777777778;13,69675925925926;282,790600000000;0,2136386942403008;0,1492929217149931;18248,58894472362;0,1794;0,2167755991285403;0,3500000000000001;0,371000000000000;45,90;2,74;47,29;1,22;16,75182481751825;38,7622950819672;110,049;0,88;373,970000000000027;3,26;43,29;352,50000000000000;106,627;1,68;359,769999999999982;10,50;39,03;469,800000000000
20;C;H.l.;Grass;P+L;13,4394322980000;0,819760832600000;0,05675847669915545;1,472475048647292;18,23564814814815;10,86018518518519;7,375462962962962;18,22120370648149;384,583446474359;0,2061310782241015;0,1491618524481485;26190,36031746032;0,1654;0,1777652370203160;0,4700000000000001;0,430000000000000;45,88;2,74;47,80;1,08;16,74452554744526;44,2592592592593;400,221;0,75;1424,636666666669953;-22,97;45,92;40,89999999999930;215,651;1,80;755,566666666666947;12,54;39,95;440,499999999999
21;C;G.v.;Forbs;P+L;18,8691478560000;3,355038473300000;0,05185218700464680;1,534808667588751;15,27222222222222;9,24722222222222;6,024999999999999;15,26425000000000;226,696000000000;0,2027575020275750;0,1454891994917408;16756,77554585153;0,1834;0,2258382642998028;0,0202020202020202;0,546000000000000;45,21;2,98;45,74;1,71;15,17114093959732;26,7485380116959;134,175;1,41;438,326666666666995;-15,78;41,34;140,80000000000101;112,100;2,32;364,306666666667013;0,53;38,65;346,399999999998
23;C;P.l.;Forbs;P+L;13,2624628620000;2,017553740000000;0,03510417634710798;3,556489262371616;18,07407407407407;14,10740740740741;3,966666666666666;18,02870370370371;229,156554712893;0,1432340161390441;0,1178669712861519;13967,93744493392;0,2301;0,1722306525037936;0,1700000000000000;0,620000000000000;45,29;2,55;47,37;1,40;17,76078431372549;33,8357142857143;75,417;0,94;209,469999999999999;-11,67;43,99;206,59999999999900;103,457;1,74;341,546666666667022;2,31;38,71;349,899999999999
24;C;C.n.;Forbs;P+L;19,1923280730000;2,315345693600000;0,03088448204948684;0,923213272830403;25,11574074074074;12,05648148148148;13,059259259259260;25,04425000000000;216,275246440307;0,1425337600499571;0,1675769191627939;5796,07753036437;0,2997;0,2446755819712729;0,4899999999999999;0,739000000000000;43,37;2,41;46,15;0,90;17,99585062240664;51,2777777777778;127,274;0,83;407,863333333334026;-24,04;43,36;18,00000000000020;108,594;1,69;362,856666666667024;15,72;39,96;454,800000000000
25;C;R.a.;Forbs;P+L;17,6606826740000;1,664629403200000;0,03442951844824071;0,479012973798016;32,30000000000000;10,46111111111111;21,838888888888889;32,25877777777778;347,559111791730;0,0981453091652388;0,1394169835234474;10992,33577712610;0,2210;0,2371349095966621;NA;0,608000000000000;44,62;3,33;48,81;1,18;13,39939939939940;41,3644067796610;249,163;0,57;876,129999999999995;-3,47;44,68;245,90000000000100;301,813;1,70;1053,476666666670098;-4,77;36,42;236,800000000001
26;C;M.a.;Leg;P+L;38,0763415400000;2,601449692400000;0,03855266353702497;0,942962848774472;23,34074074074074;11,32777777777778;12,012962962962964;23,26379629351852;233,373267326733;0,1823104693140794;0,1332989889883444;7889,62898550725;0,3333;0,1452631578947368;0,6200000000000000;0,697000000000000;41,33;3,88;46,69;4,03;10,65206185567010;11,5856079404466;46,129;3,04;163,939999999999998;12,32;42,60;467,80000000000001;55,191;3,18;174,816666666666009;20,31;38,78;557,400000000001
27;C;T.p.;Leg;P+L;17,9550971320000;1,893488306400000;0,06908498734001878;3,094850603941512;29,82037037037037;22,53796296296296;7,282407407407408;29,78064815092592;335,526027397260;0,2106782106782107;0,1253842025662292;10481,79066147860;0,2755;0,1600249066002491;0,1900000000000000;0,499000000000000;46,51;4,80;47,17;3,69;9,68958333333333;12,7831978319783;63,975;2,22;228,050000000000011;-11,95;44,42;199,59999999999999;51,813;2,88;169,053333333333001;17,80;40,78;524,499999999999
28;C;L.c.;Leg;P+L;14,0385092230000;1,505742851500000;0,05063167287162398;1,218831467566324;26,79444444444444;14,71851851851852;12,075925925925926;26,77350925925926;222,631858407080;0,2035669248784003;NA;4245,12220077220;0,4057;0,1822018994020401;0,3400000000000001;0,702000000000000;43,05;3,29;46,04;3,34;13,08510638297872;13,7844311377246;57,780;2,38;204,953333333334001;8,93;42,04;425,30000000000200;54,711;2,71;182,033333333332990;8,51;40,66;395,200000000000
29;C;M.s.;Leg;P+L;15,0060558160000;2,733311361400000;0,05073467320384720;1,169917401263275;28,94629629629630;15,60648148148148;13,339814814814815;28,89624999722222;293,986335403727;0,2129629629629630;0,1152819351185179;8534,17157894737;0,3253;0,1410192973775359;0,1000000000000000;0,565000000000000;42,67;4,08;46,94;3,64;10,45833333333333;12,8956043956044;40,484;2,42;142,786666666667003;11,11;43,03;431,23846153846102;52,689;2,70;174,289999999999992;26,35;40,56;603,084615384615
30;C;T.r.;Leg;P+L;24,9649882740000;1,705919128400000;0,05647166524775015;2,677974913888347;26,20046296296296;19,07685185185185;7,123611111111111;26,19606851851852;317,943750000000;0,1686933295845927;0,1212546667092122;8171,44947368421;0,3000;0,1731996353691887;0,3200000000000000;0,534000000000000;47,74;4,77;48,30;3,24;10,00838574423480;14,9074074074074;140,663;1,89;501,593333333333021;-25,46;44,13;31,23846153846090;102,582;2,79;346,623333333334017;-16,31;40,05;136,684615384615
