"Numero","Bloc","Sp","mod","gf","Weight","Delta15N","AtomPer15N","N_amount","NperMS","Delta13C","AtomPer13C","C_amount","CperMS","APE15N","APE13C"
"1","A","N.s.","P","Grass",2.244,2.924,0.36737,13.12,0.58,-28.32,1.07468,151.4,6.75,-3.33833333333367,2.23333333333464
"2","A","F.o.","P","Grass",1.919,2.551,0.367234,12,0.63,-28.65,1.07432,133.53,6.96,-4.69833333333336,-1.36666666666674
"3","A","A.o.","P","Grass",2.327,2.868,0.367349,12.96,0.56,-28.72,1.07425,149.91,6.44,-3.5483333333336,-2.06666666666688
"4","A","D.g.","P","Grass",1.212,2.966,0.367385,12.68,1.05,-28.63,1.07435,141.96,11.71,-3.18833333333324,-1.06666666666699
"5","A","H.l.","P","Grass",1.84,3.383,0.367537,10.23,0.56,-28.31,1.07469,113.71,6.18,-1.66833333333338,2.33333333333308
"6","A","G.v.","P","Forb",1.937,2.812,0.367329,11.22,0.58,-28.63,1.07434,125.72,6.49,-3.74833333333324,-1.16666666666543
"7","A","C.r.","P","Forb",2.107,2.136,0.367082,14.49,0.69,-28.97,1.07398,161.19,7.65,-6.21833333333321,-4.76666666666681
"8","A","P.l.","P","Forb",1.798,2.419,0.367186,11.01,0.61,-28.52,1.07446,124.64,6.93,-5.17833333333328,0.0333333333335517
"9","A","C.n.","P","Forb",1.902,2.155,0.367089,12.08,0.64,-28.73,1.07423,131.26,6.9,-6.14833333333342,-2.26666666666597
"10","A","R.a.","P","Forb",2.208,2.386,0.367174,15.07,0.68,-28.78,1.07417,167.11,7.57,-5.2983333333334,-2.86666666666546
"11","A","M.a.","P","Legumes",1.999,24.904,0.375391,13.33,0.67,-28.25,1.07476,147.46,7.38,76.8716666666663,3.03333333333322
"12","A","T.p.","P","Legumes",1.802,3.052,0.367417,10.8,0.6,-28.13,1.07489,119.25,6.62,-2.86833333333347,4.33333333333286
"13","A","L.c.","P","Legumes",2.093,2.846,0.367341,12.4,0.59,-28.36,1.07464,141.02,6.74,-3.62833333333368,1.83333333333424
"14","A","M.s.","P","Legumes",1.996,2.413,0.367183,12.4,0.62,-28.7,1.07427,131.34,6.58,-5.20833333333359,-1.86666666666557
"15","A","T.r.","P","Legumes",2.228,2.296,0.367141,11.05,0.5,-28.53,1.07445,122.17,5.48,-5.62833333333346,-0.0666666666671034
"17","A","F.o.","P+L","Grass",1.916,18.893,0.373197,11.84,0.62,-28.51,1.07448,133.73,6.98,54.9316666666666,0.233333333334862
"18","A","A.o.","P+L","Grass",1.919,42.309,0.381741,13.94,0.73,-28.12,1.0749,155.22,8.09,140.371666666667,4.43333333333351
"19","A","D.g.","P+L","Grass",2.113,37.734,0.380072,16.05,0.76,-28.5,1.07448,181.17,8.57,123.681666666667,0.233333333334862
"20","A","H.l.","P+L","Grass",2.087,62.754,0.3892,16.92,0.81,-28.89,1.07406,193.86,9.29,214.961666666667,-3.96666666666601
"21","A","G.v.","P+L","Forb",2.159,30.008,0.377253,13.72,0.64,-28.52,1.07447,158.01,7.32,95.4916666666666,0.133333333334207
"23","A","P.l.","P+L","Forb",1.826,21.176,0.374031,12.24,0.67,-28.06,1.07497,152.94,8.38,63.2716666666666,5.13333333333366
"24","A","C.n.","P+L","Forb",2.192,29.321,0.377003,11.77,0.54,-28.43,1.07456,135.78,6.19,92.9916666666664,1.03333333333344
"25","A","R.a.","P+L","Forb",1.815,34.245,0.378799,8.87,0.49,-28.1,1.07492,99.03,5.46,110.951666666667,4.63333333333482
"26","A","M.a.","P+L","Legumes",2.109,27.826,0.376457,12.31,0.58,-28.49,1.07449,140.73,6.67,87.5316666666665,0.333333333333297
"27","A","T.p.","P+L","Legumes",2.228,26.487,0.375969,12.13,0.54,-28.51,1.07448,141.69,6.36,82.6516666666666,0.233333333334862
"28","A","L.c.","P+L","Legumes",2.061,37.133,0.379853,12.27,0.6,-28.42,1.07458,137.76,6.68,121.491666666667,1.23333333333475
"29","A","M.s.","P+L","Legumes",1.971,14.688,0.371663,13.08,0.66,-28.71,1.07426,146.41,7.43,39.5916666666668,-1.96666666666623
"30","A","T.r.","P+L","Legumes",2.136,38.826,0.380471,12,0.56,-28.23,1.07478,139.97,6.55,127.671666666667,3.23333333333453
"32","A","F.o.","L","Grass",2.166,25.606,0.375647,11.47,0.53,-28.62,1.07436,129.24,5.97,79.4316666666667,-0.966666666666338
"33","A","A.o.","L","Grass",1.841,45.306,0.382835,11.13,0.6,-28.65,1.07433,126.57,6.88,151.311666666666,-1.26666666666608
"34","A","D.g.","L","Grass",1.846,38.506,0.380354,10,0.54,-28.64,1.07433,112.23,6.08,126.501666666667,-1.26666666666608
"35","A","H.l.","L","Grass",1.99,30.147,0.377304,10.1,0.51,-28.43,1.07457,115.63,5.81,96.0016666666663,1.1333333333341
"36","A","G.v.","L","Forb",2.083,57.653,0.387339,11.61,0.56,-28.26,1.07474,133.51,6.41,196.351666666666,2.83333333333413
"38","A","P.l.","L","Forb",1.916,58.435,0.387625,11.67,0.61,-28.8,1.07416,129.4,6.75,199.211666666667,-2.96666666666612
"39","A","C.n.","L","Forb",2.145,30.187,0.377319,11.03,0.51,-28.54,1.07444,126.21,5.88,96.1516666666667,-0.166666666665538
"40","A","R.a.","L","Forb",1.85,34.311,0.378823,10.53,0.57,-28.82,1.07414,118.05,6.38,111.191666666667,-3.16666666666521
"41","A","M.a.","L","Legumes",1.936,41.702,0.38152,9.95,0.51,-28.58,1.0744,110.41,5.7,138.161666666667,-0.566666666665938
"42","A","T.p.","L","Legumes",2.177,28.215,0.376599,12.39,0.57,-28.79,1.07417,144.74,6.65,88.9516666666668,-2.86666666666546
"43","A","L.c.","L","Legumes",2.168,38.997,0.380533,12.05,0.56,-28.67,1.0743,139.23,6.42,128.291666666667,-1.56666666666583
"44","A","M.s.","L","Legumes",2.007,4.529,0.367956,11.47,0.57,-28.62,1.07436,132.4,6.6,2.52166666666664,-0.966666666666338
"45","A","T.r.","L","Legumes",1.881,4.863,0.368078,11.64,0.62,-28.76,1.0742,132.79,7.06,3.74166666666675,-2.56666666666572
"46","A",NA,"T","Temoins",1.942,4.463,0.367932,12.55,0.65,-28.33,1.07467,150.33,7.74,2.2816666666664,2.13333333333399
"47","A",NA,"T","Temoins",1.969,4.241,0.367851,10.53,0.53,-28.1,1.07492,131.66,6.69,1.47166666666643,4.63333333333482
"1","B","N.s.","P","Grass",1.999,4.312,0.367877,11.12,0.56,-28.17,1.07485,130.06,6.51,1.73166666666669,3.93333333333468
"2","B","F.o.","P","Grass",2.199,3.942,0.367742,12.65,0.58,-28.23,1.07478,147.96,6.73,0.381666666666725,3.23333333333453
"3","B","A.o.","P","Grass",1.932,57.771,0.387383,11.39,0.59,-28.46,1.07453,136.42,7.06,196.791666666666,0.733333333333697
"4","B","D.g.","P","Grass",1.949,53.568,0.385849,11.56,0.59,-28.47,1.07452,140.33,7.2,181.451666666667,0.633333333333042
"5","B","H.l.","P","Grass",1.887,4.327,0.367882,12.4,0.66,-28.41,1.07459,153.21,8.12,1.78166666666646,1.33333333333319
"6","B","G.v.","P","Forb",2.124,4.298,0.367871,9.99,0.47,-28.3,1.07471,119.48,5.63,1.67166666666663,2.53333333333439
"7","B","C.r.","P","Forb",1.982,4.41,0.367912,9.74,0.49,-28.27,1.07474,118.28,5.97,2.08166666666676,2.83333333333413
"8","B","P.l.","P","Forb",1.963,4.345,0.367889,9.99,0.51,-28.51,1.07448,123.24,6.28,1.85166666666681,0.233333333334862
"9","B","C.n.","P","Forb",1.876,4.14,0.367814,11.62,0.62,-28.13,1.07489,142.2,7.58,1.10166666666633,4.33333333333286
"10","B","R.a.","P","Forb",2.05,4.481,0.367938,11.73,0.57,-27.82,1.07523,140.78,6.87,2.34166666666646,7.73333333333293
"11","B","M.a.","P","Legumes",1.922,4.414,0.367914,10.37,0.54,-28.54,1.07445,122.08,6.35,2.10166666666678,-0.0666666666671034
"12","B","T.p.","P","Legumes",1.818,4.113,0.367804,13.33,0.73,-28.07,1.07496,154.65,8.51,1.00166666666679,5.033333333333
"13","B","L.c.","P","Legumes",2.004,4.467,0.367933,10.02,0.5,-27.73,1.07533,122.51,6.11,2.29166666666669,8.73333333333282
"14","B","M.s.","P","Legumes",1.913,4.451,0.367927,10.31,0.54,-28.05,1.07498,124.58,6.51,2.23166666666663,5.23333333333431
"15","B","T.r.","P","Legumes",1.914,29.384,0.377026,12.17,0.64,-28.34,1.07466,146.94,7.68,93.2216666666663,2.03333333333333
"17","B","F.o.","P+L","Grass",2.24,21.527,0.374159,11.04,0.49,-28.1,1.07493,137.03,6.12,64.5516666666668,4.73333333333326
"18","B","A.o.","P+L","Grass",2.033,17.096,0.372542,10.34,0.51,-28.38,1.07462,122.79,6.04,48.3816666666664,1.63333333333293
"19","B","D.g.","P+L","Grass",2.086,42.097,0.381664,12.46,0.6,-28.52,1.07446,149.48,7.17,139.601666666667,0.0333333333335517
"20","B","H.l.","P+L","Grass",1.938,33.296,0.378453,11.04,0.57,-28.51,1.07447,131.33,6.78,107.491666666666,0.133333333334207
"21","B","G.v.","P+L","Forb",2.088,36.638,0.379673,11.42,0.55,-28.41,1.07459,134.56,6.44,119.691666666666,1.33333333333319
"23","B","P.l.","P+L","Forb",1.999,60.674,0.388442,11.98,0.6,-28.2,1.07481,142.68,7.14,207.381666666667,3.53333333333428
"24","B","C.n.","P+L","Forb",1.939,26.051,0.37581,10.91,0.56,-28.08,1.07495,130.05,6.71,81.0616666666664,4.93333333333457
"25","B","R.a.","P+L","Forb",1.995,4.644,0.367998,9.8,0.49,-28.29,1.07471,119.36,5.98,2.94166666666651,2.53333333333439
"26","B","M.a.","P+L","Legumes",1.893,17.147,0.37256,11.56,0.61,-27.86,1.07519,141.22,7.46,48.5616666666666,7.33333333333475
"27","B","T.p.","P+L","Legumes",1.878,32.766,0.37826,10.29,0.55,-28.13,1.07489,127.1,6.77,105.561666666666,4.33333333333286
"28","B","L.c.","P+L","Legumes",2.175,31.226,0.377698,9.92,0.46,-28.07,1.07496,125.33,5.76,99.9416666666664,5.033333333333
"29","B","M.s.","P+L","Legumes",2.114,32.495,0.378161,10.71,0.51,-28.75,1.07421,125.42,5.93,104.571666666667,-2.46666666666506
"30","B","T.r.","P+L","Legumes",1.99,63.123,0.389335,11.46,0.58,-28.47,1.07452,137.55,6.91,216.311666666666,0.633333333333042
"32","B","F.o.","L","Grass",1.79,47.759,0.38373,10.64,0.59,-28.45,1.07454,128.95,7.2,160.261666666667,0.833333333334352
"33","B","A.o.","L","Grass",2.208,30.503,0.377434,10.55,0.48,-28.52,1.07446,123.88,5.61,97.3016666666665,0.0333333333335517
"34","B","D.g.","L","Grass",1.999,61.498,0.388742,10.32,0.52,-28.32,1.07468,124.14,6.21,210.381666666666,2.23333333333464
"35","B","H.l.","L","Grass",1.816,24.824,0.375362,11.08,0.61,-28.47,1.07452,132.36,7.29,76.5816666666663,0.633333333333042
"36","B","G.v.","L","Forb",1.985,24.587,0.375275,11,0.55,-28.22,1.0748,129.81,6.54,75.7116666666669,3.43333333333362
"38","B","P.l.","L","Forb",1.978,37.983,0.380163,11.36,0.57,-27.66,1.0754,135.05,6.83,124.591666666666,9.43333333333296
"39","B","C.n.","L","Forb",2.215,35.703,0.379331,13.32,0.6,-28.64,1.07433,161.08,7.27,116.271666666666,-1.26666666666608
"40","B","R.a.","L","Forb",1.862,34.871,0.379028,10.98,0.59,-28.48,1.07451,129.58,6.96,113.241666666666,0.533333333334607
"41","B","M.a.","L","Legumes",1.977,24.336,0.375184,11.63,0.59,-28.66,1.07431,133.9,6.77,74.8016666666668,-1.46666666666517
"42","B","T.p.","L","Legumes",1.778,32.567,0.378187,13.94,0.78,-28.46,1.07453,157.5,8.86,104.831666666667,0.733333333333697
"43","B","L.c.","L","Legumes",2.232,43.344,0.382119,15.08,0.68,-28.67,1.0743,174.79,7.83,144.151666666666,-1.56666666666583
"44","B","M.s.","L","Legumes",1.895,23.418,0.374849,12.08,0.64,-28.63,1.07434,137.49,7.26,71.4516666666665,-1.16666666666543
"45","B","T.r.","L","Legumes",1.916,58.615,0.38769,10.74,0.56,-28.6,1.07438,124.93,6.52,199.861666666666,-0.766666666667248
"46","B",NA,"T","Temoins",2,5.035,0.36814,10.78,0.54,-28.5,1.07448,124.77,6.24,4.36166666666682,0.233333333334862
"47","B",NA,"T","Temoins",2.248,4.599,0.367981,16.21,0.72,-28.88,1.07407,181.4,8.07,2.77166666666662,-3.86666666666535
"1","C","N.s.","P","Grass",2.028,2.819,0.367332,12.29,0.61,-28.5,1.07449,146.7,7.23,-3.71833333333349,0.333333333333297
"2","C","F.o.","P","Grass",2.088,2.58,0.367244,9.68,0.46,-28.33,1.07468,115.72,5.54,-4.59833333333326,2.23333333333464
"3","C","A.o.","P","Grass",2.274,2.497,0.367214,13.19,0.58,-28.37,1.07463,159.12,7,-4.89833333333356,1.73333333333359
"4","C","D.g.","P","Grass",1.941,2.315,0.367148,9.54,0.49,-28.37,1.07462,115.71,5.96,-5.55833333333366,1.63333333333293
"5","C","H.l.","P","Grass",1.829,2.149,0.367087,8.78,0.48,-28.48,1.07451,104.07,5.69,-6.16833333333344,0.533333333334607
"6","C","G.v.","P","Forb",2.316,2.444,0.367195,10.93,0.47,-28.07,1.07496,134.54,5.81,-5.08833333333347,5.033333333333
"7","C","C.r.","P","Forb",2.384,2.503,0.367216,10.9,0.46,-28.46,1.07453,130.58,5.48,-4.87833333333354,0.733333333333697
"8","C","P.l.","P","Forb",1.999,2.846,0.367341,9.87,0.49,-28.43,1.07457,115.33,5.77,-3.62833333333368,1.1333333333341
"9","C","C.n.","P","Forb",2.183,2.846,0.367341,14.02,0.64,-28.71,1.07426,162.89,7.46,-3.62833333333368,-1.96666666666623
"10","C","R.a.","P","Forb",2.11,1.951,0.367015,9.85,0.47,-28.2,1.07482,115.95,5.5,-6.88833333333361,3.63333333333493
"11","C","M.a.","P","Legumes",2.149,2.308,0.367145,13.71,0.64,-28.48,1.07451,157.45,7.33,-5.58833333333342,0.533333333334607
"12","C","T.p.","P","Legumes",2.174,2.753,0.367307,10.75,0.49,-28.41,1.07459,127.71,5.87,-3.96833333333346,1.33333333333319
"13","C","L.c.","P","Legumes",2.323,2.487,0.36721,15.06,0.65,-28.8,1.07416,170.77,7.35,-4.9383333333336,-2.96666666666612
"14","C","M.s.","P","Legumes",2.156,2.512,0.36722,10.95,0.51,-28.4,1.0746,128.45,5.96,-4.8383333333335,1.43333333333384
"15","C","T.r.","P","Legumes",1.867,2.533,0.367227,9.6,0.51,-28.35,1.07465,116.7,6.25,-4.76833333333315,1.9333333333349
"17","C","F.o.","P+L","Grass",2.166,30.081,0.37728,10.89,0.5,-28.3,1.0747,127.37,5.88,95.7616666666666,2.43333333333373
"18","C","A.o.","P+L","Grass",1.922,49.601,0.384402,12.12,0.63,-28.21,1.07481,142.39,7.41,166.981666666667,3.53333333333428
"19","C","D.g.","P+L","Grass",2.203,21.14,0.374017,13.9,0.63,-28.48,1.0745,168.31,7.64,63.1316666666665,0.433333333333952
"20","C","H.l.","P+L","Grass",2.143,36.276,0.37954,12.31,0.57,-28.46,1.07453,143.57,6.7,118.361666666666,0.733333333333697
"21","C","G.v.","P+L","Forb",2.29,58.046,0.387483,11.43,0.5,-28.43,1.07456,136.6,5.97,197.791666666667,1.03333333333344
"23","C","P.l.","P+L","Forb",1.972,30.74,0.37752,10.45,0.53,-28.66,1.07431,120.44,6.11,98.1616666666668,-1.46666666666517
"24","C","C.n.","P+L","Forb",1.732,14.28,0.371514,10.3,0.59,-28.27,1.07474,117.35,6.78,38.1016666666667,2.83333333333413
"25","C","R.a.","P+L","Forb",1.878,32.926,0.378318,11.58,0.62,-28.39,1.0746,128.47,6.84,106.141666666666,1.43333333333384
"26","C","M.a.","P+L","Legumes",2.084,32.723,0.378244,12.18,0.58,-27.43,1.07566,151.62,7.28,105.401666666667,12.0333333333345
"27","C","T.p.","P+L","Legumes",2.051,36.787,0.379727,13.54,0.66,-28.45,1.07454,158.51,7.73,120.231666666666,0.833333333334352
"28","C","L.c.","P+L","Legumes",1.849,45.32,0.38284,10.64,0.58,-28.37,1.07463,121.11,6.55,151.361666666667,1.73333333333359
"29","C","M.s.","P+L","Legumes",1.943,26.641,0.376025,11.27,0.58,-26.97,1.07616,119.25,6.14,83.2116666666666,17.0333333333339
"30","C","T.r.","P+L","Legumes",2.233,39.444,0.380696,11.38,0.51,-28.66,1.07432,140.38,6.29,129.921666666666,-1.36666666666674
"32","C","F.o.","L","Grass",1.893,23.84,0.375003,11.06,0.58,-28.88,1.07407,124.13,6.56,72.9916666666663,-3.86666666666535
"33","C","A.o.","L","Grass",2.051,33.337,0.378468,12.2,0.59,-28.68,1.07429,138.43,6.75,107.641666666667,-1.66666666666648
"34","C","D.g.","L","Grass",2.184,34.609,0.378932,11.38,0.52,-28.49,1.07449,135.58,6.21,112.281666666667,0.333333333333297
"35","C","H.l.","L","Grass",2.071,38.619,0.380395,10.28,0.5,-28.45,1.07454,122.18,5.9,126.911666666666,0.833333333334352
"36","C","G.v.","L","Forb",2.223,43.165,0.382054,11.07,0.5,-28.33,1.07467,134.04,6.03,143.501666666667,2.13333333333399
"38","C","P.l.","L","Forb",2.362,72.564,0.392779,12.62,0.53,-28.59,1.07438,149.99,6.35,250.751666666666,-0.766666666667248
"39","C","C.n.","L","Forb",1.975,26.133,0.375839,11.53,0.58,-28.76,1.07421,131.61,6.66,81.3516666666664,-2.46666666666506
"40","C","R.a.","L","Forb",2.262,25.153,0.375482,11.09,0.49,-28.5,1.07449,131.25,5.8,77.7816666666664,0.333333333333297
"41","C","M.a.","L","Legumes",1.973,35.948,0.379421,11.37,0.58,-28.53,1.07446,132.74,6.73,117.171666666667,0.0333333333335517
"42","C","T.p.","L","Legumes",1.92,51.6,0.385131,11.59,0.6,-28.88,1.07407,128.34,6.68,174.271666666667,-3.86666666666535
"43","C","L.c.","L","Legumes",1.963,38.392,0.380312,11.54,0.59,-28.69,1.07428,132.95,6.77,126.081666666666,-1.76666666666714
"44","C","M.s.","L","Legumes",2.279,29.097,0.376921,13.11,0.58,-28.62,1.07435,151.31,6.64,92.1716666666667,-1.06666666666699
"45","C","T.r.","L","Legumes",2.12,44.392,0.382501,12.11,0.57,-28.57,1.07441,139.44,6.58,147.971666666666,-0.466666666665283
"46","C",NA,"T","Temoins",2.264,2.496,0.367214,13.05,0.58,-28.69,1.07428,149.5,6.6,-4.89833333333356,-1.76666666666714
"47","C",NA,"T","Temoins",1.882,2.198,0.367105,10.95,0.58,-28.65,1.07432,123.55,6.57,-5.98833333333326,-1.36666666666674
