Numero;Bloc;Sp;gf;mod;C_micro;N_micro;DIN;TDN;Respi_sol;pH;N_net_min;C_NF;C_F;N_NF;N_F;DON
1;A;N.s.;Grass;P;534,265306122449;87,2962962962963;168,25208438888887;175,2226192592592;9,58;6,22;0,061054211;97,7551020408163;632,020408163265;175,2226192592592;262,5185185185185;6,970534870370358
2;A;F.o.;Grass;P;355,122448979592;26,4629629629630;130,99579316666666;170,3886035000000;8,57;6,17;-0,099058219;209,8775510204082;565,020408163265;170,3886035000000;196,8518518518518;39,392810333333330
3;A;A.o.;Grass;P;610,224489795918;77,8888888888889;18,01693094074074;45,5388569444444;14,46;6,41;0,163633455;95,1836734693878;705,408163265306;45,5388569444444;123,4259259259259;27,521926003703701
4;A;D.g.;Grass;P;607,102040816327;93,3518518518518;15,57825234629630;29,1624883888889;7,43;6,46;0,105523343;80,1632653061225;687,265306122449;29,1624883888889;122,5000000000000;13,584236042592590
5;A;H.l.;Grass;P;442,836734693878;59,6296296296296;14,54506802777778;28,7295145370370;9,45;6,53;0,102820408;81,1836734693878;524,020408163265;28,7295145370370;88,3518518518518;14,184446509259256
6;A;G.v.;Forbs;P;619,775510204082;107,5925925925926;78,43122583333333;89,2406576111111;1,46;6,14;0,068959147;89,4285714285714;709,204081632653;89,2406576111111;196,8333333333333;10,809431777777775
7;A;C.r.;Forbs;P;635,571428571429;87,8703703703704;95,20711501851852;108,4065610000000;6,18;5,87;0,072596953;113,3061224489796;748,857142857143;108,4065610000000;196,2777777777777;13,199445981481460
8;A;P.l.;Forbs;P;465,000000000000;40,4259259259259;16,88024824444444;23,5973020370370;7,53;6,27;0,075950603;57,6734693877551;522,673469387755;23,5973020370370;64,0185185185185;6,717053792592594
9;A;C.n.;Forbs;P;577,551020408163;84,1666666666667;14,81825935740741;32,6730472777778;8,89;6,25;0,106516563;68,1632653061224;645,714285714286;32,6730472777778;116,8518518518518;17,854787920370370
10;A;R.a.;Forbs;P;503,183673469388;70,3703703703704;10,35310323333333;25,3410259444444;8,88;6,30;0,095171503;77,3673469387755;580,551020408163;25,3410259444444;95,7037037037037;14,987922711111111
11;A;M.a.;Leg;P;568,102040816327;94,1111111111111;69,15667829629629;81,0759621666667;7,41;5,98;0,064364133;77,7142857142857;645,836734693877;81,0759621666667;175,1851851851852;11,919283870370364
12;A;T.p.;Leg;P;596,428571428571;45,2407407407407;27,45386896296296;28,7668800925926;7,91;6,52;0,056722081;59,7142857142857;656,142857142857;28,7668800925926;74,0000000000000;1,313011129629629
13;A;L.c.;Leg;P;687,530612244898;44,6481481481481;52,20615122222222;66,2666607777778;9,95;6,42;0,104047771;49,9387755102041;737,469387755102;66,2666607777778;110,9259259259259;14,060509555555555
14;A;M.s.;Leg;P;713,755102040816;73,3333333333333;231,50069148148148;268,3528314814815;8,06;5,50;0,002136929;93,5918367346939;807,346938775510;268,3528314814815;341,6851851851852;36,852139999999991
15;A;T.r.;Leg;P;642,000000000000;86,2962962962963;15,62313305000000;33,3212134629630;7,57;6,39;0,104928867;59,6122448979592;701,612244897959;33,3212134629630;119,6111111111111;17,698080412962959
17;A;F.o.;Grass;P+L;722,938775510204;67,5185185185185;18,71790018518518;28,9681788518518;10,70;6,31;0,174718228;45,6938775510204;768,632653061224;28,9681788518518;96,4814814814815;10,250278666666667
18;A;A.o.;Grass;P+L;864,489795918367;65,4074074074074;13,13081215185185;27,9637666111111;11,49;6,43;0,055149411;80,9387755102041;945,428571428571;27,9637666111111;93,3703703703704;14,832954459259257
19;A;D.g.;Grass;P+L;525,816326530612;43,3148148148148;11,49092313703704;24,4756662777778;10,59;6,59;0,074957590;40,4897959183673;566,306122448980;24,4756662777778;67,7962962962963;12,984743140740740
20;A;H.l.;Grass;P+L;903,938775510204;111,6481481481481;13,79530174629630;33,7867983518518;8,78;6,33;0,057070462;58,7551020408163;962,693877551020;33,7867983518518;145,4444444444445;19,991496605555554
21;A;G.v.;Forbs;P+L;553,795918367347;61,6296296296296;12,93650793703704;26,2323633148148;8,75;6,51;0,098317460;45,4897959183673;599,306122448980;26,2323633148148;87,8518518518518;13,295855377777775
23;A;P.l.;Forbs;P+L;618,877551020408;92,4629629629630;12,68305292592593;28,3650543333333;7,06;6,52;0,083400757;45,4081632653061;664,306122448980;28,3650543333333;120,8333333333333;15,682001407407403
24;A;C.n.;Forbs;P+L;700,959183673470;110,2592592592593;10,43416994074074;23,6340234814815;6,75;6,23;0,001629239;37,7346938775510;738,693877551020;23,6340234814815;133,8888888888889;13,199853540740742
25;A;R.a.;Forbs;P+L;550,755102040816;64,8703703703704;10,97376543148148;26,7711640185185;8,72;6,34;0,084915238;52,5918367346939;603,346938775510;26,7711640185185;91,6481481481482;15,797398587037035
26;A;M.a.;Leg;P+L;740,897959183673;109,9259259259259;57,56664307407407;72,7824958703704;11,49;6,39;0,096407643;86,3673469387755;827,244897959184;72,7824958703704;182,7222222222222;15,215852796296282
27;A;T.p.;Leg;P+L;431,755102040816;49,7592592592593;145,00740329629630;158,0711333148148;8,17;5,67;-0,137496946;75,5510204081633;507,285714285714;158,0711333148148;207,8333333333333;13,063730018518498
28;A;L.c.;Leg;P+L;659,142857142857;91,6111111111111;59,25109090740740;82,2458674629630;11,02;6,11;0,081992803;73,4693877551020;732,612244897959;82,2458674629630;173,8518518518518;22,994776555555561
29;A;M.s.;Leg;P+L;625,653061224490;88,6851851851852;14,35272691481481;29,4414911111111;8,77;6,51;0,110758890;90,8571428571429;716,510204081633;29,4414911111111;118,1296296296296;15,088764196296294
30;A;T.r.;Leg;P+L;528,102040816327;61,9444444444444;78,06768381481481;85,6687101296296;9,45;6,31;0,036292900;61,4285714285714;589,510204081633;85,6687101296296;147,6111111111111;7,601026314814817
32;A;F.o.;Grass;L;514,795918367347;95,4074074074074;110,88469362962962;127,2127694074074;7,10;6,33;0,022108702;137,8367346938776;652,632653061225;127,2127694074074;222,6296296296296;16,328075777777769
33;A;A.o.;Grass;L;567,061224489796;88,5555555555556;176,47141031481479;189,9596709259259;6,46;5,94;0,021581217;156,8979591836735;723,959183673469;189,9596709259259;278,4999999999999;13,488260611111116
34;A;D.g.;Grass;L;476,224489795918;118,0740740740741;177,60765090740739;148,7062668148148;7,17;6,02;0,078433910;150,9795918367347;627,204081632653;148,7062668148148;266,7777777777778;-28,901384092592565
35;A;H.l.;Grass;L;383,265306122449;65,8333333333333;158,40500331481482;170,9787856851852;6,49;6,17;-0,152838023;172,6326530612245;555,897959183673;170,9787856851852;236,8148148148148;12,573782370370338
36;A;G.v.;Forbs;L;402,693877551020;44,0000000000000;200,67302462962962;222,4933046296296;6,50;5,91;-0,093204468;305,2040816326531;707,897959183673;222,4933046296296;266,5000000000000;21,820279999999997
38;A;P.l.;Forbs;L;561,734693877551;107,1296296296296;170,98799292592591;201,8894374074074;8,79;5,93;0,068415798;144,3265306122449;706,061224489796;201,8894374074074;309,0185185185185;30,901444481481491
39;A;C.n.;Forbs;L;454,285714285714;89,3333333333333;149,96122096296295;157,7831591296296;6,39;6,25;-0,078141162;128,1224489795918;582,387755102041;157,7831591296296;247,1296296296296;7,821938166666655
40;A;R.a.;Forbs;L;685,244897959184;129,2222222222222;117,03179012962963;128,3452821851852;6,89;6,13;0,100192286;146,5102040816327;831,755102040816;128,3452821851852;257,5740740740741;11,313492055555542
41;A;M.a.;Leg;L;428,551020408163;62,1111111111111;117,09183674074073;129,4271799629630;5,91;6,17;-0,090888312;156,6122448979592;585,163265306123;129,4271799629630;191,5370370370370;12,335343222222221
42;A;T.p.;Leg;L;435,673469387755;24,3148148148148;193,05258351851850;201,0752172222222;6,53;6,02;-0,261308642;368,1836734693878;803,857142857143;201,0752172222222;225,3888888888889;8,022633703703718
43;A;L.c.;Leg;L;612,265306122449;107,7037037037037;150,68914333333333;167,4872773518518;6,87;6,11;0,049090076;154,8979591836735;767,163265306123;167,4872773518518;275,1851851851852;16,798134018518510
44;A;M.s.;Leg;L;594,897959183673;85,4074074074074;115,01111111111111;136,5520749629630;6,08;5,77;0,007074506;145,3265306122449;740,204081632653;136,5520749629630;221,9629629629629;21,540963851851856
45;A;T.r.;Leg;L;558,387755102041;91,3148148148148;202,81778259259258;214,8001764814815;7,02;6,26;0,000544884;187,2040816326531;745,591836734694;214,8001764814815;306,1111111111111;11,982393888888907
46;A;NA;NA;T;269,510204081633;62,6296296296296;171,20451061111109;195,5168240740741;6,34;5,92;-0,030244009;386,4285714285714;655,938775510204;195,5168240740741;258,1481481481482;24,312313462962976
47;A;NA;NA;T;362,918367346939;112,3518518518518;173,99664022222223;183,7115564259259;5,49;6,04;0,012375309;164,6530612244898;527,571428571429;183,7115564259259;296,0555555555555;9,714916203703694
1;B;N.s.;Grass;P;810,938775510204;131,5370370370370;20,63322957407407;36,0524465000000;7,83;6,45;0,176730964;229,2448979591837;1040,183673469388;36,0524465000000;167,5925925925926;15,419216925925930
2;B;F.o.;Grass;P;493,897959183673;70,0740740740741;5,20844781481481;19,2949316851852;7,22;6,55;0,065455984;225,1632653061224;719,061224489796;19,2949316851852;89,3703703703704;14,086483870370369
3;B;A.o.;Grass;P;659,408163265306;108,4814814814815;4,52444444444444;20,8124444444444;13,94;6,63;0,095529120;221,6326530612245;881,040816326531;20,8124444444444;129,2777777777778;16,288000000000000
4;B;D.g.;Grass;P;718,122448979592;121,8333333333333;5,71233661481481;20,5177805000000;9,60;6,37;0,085111484;229,0000000000000;947,102040816327;20,5177805000000;142,3333333333333;14,805443885185182
5;B;H.l.;Grass;P;823,306122448980;123,1666666666667;4,61857782037037;17,5269107055556;10,33;6,55;0,096947501;144,0204081632653;967,326530612245;17,5269107055556;140,6851851851852;12,908332885185185
6;B;G.v.;Forbs;P;910,775510204082;140,1481481481482;6,11050684259259;19,8916499259259;7,39;6,31;0,088740161;155,2040816326531;1065,979591836735;19,8916499259259;160,0370370370370;13,781143083333333
7;B;C.r.;Forbs;P;671,346938775510;112,4629629629629;47,44865931481481;56,9383911666667;7,43;6,36;0,084761259;190,1632653061225;861,510204081633;56,9383911666667;169,4074074074074;9,489731851851857
8;B;P.l.;Forbs;P;702,387755102041;106,1851851851852;3,55457071481481;15,2502550037037;8,45;6,42;0,067119468;131,1224489795918;833,489795918367;15,2502550037037;121,4259259259259;11,695684288888888
9;B;C.n.;Forbs;P;795,489795918367;105,7222222222222;3,71740903888889;15,3343122851852;8,43;6,20;0,057210925;163,1428571428571;958,632653061225;15,3343122851852;121,0555555555556;11,616903246296294
10;B;R.a.;Forbs;P;875,734693877551;127,5000000000000;5,38720538703704;22,4326599259259;9,98;6,22;0,086636364;211,8367346938776;1087,571428571428;22,4326599259259;149,9444444444444;17,045454538888883
11;B;M.a.;Leg;P;785,938775510204;100,7592592592593;3,60622710555556;23,2765567777778;12,91;6,24;0,053818022;185,2244897959184;971,142857142857;23,2765567777778;124,0370370370370;19,670329672222223
12;B;T.p.;Leg;P;597,530612244898;83,8703703703704;9,66406705185185;22,4384085555556;9,71;6,21;0,059503994;156,0612244897959;753,591836734694;22,4384085555556;106,2962962962963;12,774341503703702
13;B;L.c.;Leg;P;784,326530612245;107,9629629629629;5,86130306111111;20,6317867777778;10,22;6,18;0,067353406;204,7346938775510;989,061224489796;20,6317867777778;128,5925925925926;14,770483716666664
14;B;M.s.;Leg;P;595,938775510204;99,6666666666667;10,25190392592592;28,5914209444444;11,75;6,45;0,077750439;220,0408163265306;815,959183673469;28,5914209444444;128,2592592592593;18,339517018518521
15;B;T.r.;Leg;P;584,489795918367;106,4074074074074;6,32379265185185;22,0116628888889;5,91;6,42;0,084583159;216,9591836734694;801,448979591837;22,0116628888889;128,4259259259259;15,687870237037037
17;B;F.o.;Grass;P+L;534,918367346939;90,0000000000000;4,72363545000000;18,5311852222222;7,07;6,31;0,094182024;190,6530612244898;725,591836734694;18,5311852222222;108,5185185185185;13,807549772222220
18;B;A.o.;Grass;P+L;784,632653061225;126,6111111111111;5,17291439814815;22,4551511296296;10,05;6,22;0,051296500;203,1632653061224;987,795918367347;22,4551511296296;149,0740740740741;17,282236731481483
19;B;D.g.;Grass;P+L;682,408163265306;109,3888888888889;5,07400586666667;17,7000204629630;8,16;6,41;0,080542173;161,8163265306123;844,224489795918;17,7000204629630;127,0925925925926;12,626014596296294
20;B;H.l.;Grass;P+L;907,000000000000;153,9629629629630;4,67250501666667;20,9094599444444;12,37;6,69;0,059294089;186,2040816326530;1093,204081632653;20,9094599444444;174,8703703703704;16,236954927777777
21;B;G.v.;Forbs;P+L;854,816326530612;119,7407407407407;2,73761713518519;14,7593271629630;8,73;6,26;0,062731902;149,9591836734694;1004,775510204082;14,7593271629630;134,5000000000000;12,021710027777775
23;B;P.l.;Forbs;P+L;742,959183673469;109,9629629629630;3,12568143518518;16,1865645759259;10,31;6,02;0,086322391;158,5510204081633;901,510204081633;16,1865645759259;126,1481481481482;13,060883140740739
24;B;C.n.;Forbs;P+L;804,653061224490;113,9259259259259;3,01694178888889;16,2020947962963;13,24;6,14;0,116333275;162,7346938775510;967,387755102041;16,2020947962963;130,1111111111111;13,185153007407404
25;B;R.a.;Forbs;P+L;790,000000000000;107,6296296296296;3,22122724814815;16,2172130444444;9,97;6,12;0,061900880;178,0408163265306;968,020408163265;16,2172130444444;123,8518518518518;12,995985796296294
26;B;M.a.;Leg;P+L;534,693877551020;80,3888888888889;10,87106227037037;35,3584045555556;15,92;6,25;0,036052396;233,0204081632653;767,714285714286;35,3584045555556;115,7407407407407;24,487342285185189
27;B;T.p.;Leg;P+L;1029,510204081633;136,7592592592592;4,61237635185185;16,7198642740741;11,12;6,21;0,075716770;90,7755102040816;1120,306122448980;16,7198642740741;153,4814814814815;12,107487922222221
28;B;L.c.;Leg;P+L;817,040816326531;107,2962962962963;4,19913522407407;19,4486262962963;11,61;6,63;0,048214913;122,6122448979592;939,653061224490;19,4486262962963;126,7407407407407;15,249491072222220
29;B;M.s.;Leg;P+L;746,367346938776;93,9814814814815;4,87274159444444;22,2753901481481;9,41;6,53;0,073675853;126,6326530612245;873,000000000000;22,2753901481481;116,2407407407407;17,402648553703706
30;B;T.r.;Leg;P+L;679,244897959184;85,5000000000000;4,57595459814815;18,9734702777778;11,16;6,38;0,073768852;95,1428571428571;774,387755102041;18,9734702777778;104,4629629629629;14,397515679629631
32;B;F.o.;Grass;L;941,244897959184;138,5000000000000;72,15018572222222;93,2544447962963;7,56;6,28;0,207412658;155,9387755102041;1097,183673469388;93,2544447962963;231,7592592592593;21,104259074074065
33;B;A.o.;Grass;L;814,040816326531;112,6666666666667;52,53409172222222;64,8488164629630;5,81;6,37;0,172049805;115,7346938775510;929,775510204082;64,8488164629630;177,5185185185185;12,314724740740736
34;B;D.g.;Grass;L;508,530612244898;56,1296296296296;22,15091805555555;50,8248058703704;6,17;6,25;0,164965905;150,4285714285714;658,959183673469;50,8248058703704;106,9444444444444;28,673887814814815
35;B;H.l.;Grass;L;886,857142857143;125,3518518518518;42,68210825925926;60,5897435925926;7,27;6,53;0,150650338;151,2244897959183;1038,081632653061;60,5897435925926;185,9444444444444;17,907635333333332
36;B;G.v.;Forbs;L;718,591836734694;92,1481481481481;44,02604166666666;63,9027777777778;6,77;6,22;0,113687500;140,1428571428571;858,734693877551;63,9027777777778;156,0370370370370;19,876736111111107
38;B;P.l.;Forbs;L;873,346938775510;108,5000000000000;66,14378751851851;83,2816853518518;6,95;6,00;0,183559633;158,0816326530612;1031,428571428571;83,2816853518518;191,7777777777778;17,137897833333341
39;B;C.n.;Forbs;L;981,142857142857;128,7222222222222;77,80983512962962;94,6892173518519;5,83;6,20;0,152951904;155,5306122448980;1136,673469387755;94,6892173518519;223,4074074074074;16,879382222222233
40;B;R.a.;Forbs;L;736,632653061224;99,9814814814815;60,14702337037036;76,4449264814815;6,06;6,17;0,146960521;154,5714285714286;891,204081632653;76,4449264814815;176,4259259259259;16,297903111111111
41;B;M.a.;Leg;L;842,387755102041;120,5925925925926;53,60446548148148;64,4199944444444;5,50;5,97;0,162362721;114,1224489795918;956,510204081633;64,4199944444444;185,0185185185185;10,815528962962965
42;B;T.p.;Leg;L;826,897959183673;129,0370370370370;92,33773087037036;107,5958174444444;5,81;5,82;0,314232401;119,3877551020408;946,285714285714;107,5958174444444;236,6296296296296;15,258086574074085
43;B;L.c.;Leg;L;923,122448979592;128,6481481481481;68,18294701851852;88,2523914629630;8,29;6,18;0,156749007;161,9387755102041;1085,061224489796;88,2523914629630;216,9074074074074;20,069444444444443
44;B;M.s.;Leg;L;889,612244897959;107,2962962962963;135,40044144444443;159,6031022777778;7,15;5,97;0,229441225;186,7755102040816;1076,367346938775;159,6031022777778;266,9074074074074;24,202660833333340
45;B;T.r.;Leg;L;748,469387755102;86,3148148148148;22,25241546296296;68,2407407407407;7,47;6,40;0,267417391;165,2653061224490;913,734693877551;68,2407407407407;154,5555555555555;45,988325277777776
46;B;NA;NA;T;734,326530612245;80,5740740740741;113,93213170370370;136,8232029259259;5,19;5,70;0,135054704;144,4489795918367;878,755102040816;136,8232029259259;217,4074074074074;22,891071222222223
47;B;NA;NA;T;802,897959183673;98,1111111111111;61,44814090740740;76,5818656296296;6,39;6,12;0,184861057;128,7755102040816;931,673469387755;76,5818656296296;174,6851851851852;15,133724722222233
1;C;N.s.;Grass;P;500,367346938776;120,9629629629629;19,31249888888889;30,7008110185185;7,96;6,46;0,132066315;260,6734693877551;761,040816326531;30,7008110185185;151,6666666666667;11,388312129629632
2;C;F.o.;Grass;P;417,755102040816;94,1296296296296;8,05120868333333;18,4558475981481;6,29;6,28;0,073308113;226,0000000000000;643,755102040816;18,4558475981481;112,5925925925926;10,404638914814813
3;C;A.o.;Grass;P;607,714285714286;118,8888888888889;6,75194931851852;17,4827259111111;9,11;6,20;0,046877820;223,0204081632653;830,734693877551;17,4827259111111;136,3703703703704;10,730776592592592
4;C;D.g.;Grass;P;438,387755102041;98,7777777777778;8,23195767222222;18,4008465611111;7,34;6,59;0,094657829;205,7142857142857;644,102040816327;18,4008465611111;117,1851851851852;10,168888888888887
5;C;H.l.;Grass;P;360,857142857143;84,1666666666667;6,81357087777778;16,2802136037037;9,14;6,24;0,048449916;201,5918367346939;562,428571428571;16,2802136037037;100,4629629629630;9,466642725925922
6;C;G.v.;Forbs;P;368,224489795918;100,2777777777778;10,16680802962963;23,2565733703704;0,00;6,45;0,090037252;250,2448979591837;618,469387755102;23,2565733703704;123,5185185185185;13,089765340740744
7;C;C.r.;Forbs;P;325,040816326531;84,1296296296296;8,98338842222222;16,9755063981481;5,51;6,15;0,067178398;202,2653061224490;527,306122448980;16,9755063981481;101,1111111111111;7,992117975925924
8;C;P.l.;Forbs;P;306,428571428571;96,9814814814815;6,59907941481481;16,7333799444444;9,92;6,37;0,069233770;192,5714285714286;499,000000000000;16,7333799444444;113,7222222222222;10,134300529629630
9;C;C.n.;Forbs;P;697,714285714286;150,6666666666667;7,52045844814815;17,6341784296296;9,17;6,46;0,030807947;226,5102040816327;924,244897959184;17,6341784296296;168,2962962962963;10,113719981481481
10;C;R.a.;Forbs;P;259,142857142857;73,1296296296296;6,69835379629630;15,5691466611111;7,58;6,28;0,047967455;200,6326530612245;459,775510204082;15,5691466611111;88,7037037037037;8,870792864814813
11;C;M.a.;Leg;P;468,918367346939;111,2777777777778;8,91696563148148;22,1140747592593;11,84;6,25;0,065229387;243,3469387755102;712,244897959184;22,1140747592593;133,3888888888889;13,197109127777777
12;C;T.p.;Leg;P;335,081632653061;96,0000000000000;10,81841138703704;26,1134067962963;8,36;6,45;0,065537190;231,1632653061224;566,244897959184;26,1134067962963;122,1111111111111;15,294995409259259
13;C;L.c.;Leg;P;514,734693877551;108,8703703703704;9,27850192037037;20,9059916666667;9,49;6,66;0,043127417;194,5714285714286;709,306122448980;20,9059916666667;129,7777777777778;11,627489746296297
14;C;M.s.;Leg;P;400,265306122449;103,1481481481482;12,92691955555556;27,4050694629630;10,05;6,64;0,049701420;243,1020408163265;643,346938775510;27,4050694629630;130,5555555555555;14,478149907407408
15;C;T.r.;Leg;P;344,510204081633;97,0185185185185;23,03162831481481;37,9571528148148;6,70;6,27;0,064478266;226,0816326530612;570,591836734694;37,9571528148148;134,9814814814815;14,925524499999998
17;C;F.o.;Grass;P+L;314,163265306122;87,7962962962963;12,17173575370370;32,2421510925926;7,26;6,15;0,104045033;256,6326530612245;570,795918367347;32,2421510925926;120,0370370370370;20,070415338888893
18;C;A.o.;Grass;P+L;320,877551020408;95,6666666666667;7,56886389444444;19,5134772222222;10,37;6,45;0,042915458;227,0408163265306;547,918367346939;19,5134772222222;115,1851851851852;11,944613327777777
19;C;D.g.;Grass;P+L;517,204081632653;132,0370370370370;13,94737690185185;29,9803428703704;6,18;6,51;0,064194432;237,8367346938776;755,020408163265;29,9803428703704;162,0185185185185;16,032965968518518
20;C;H.l.;Grass;P+L;359,265306122449;108,5555555555555;7,89312617777778;18,1040751203704;7,13;NA;0,062784181;214,0204081632653;573,285714285714;18,1040751203704;126,6666666666667;10,210948942592591
21;C;G.v.;Forbs;P+L;424,897959183673;98,2037037037037;12,26053159444444;23,9018444259259;6,87;6,12;0,015515145;188,7346938775510;613,612244897959;23,9018444259259;122,1111111111111;11,641312831481482
23;C;P.l.;Forbs;P+L;569,897959183673;120,9444444444444;8,77680542407407;22,9639703518518;9,00;6,31;0,065963103;229,8571428571429;799,755102040816;22,9639703518518;143,9074074074074;14,187164927777776
24;C;C.n.;Forbs;P+L;410,714285714286;88,9814814814815;12,46251042592592;27,2928978333333;8,41;6,34;0,037148251;223,2653061224490;633,979591836735;27,2928978333333;116,2777777777778;14,830387407407407
25;C;R.a.;Forbs;P+L;429,653061224490;102,1296296296296;6,91245484259259;16,9235963407407;8,14;6,41;0,039644120;191,3469387755102;620,979591836735;16,9235963407407;119,0555555555556;10,011141498148149
26;C;M.a.;Leg;P+L;499,877551020408;102,3888888888889;11,14735582222222;25,5662182407407;11,49;6,43;0,027742376;207,8367346938776;707,714285714286;25,5662182407407;127,9444444444444;14,418862418518522
27;C;T.p.;Leg;P+L;362,204081632653;85,4444444444444;11,32096399259259;27,1703135740741;10,20;6,29;0,107079636;223,0000000000000;585,204081632653;27,1703135740741;112,6111111111111;15,849349581481480
28;C;L.c.;Leg;P+L;354,265306122449;76,7407407407407;12,63248172222222;27,1539326666667;8,32;5,86;0,022440954;188,0408163265306;542,285714285714;27,1539326666667;103,8888888888889;14,521450944444444
29;C;M.s.;Leg;P+L;315,959183673469;82,1666666666667;16,12745097962963;35,7107843148148;12,10;5,98;0,128282353;242,8979591836735;558,857142857143;35,7107843148148;117,8888888888889;19,583333335185181
30;C;T.r.;Leg;P+L;510,530612244898;105,0555555555555;14,44544006296296;30,5324074074074;8,77;6,36;0,065335412;85,7346938775510;596,265306122449;30,5324074074074;135,5925925925926;16,086967344444446
32;C;F.o.;Grass;L;478,551020408163;134,6666666666667;33,89575027777777;43,1280557962963;7,02;6,41;0,147854054;183,6530612244898;662,204081632653;43,1280557962963;177,7962962962963;9,232305518518523
33;C;A.o.;Grass;L;610,959183673469;115,1481481481481;68,35607537037036;81,0916179259259;6,41;6,04;0,161122807;99,3877551020408;710,346938775510;81,0916179259259;196,2222222222222;12,735542555555554
34;C;D.g.;Grass;L;168,816326530612;83,6666666666667;17,11812551296296;39,0679800000000;8,81;6,34;0,234971122;230,5102040816327;399,326530612245;39,0679800000000;122,7222222222222;21,949854487037037
35;C;H.l.;Grass;L;518,204081632653;100,3333333333333;28,42810192592592;50,4716419629630;9,03;6,57;0,148939060;109,2653061224490;627,469387755102;50,4716419629630;150,8148148148148;22,043540037037040
36;C;G.v.;Forbs;L;317,367346938775;81,6296296296296;50,78131744444444;63,9844599814815;4,94;6,33;0,144787692;218,3673469387755;535,734693877551;63,9844599814815;145,6111111111111;13,203142537037031
38;C;P.l.;Forbs;L;438,020408163265;112,5370370370370;52,42606140740741;58,9632964444444;4,22;6,33;0,154494091;177,3061224489796;615,326530612245;58,9632964444444;171,5000000000000;6,537235037037028
39;C;C.n.;Forbs;L;619,142857142857;126,7037037037037;41,91514329629629;71,8251310000000;8,17;6,53;0,177517149;151,9795918367347;771,122448979592;71,8251310000000;198,5370370370370;29,909987703703692
40;C;R.a.;Forbs;L;466,040816326531;116,3703703703704;27,07260466666667;36,5672622222222;6,85;6,40;0,169610510;143,6530612244898;609,714285714286;36,5672622222222;152,9444444444444;9,494657555555559
41;C;M.a.;Leg;L;516,020408163265;167,3518518518518;32,39244868518519;44,6135347962963;6,07;6,31;0,260853170;252,6734693877551;768,693877551020;44,6135347962963;211,9629629629629;12,221086111111106
42;C;T.p.;Leg;L;584,428571428571;160,9629629629630;50,38291011111111;58,8472390185185;9,23;6,21;0,239129383;224,0000000000000;808,428571428571;58,8472390185185;219,7962962962963;8,464328907407406
43;C;L.c.;Leg;L;437,326530612245;115,4814814814815;46,21881651851852;63,8126862407407;8,78;6,27;0,112801839;285,9183673469388;723,244897959184;63,8126862407407;179,2962962962963;17,593869722222223
44;C;M.s.;Leg;L;392,367346938775;109,6666666666667;26,72437090740740;39,9542574814815;6,06;6,61;0,160028708;231,0612244897959;623,428571428571;39,9542574814815;149,6296296296296;13,229886574074072
45;C;T.r.;Leg;L;358,000000000000;111,8333333333333;33,05586661111111;46,2515553148148;6,47;6,30;0,158348264;233,0816326530612;591,081632653061;46,2515553148148;158,0740740740741;13,195688703703702
46;C;NA;NA;T;555,979591836735;130,8888888888889;80,34425792592592;81,1268318703704;4,61;5,49;0,161711079;186,2857142857143;742,265306122449;81,1268318703704;212,0185185185185;0,782573944444451
47;C;NA;NA;T;516,387755102041;144,0555555555556;43,51870825925926;53,8868017592593;6,10;6,12;0,211574590;256,3673469387755;772,755102040816;53,8868017592593;197,9444444444444;10,368093500000001
NA;NA;NA;NA;NA;NA;NA;NA;NA;NA;NA;NA;NA;NA;NA;NA;NA
