Numero;Bloc;Sp;gf;mod;PS;L_resp;R_resp;sr_ratio;AGR;agGR;bgGR;RGR
1;A;N.s.;Grass;P;3,1453592384000;1,642969605600000;0,00979759419211612;1,411428571428571;2,24468085106383;1,31382978723404;0,930851063829787;2,22659574787234
2;A;F.o.;Grass;P;15,0224749440000;1,925230402600000;0,02838893071240203;1,294948397609995;13,48404255319149;7,60851063829787;5,875531914893617;13,46319148936170
3;A;A.o.;Grass;P;18,5551926400000;0,784005533500000;0,02218181978809311;1,420255560814008;16,32127659574468;9,57765957446808;6,743617021276596;16,29454255319149
4;A;D.g.;Grass;P;20,9722920620000;1,128135506600000;0,02460048106933504;1,296875000000000;11,57234042553192;6,53404255319149;5,038297872340427;11,54627659574468
5;A;H.l.;Grass;P;14,6444873720000;0,603709346400000;0,03349410107537371;1,967707212055974;11,73191489361702;7,77872340425532;3,953191489361703;11,71531915212766
6;A;G.v.;Forbs;P;15,8088455200000;3,686520308600000;0,05562413214303134;1,868752919196637;6,53404255319149;4,25638297872340;2,277659574468085;6,52488297872340
7;A;C.r.;Forbs;P;18,2976244390000;2,771285078400000;0,02901595203049773;3,521897810218979;2,63617021276596;2,05319148936170;0,582978723404255;2,62738297872340
8;A;P.l.;Forbs;P;17,3926496016667;2,658125536000000;0,01587573132981778;2,886479309581766;18,68404255319149;13,87659574468085;4,807446808510639;18,63191489361702
9;A;C.n.;Forbs;P;26,3242337280000;2,706078312000000;0,01655327874035169;0,684923488586002;21,43617021276595;8,71382978723404;12,722340425531915;21,35403191489361
10;A;R.a.;Forbs;P;14,5278041520000;1,635280197166667;0,00801621342991319;1,242276238073603;21,00106382978723;11,63510638297872;9,365957446808510;20,95370212765958
11;A;M.a.;Leg;P;26,4046755840000;2,270907254400000;0,01818044956769823;1,231245301929341;9,47329787234043;5,22755319148936;4,245744680851065;9,38489361382979
12;A;T.p.;Leg;P;23,4886831020000;1,601516752400000;0,02152092241509644;2,044926993635343;17,30425531914894;11,62127659574468;5,682978723404255;17,25861702446809
13;A;L.c.;Leg;P;13,4506510060000;2,096012724200000;0,01830821626577631;1,909347908028647;16,42234042553191;10,77765957446809;5,644680851063829;16,39828723404255
14;A;M.s.;Leg;P;18,0677164260000;2,444837599300000;0,01955286616309999;1,684428492545555;20,68723404255319;12,98085106382979;7,706382978723404;20,62973403936170
15;A;T.r.;Leg;P;20,3939857933333;2,048522062600000;0,03578251791903279;3,778793418647167;11,12340425531915;8,79574468085106;2,327659574468085;11,11835531914894
17;A;F.o.;Grass;P+L;16,6310879718182;NA;0,03696098407804285;0,737052678372972;16,62765957446808;7,05531914893617;9,572340425531914;16,60680851063830
18;A;A.o.;Grass;P+L;10,8362856800000;0,816226313333333;0,02747279293639477;1,103019385829473;26,08191489361703;13,67978723404255;12,402127659574468;26,05518085106383
19;A;D.g.;Grass;P+L;19,5824134783333;2,237571336000000;0,02792076923246015;1,199253895106430;21,32340425531915;11,62765957446809;9,695744680851066;21,29734042553192
20;A;H.l.;Grass;P+L;14,0170123580000;2,204393673600000;0,03489892372654986;1,466841951504528;26,94893617021277;16,02446808510638;10,924468085106383;26,93234042872341
21;A;G.v.;Forbs;P+L;11,4091347783333;2,413434717800000;0,02454965362910914;1,801896207584830;5,97340425531915;3,84148936170213;2,131914893617021;5,96424468085106
23;A;P.l.;Forbs;P+L;24,5634378580000;1,870802646200000;0,01498837257204519;5,666666666666666;13,68085106382978;11,62872340425532;2,052127659574468;13,62872340425532
24;A;C.n.;Forbs;P+L;20,2959018610000;1,874815926400000;0,02228005397499997;0,903405635515913;19,97765957446809;9,48191489361702;10,495744680851066;19,89552127659575
25;A;R.a.;Forbs;P+L;16,4657103560000;1,562230214000000;0,01879286571023218;0,523514261184775;33,98085106382979;11,67659574468085;22,304255319148940;33,93348936170213
26;A;M.a.;Leg;P+L;23,6810746260000;2,072670394800000;0,01678482583965156;1,221591780401779;15,41170212765958;8,47446808510638;6,937234042553192;15,32329786914894
27;A;T.p.;Leg;P+L;13,2762170820000;1,018406642200000;0,03489583658293340;3,696073558648111;20,10319148936170;15,82234042553191;4,280851063829787;20,05755319468085
28;A;L.c.;Leg;P+L;23,0355201540000;3,365787660000000;0,02419226785399333;1,504795834475199;19,44680851063830;11,68297872340426;7,763829787234042;19,42275531914894
29;A;M.s.;Leg;P+L;28,5701301400000;1,078352522400000;0,05569158803939689;0,922564529558701;17,19468085106383;8,25106382978723;8,943617021276594;17,13718084787234
30;A;T.r.;Leg;P+L;14,5969408100000;0,869127598571429;0,02772510696917965;1,651340161255175;12,94361702127660;8,06170212765957;4,881914893617021;12,93856808510638
1;B;N.s.;Grass;P;20,1873836580000;3,372416997800000;0,00571526327873440;2,391217564870259;5,04653465346535;3,55841584158416;1,488118811881188;5,02970297326733
2;B;F.o.;Grass;P;22,0501085740000;0,585758430700000;0,01957129181303195;1,199223336042626;24,11089108910891;13,14752475247525;10,963366336633662;24,09148514851485
3;B;A.o.;Grass;P;13,4090384270000;0,804661411000000;0,03098890704002302;1,724208929345470;24,89009900990099;15,75346534653465;9,136633663366336;24,86521782178218
4;B;D.g.;Grass;P;17,3153039480000;1,446925367200000;0,00999453075879182;1,720645520311631;19,36237623762376;12,24554455445545;7,116831683168316;19,33811881188119
5;B;H.l.;Grass;P;12,1335393860000;0,915100365900000;0,05710917070917874;1,417842031029619;20,36732673267327;11,94356435643564;8,423762376237624;20,35188119108911
6;B;G.v.;Forbs;P;14,6474771320000;3,686001156000000;0,03563874887382239;2,143714136671883;11,93366336633663;8,13762376237624;3,796039603960397;11,92513861386139
7;B;C.r.;Forbs;P;16,5581450680000;2,609317873800000;0,04535337956673106;5,686315789473685;6,28910891089109;5,34851485148515;0,940594059405940;6,28093069306931
8;B;P.l.;Forbs;P;14,2180382000000;2,212373949200000;0,01801760965838303;4,268031189083820;16,05445544554455;13,00693069306931;3,047524752475248;16,00594059405941
9;B;C.n.;Forbs;P;17,8008681800000;2,639921148500000;0,02294898024230276;0,768221443336029;19,48019801980198;8,46336633663366;11,016831683168316;19,40375247524752
10;B;R.a.;Forbs;P;16,9124991380000;1,911612323600000;0,01169712775997537;0,724531655955149;24,97326732673267;10,49207920792079;14,481188118811881;24,92918811881188
11;B;M.a.;Leg;P;31,2841893010000;NA;0,06874415267660818;1,472212043483571;20,03960396039604;11,93366336633663;8,105940594059408;19,95732672970297
12;B;T.p.;Leg;P;19,6667723720000;1,464074896400000;0,02608385877718541;2,267036124794745;15,75940594059406;10,93564356435644;4,823762376237624;15,71693069603960
13;B;L.c.;Leg;P;15,5718944040000;7,608693584200000;0,02603508333651946;2,318941730238598;20,24554455445545;14,14554455445545;6,100000000000000;20,22315841584158
14;B;M.s.;Leg;P;26,9632245420000;2,865409398800000;0,01870449800313078;1,404874382649775;22,17722772277228;12,95544554455446;9,221782178217822;22,12371286831683
15;B;T.r.;Leg;P;52,7801985840000;5,376520459800000;0,03356965167930313;2,537020905923345;8,04059405940594;5,76732673267327;2,273267326732674;8,03589504950495
17;B;F.o.;Grass;P+L;20,0631536800000;0,285480690900000;0,01351638906795581;1,859845559845560;14,66732673267327;9,53861386138614;5,128712871287129;14,64792079207920
18;B;A.o.;Grass;P+L;11,9652147800000;0,634623900000000;0,02900299616693706;1,646964555052790;27,80099009900990;17,29801980198020;10,502970297029702;27,77610891089109
19;B;D.g.;Grass;P+L;15,0422459560000;0,852556110600000;0,01345811441688677;1,227652512303995;19,27029702970297;10,61980198019802;8,650495049504951;19,24603960396040
20;B;H.l.;Grass;P+L;5,7582645804000;1,375474503400000;0,05902648960004384;1,501915708812261;24,56831683168317;14,74851485148515;9,819801980198019;24,55287129009901
21;B;G.v.;Forbs;P+L;25,2079493060000;4,356469900600000;0,02771378723877134;1,430381857595464;14,43069306930693;8,49306930693069;5,937623762376237;14,42216831683168
23;B;P.l.;Forbs;P+L;21,7934317960000;2,113924416400000;0,02008114905616120;3,018259735420159;21,35247524752475;16,03861386138614;5,313861386138615;21,30396039603960
24;B;C.n.;Forbs;P+L;11,9073755440000;3,499590942800000;0,02091481352319578;0,849461659663866;27,89207920792079;12,81089108910891;15,081188118811880;27,81563366336633
25;B;R.a.;Forbs;P+L;13,7561690660000;2,128494750800000;0,01589716215719019;0,620769424189087;31,90990099009901;12,22178217821782;19,688118811881186;31,86582178217822
26;B;M.a.;Leg;P+L;26,8153328700000;2,210390232600000;0,02437990390408073;1,260490282685512;20,26831683168317;11,30198019801980;8,966336633663365;20,18603960099010
27;B;T.p.;Leg;P+L;22,5245383920000;1,657118685400000;0,02350389467880229;2,507478825013516;19,27029702970297;13,77623762376238;5,494059405940593;19,22782178514852
28;B;L.c.;Leg;P+L;19,5326776100000;2,333866885200000;0,02864638091722918;1,222630916658600;22,73465346534654;12,50594059405941;10,228712871287129;22,71226732673268
29;B;M.s.;Leg;P+L;17,3590290920000;1,762239643200000;0,01953317829440872;1,436510103768433;17,66831683168317;10,41683168316832;7,251485148514851;17,61480197722772
30;B;T.r.;Leg;P+L;30,0031302900000;2,497913837800000;0,01794000898392924;3,841242073037394;21,91980198019802;17,39207920792079;4,527722772277228;21,91510297029703
1;C;N.s.;Grass;P;12,0842750030000;3,118333773500000;0,00411498956068877;3,283971392511570;4,71435185185185;3,61388888888889;1,100462962962963;4,69861111388889
2;C;F.o.;Grass;P;21,7200775180000;1,335032710600000;0,02862734553008929;1,453421926910299;17,09444444444444;10,12685185185185;6,967592592592592;17,07629629629630
3;C;A.o.;Grass;P;14,0410971860000;1,369665926800000;0,03131813449817326;1,636099735628013;23,54305555555555;14,61203703703704;8,931018518518519;23,51978703703704
4;C;D.g.;Grass;P;14,9975404860000;1,003799922600000;0,01638132786898396;2,650337614193035;12,76435185185185;9,26759259259259;3,496759259259260;12,74166666666667
5;C;H.l.;Grass;P;8,7882190638000;0,402806772600000;0,03016137356289313;1,509846827133479;24,42685185185185;14,69444444444445;9,732407407407408;24,41240741018519
6;C;G.v.;Forbs;P;16,2432651880000;3,848520095000000;0,02984152734850635;1,808017160477276;9,69675925925926;6,24351851851852;3,453240740740741;9,68878703703704
7;C;C.r.;Forbs;P;14,3109718020000;1,959126734600000;0,02912718514342955;3,546586193889098;5,58009259259259;4,35277777777778;1,227314814814815;5,57244444444444
8;C;P.l.;Forbs;P;12,7511880500000;1,965479455200000;0,04361221187545401;3,341456282288722;20,61990740740741;15,87037037037037;4,749537037037038;20,57453703703704
9;C;C.n.;Forbs;P;13,5440854620000;1,495809818800000;0,04348402834089184;0,822941677639222;21,79259259259259;9,83796296296296;11,954629629629629;21,72110185185185
10;C;R.a.;Forbs;P;15,7961464800000;1,783094163400000;0,01726086225121128;0,467789181816149;30,38935185185185;9,68518518518518;20,704166666666669;30,34812962962963
11;C;M.a.;Leg;P;25,2551518320000;1,906229173400000;0,05400923798404012;0,924327027252271;21,37962962962963;10,26944444444444;11,110185185185186;21,30268518240741
12;C;T.p.;Leg;P;22,9950901740000;1,792546969200000;0,05833103758708308;1,732586528795059;17,61759259259259;11,17037037037037;6,447222222222224;17,57787037314815
13;C;L.c.;Leg;P;14,5233067060000;NA;0,03766898704284200;1,753300367463594;28,09768518518518;17,89259259259259;10,205092592592592;28,07675000000000
14;C;M.s.;Leg;P;17,8576937660000;1,685246674800000;0,03228813140350224;1,136371634699982;22,48333333333333;11,95925925925926;10,524074074074074;22,43328703425926
15;C;T.r.;Leg;P;21,3256420080000;1,689697691100000;0,07253380216421450;2,792635983263598;10,49120370370370;7,72500000000000;2,766203703703704;10,48680925925926
17;C;F.o.;Grass;P+L;23,7930707840000;2,177903466800000;0,06024934914554274;2,201842210652783;14,80555555555556;10,18148148148148;4,624074074074075;14,78740740740741
18;C;A.o.;Grass;P+L;14,6319182960000;0,767517496800000;0,03445235733999306;1,573312695495147;36,94490740740741;22,58796296296296;14,356944444444444;36,92163888888889
19;C;D.g.;Grass;P+L;17,8820269700000;2,317818211400000;0,03567013563913632;2,116088328075710;13,71944444444444;9,31666666666667;4,402777777777778;13,69675925925926
20;C;H.l.;Grass;P+L;13,4394322980000;0,819760832600000;0,05675847669915545;1,472475048647292;18,23564814814815;10,86018518518519;7,375462962962962;18,22120370648149
21;C;G.v.;Forbs;P+L;18,8691478560000;3,355038473300000;0,05185218700464680;1,534808667588751;15,27222222222222;9,24722222222222;6,024999999999999;15,26425000000000
23;C;P.l.;Forbs;P+L;13,2624628620000;2,017553740000000;0,03510417634710798;3,556489262371616;18,07407407407407;14,10740740740741;3,966666666666666;18,02870370370371
24;C;C.n.;Forbs;P+L;19,1923280730000;2,315345693600000;0,03088448204948684;0,923213272830403;25,11574074074074;12,05648148148148;13,059259259259260;25,04425000000000
25;C;R.a.;Forbs;P+L;17,6606826740000;1,664629403200000;0,03442951844824071;0,479012973798016;32,30000000000000;10,46111111111111;21,838888888888889;32,25877777777778
26;C;M.a.;Leg;P+L;38,0763415400000;2,601449692400000;0,03855266353702497;0,942962848774472;23,34074074074074;11,32777777777778;12,012962962962963;23,26379629351852
27;C;T.p.;Leg;P+L;17,9550971320000;1,893488306400000;0,06908498734001878;3,094850603941512;29,82037037037037;22,53796296296296;7,282407407407408;29,78064815092592
28;C;L.c.;Leg;P+L;14,0385092230000;1,505742851500000;0,05063167287162398;1,218831467566324;26,79444444444444;14,71851851851852;12,075925925925926;26,77350925925926
29;C;M.s.;Leg;P+L;15,0060558160000;2,733311361400000;0,05073467320384720;1,169917401263275;28,94629629629630;15,60648148148148;13,339814814814815;28,89624999722222
30;C;T.r.;Leg;P+L;24,9649882740000;1,705919128400000;0,05647166524775015;2,677974913888347;26,20046296296296;19,07685185185185;7,123611111111111;26,19606851851852
