Sp;Type;gf;soluble;hemi.cellulose;cellulose;lignines;NperMS;CperMS;cendres;Ca;Mg;P;Mn;K
F.o.;PA;Grass;0,291912588819838;0,3472538263047918;0,3453138607947089;0,01475893031916991;0,0094;0,4319;0,000760793761491185;6,898;1,118;2,253;0,0098;22,432
F.o.;PA;Grass;0,298199660717820;0,3415289484934050;0,3456939356701536;0,01381666135712977;0,0094;0,4319;0,000760793761491185;6,898;1,118;2,253;0,0098;22,432
D.g.;PA;Grass;0,394123362786848;0,2784906648242910;0,3146306747633210;0,01123279037208577;0,0089;0,4148;0,001522507253454289;10,353;1,560;2,668;0,0088;35,458
D.g.;PA;Grass;0,405640411269199;0,2684204594268136;0,3110268815580539;0,01338974049247981;0,0089;0,4148;0,001522507253454290;10,353;1,560;2,668;0,0088;35,458
A.o.;PA;Grass;0,564593323052645;0,2205804751054884;0,2109900196661194;0,00206495070376099;0,0185;0,4011;0,001771231471986643;13,903;1,801;4,342;0,0178;47,583
A.o.;PA;Grass;0,576792382371522;0,2083814157866110;0,2083814157866110;0,00467355458326938;0,0185;0,4011;0,001771231471986643;13,903;1,801;4,342;0,0178;47,583
D.g.;PS;Grass;0,227392191704802;0,3665201462532477;0,3644376454222631;0,04085651115670725;0,0062;0,4331;0,000793505462980021;8,228;0,454;2,010;0,0098;6,649
D.g.;PS;Grass;0,167928978321907;0,3622199721235478;0,3663596289478169;0,10269791514374776;0,0062;0,4331;0,000793505462980021;8,228;0,454;2,010;0,0098;6,649
T.r.;PA;Legumes;0,738551186143617;0,0546310954326771;0,1755999496050334;0,02834375182723149;0,0189;0,3679;0,002874016991441148;40,444;2,255;6,164;0,0101;36,127
T.r.;PA;Legumes;0,755361078127646;0,0506909477753527;0,1652965688326718;0,02577738827288867;0,0189;0,3679;0,002874016991441148;40,444;2,255;6,164;0,0101;36,127
T.p.;PA;Legumes;0,705115386527969;0,0721300493384824;0,1951754276217758;0,02480368766965515;0,0197;0,3862;0,002775448842117541;34,884;2,573;5,600;0,0087;37,943
T.p.;PA;Legumes;0,719072439418542;0,0743631778009741;0,1797110130190206;0,02407792091934534;0,0197;0,3862;0,002775448842117541;34,884;2,573;5,600;0,0087;37,943
P.l.;PS;Forb;0,601052494895360;0,1022428279413899;0,2125047012115168;0,08236437144672391;0,0139;0,3876;0,001835604505008944;12,922;2,216;4,323;0,0146;46,177
H.l.;PA;Grass;0,418400737784325;0,2918494492706815;0,2666538133624212;0,02172215876076543;0,0115;0,4102;0,001373840821806505;10,728;1,942;6,025;0,0101;30,640
G.v.;PA;Forb;0,704225488198237;0,1204224798050037;0,0992957289620206;0,07547890908895236;0,0124;0,4437;0,000577393945786553;9,490;0,841;1,859;0,0144;18,785
G.v.;PA;Forb;0,704614665187450;0,0888221636149627;0,1280691661425042;0,07791661110929679;0,0124;0,4437;0,000577393945786553;9,490;0,841;1,859;0,0144;18,785
L.c.;PS;Legumes;0,614135978978508;0,1108804658107734;0,2106728850404697;0,06263673927516940;0,0128;0,4304;0,001673930895079301;5,563;1,112;6,457;0,0728;32,940
C.n.;PA;Forb;0,816173075204996;0,0487704086190827;0,1144228817601554;0,01868154923386705;0,0103;0,4185;0,001952085181898710;23,703;1,578;1,531;0,0377;28,107
C.n.;PA;Forb;0,813612040406662;0,0470676665639742;0,1204932264037738;0,01687498144369098;0,0103;0,4185;0,001952085181898710;23,703;1,578;1,531;0,0377;28,107
M.a.;PA;Legumes;0,704196112807355;0,0655136125997133;0,1866145328597892;0,04163087678578984;0,0097;0,3997;0,002044864947352363;24,467;3,173;5,904;0,0122;26,231
M.a.;PA;Legumes;0,732031473801147;0,0600249498685430;0,1714998567672656;0,03439885461569162;0,0097;0,3997;0,002044864947352363;24,467;3,173;5,904;0,0122;26,231
L.c.;PA;Legumes;0,683668518371367;0,0693888411314422;0,1938805855143236;0,05159823231452777;0,0109;0,4083;0,001463822668339804;16,825;2,465;5,495;0,0094;37,477
L.c.;PA;Legumes;0,639502670705942;0,0787972304467886;0,2206322452510084;0,05960403092792150;0,0109;0,4083;0,001463822668339804;16,825;2,465;5,495;0,0094;37,477
R.a.;PA;Forb;0,748685433221895;0,0498296123784175;0,1711538859954341;0,02743355667978632;0,0186;0,3503;0,002897511724467584;23,064;3,566;6,750;0,0193;68,200
R.a.;PA;Forb;0,757458154291403;0,0502564184801598;0,1616945638057314;0,02769335169823841;0,0186;0,3503;0,002897511724467584;23,064;3,566;6,750;0,0193;68,200
P.l.;PA;Forb;0,731017298870864;0,0555043668996630;0,1473000506183363;0,06371548217450256;0,0130;0,3829;0,002462801436634143;22,207;2,177;2,930;0,0123;43,135
P.l.;PA;Forb;0,735590078544570;0,0567991683126479;0,1331842567331053;0,07196369497304247;0,0130;0,3829;0,002462801436634143;22,207;2,177;2,930;0,0123;43,135
M.a.;PS;Legumes;0,573745992178755;0,0495143544438820;0,2174325999492208;0,15742773460893242;0,0181;0,4213;0,001879318819209464;8,013;2,553;5,014;0,0890;21,175
M.a.;PS;Legumes;0,576130629984748;0,1323190096873007;0,1816583014351081;0,10801274007363343;0,0181;0,4213;0,001879318819209464;8,013;2,553;5,014;0,0890;21,175
A.o.;PS;Grass;0,271748552199309;0,3619453303440558;0,3270590334434241;0,00786906076798290;0,0080;0,4056;0,031378023245228023;7,900;0,712;1,931;0,0157;11,237
C.n.;PS;Forb;0,791525322732164;0,0504728166016867;0,1272792766477315;0,02977129025890515;0,0062;0,4048;0,000951293759512861;4,259;0,974;3,440;0,0992;24,329
C.n.;PS;Forb;0,789469450568525;0,0515585019015857;0,1245997129288319;0,03342104084154428;0,0062;0,4048;0,000951293759512861;4,259;0,974;3,440;0,0992;24,329
H.l.;PS;Grass;0,211490066520863;0,4240725692660906;0,3357241173356552;0,02813093743815548;0,0056;0,4386;0,000582309439236101;2,406;0,360;1,544;0,0113;9,925
H.l.;PS;Grass;0,205352627967561;0,4249924663794661;0,3342388667880177;0,03483372942571945;0,0056;0,4386;0,000582309439236101;2,406;0,360;1,544;0,0113;9,925
T.r.;PS;Legumes;NA;NA;NA;NA;0,0157;0,3930;NA;9,068;2,269;5,174;0,0643;30,743
M.s.;PA;Legumes;0,661235816462995;0,0950192222115988;0,1900384444231981;0,05253449311012497;0,0079;0,4292;0,001172023792082954;8,878;0,811;3,565;0,0043;18,293
M.s.;PA;Legumes;0,707117842926350;0,0783506407458174;0,1678942301696084;0,04546526236614166;0,0079;0,4292;0,001172023792082954;8,878;0,811;3,565;0,0043;18,293
T.p.;PS;Legumes;NA;NA;NA;NA;0,0286;0,3816;NA;16,335;2,272;10,277;0,1741;25,097
R.a.;PS;Forb;0,756310849744168;0,0735665359262891;0,1172466666325230;0,05201025020367787;0,0065;0,4309;0,000865697493342412;9,489;1,233;2,829;0,3000;11,183
R.a.;PS;Forb;0,781396367782852;0,0653767872051283;0,1144093776089743;0,03795176990970253;0,0065;0,4309;0,000865697493342412;9,489;1,233;2,829;0,3000;11,183
F.o.;PS;Grass;0,320397844867679;0,3508925073976966;0,2883771756199462;0,04033247211467782;0,0080;0,4237;0,000000000000000000;10,043;0,682;3,048;0,0184;16,266
M.s.;PS;Legumes;0,596157120392387;0,1577511248467239;0,1829913048221997;0,06228519298716834;0,0094;0,4181;0,000815256951521290;2,515;1,415;3,272;0,0485;14,852
M.s.;PS;Legumes;0,593661323420668;0,1646740952453082;0,1860603413810626;0,05478898300144001;0,0094;0,4181;0,000815256951521290;2,515;1,415;3,272;0,0485;14,852
G.v.;PS;Forb;0,689144052357001;0,1081238078758260;0,1193867045295579;0,08259306698755568;0,0141;0,4224;0,000752368250059916;11,788;1,769;3,312;0,0411;23,212
A.o.;PA;Grass;0,613012680314800;0,1873833337423071;0,1955304352093639;0,00230231926154178;0,0185;0,4011;0,001771231471986643;13,903;1,801;4,342;0,0178;47,583
P.l.;PA;Forb;0,737552193202852;0,0568942797951859;0,1394827504656170;0,06360797509971051;0,0130;0,3829;0,002462801436634143;22,207;2,177;2,930;0,0123;43,135
L.c.;PA;Legumes;0,560162011083658;0,1075159528462171;0,1583416760098831;0,17251653739190215;0,0109;0,4083;0,001463822668339804;16,825;2,465;5,495;0,0094;37,477
M.s.;PS;Legumes;0,604738302188417;0,1511294726926641;0,1801928328258687;0,06312413534152857;0,0094;0,4181;0,000815256951521290;2,515;1,415;3,272;0,0485;14,852
C.n.;PS;Forb;0,778410559611684;0,0521386918560744;0,1247604412270349;0,04373901354569373;0,0062;0,4048;0,000951293759512861;4,259;0,974;3,440;0,0992;24,329
L.c.;PA;Legumes;0,689130685424085;0,0702529524465344;0,1879266477944798;0,05122589166656114;0,0109;0,4083;0,001463822668339804;16,825;2,465;5,495;0,0094;37,477
F.o.;PA;Grass;0,326136508667523;0,3273051243614891;0,3369317456662387;0,00886582754325850;0,0094;0,4319;0,000760793761491185;6,898;1,118;2,253;0,0098;22,432
P.l.;PS;Forb;0,616078280325691;0,0848669064543208;0,2000434223566139;0,09717578635836541;0,0139;0,3876;0,001835604505008944;12,922;2,216;4,323;0,0146;46,177
H.l.;PA;Grass;0,448789224248083;0,2733276573976451;0,2733276573976446;0,00318162013482091;0,0115;0,4102;0,001373840821806505;10,728;1,942;6,025;0,0101;30,640
M.a.;PA;Legumes;0,790323805253720;0,0499229035110192;0,1317964652690904;0,02591196101881837;0,0097;0,3997;0,002044864947352363;24,467;3,173;5,904;0,0122;26,231
D.g.;PA;Grass;0,437369063640563;0,2551059525108009;0,3075249838486367;NA;0,0089;0,4148;0,001522507253454290;10,353;1,560;2,668;0,0088;35,458
M.s.;PA;Legumes;0,768752875064953;0,0624000178396159;0,1358118035332814;0,03186327977006667;0,0079;0,4292;0,001172023792082955;8,878;0,811;3,565;0,0043;18,293
H.l.;PS;Grass;0,216382781422074;0,4348645004196185;0,3186135943668491;0,02955681435222264;0,0056;0,4386;0,000582309439236101;2,406;0,360;1,544;0,0113;9,925
T.r.;PA;Legumes;0,757974741822863;0,0501493778204879;0,1526285411927889;0,03637332217241892;0,0189;0,3679;0,002874016991441148;40,444;2,255;6,164;0,0101;36,127
C.n.;PA;Forb;0,766582485313590;0,1053477278673178;0,1115446530359834;0,01457304860120997;0,0103;0,4185;0,001952085181898710;23,703;1,578;1,531;0,0377;28,107
G.v.;PA;Forb;0,704614665187450;0,1053472173107698;0,1115441124466972;0,07791661110929679;0,0124;0,4437;0,000577393945786553;9,490;0,841;1,859;0,0144;18,785
R.a.;PS;Forb;0,763024307973990;0,0651683153071528;0,1184878460130048;0,05245383321250986;0,0065;0,4309;0,000865697493342412;9,489;1,233;2,829;0,3000;11,183
R.a.;PS;Forb;0,766962217649176;0,0629831844191417;0,1259663688382832;0,04322253160005680;0,0065;0,4309;0,000865697493342412;9,489;1,233;2,829;0,3000;11,183
