"","Numero","Bloc","Type","Sp","mod","gf","Weight","AtomPer13C","APE13C","C amount","C concentration"
"1","1","A","F","N.s.","P","Grass",28.268,1.08437,7.94162790697683,154.48,0.55
"2","10","A","F","R.a.","P","Forb",27.237,1.07553,-0.898372093023125,42.06,0.15
"3","11","A","F","M.a.","P","Legumes",27.018,1.08039,3.96162790697674,155.92,0.58
"4","12","A","F","T.p.","P","Legumes",24.774,1.08775,11.3216279069768,157.36,0.64
"5","15","A","F","T.r.","P","Legumes",24.095,1.0844,7.97162790697681,142.09,0.59
"6","17","A","F","F.o.","P+L","Grass",29.003,1.07939,2.96162790697685,200.46,0.69
"7","18","A","F","A.o.","P+L","Grass",26.99,1.07578,-0.648372093023264,50.34,0.19
"8","19","A","F","D.g.","P+L","Grass",28.061,1.07956,3.13162790697685,145.22,0.52
"9","2","A","F","F.o.","P","Grass",31.026,1.07553,-0.898372093023125,24.03,0.08
"10","2","A","F","F.o.","P","Grass",28.682,1.08235,5.9216279069767,164.14,0.57
"11","20","A","F","H.l.","P+L","Grass",26.405,1.07847,2.04162790697682,207.63,0.79
"12","21","A","F","G.v.","P+L","Forb",27.189,1.07936,2.93162790697687,48.39,0.18
"13","23","A","F","P.l.","P+L","Forb",28.428,1.07857,2.14162790697681,160.42,0.56
"14","24","A","F","C.n.","P+L","Forb",27.831,1.07864,2.21162790697682,167.73,0.6
"15","25","A","F","R.a.","P+L","Forb",29.894,1.0855,9.07162790697669,152.28,0.51
"16","26","A","F","M.a.","P+L","Legumes",28.98,1.0821,5.67162790697684,192.8,0.67
"17","27","A","F","T.p.","P+L","Legumes",29.753,1.08143,5.00162790697667,161.95,0.54
"18","28","A","F","L.c.","P+L","Legumes",29.131,1.08539,8.96162790697685,202.89,0.7
"19","29","A","F","M.s.","P+L","Legumes",28.647,1.07915,2.72162790697683,179.82,0.63
"20","3","A","F","A.o.","P","Grass",26.522,1.07665,0.221627906976885,35.06,0.13
"21","30","A","F","T.r.","P+L","Legumes",26.829,1.08014,3.71162790697688,144.2,0.54
"22","32","A","F","F.o.","L","Grass",25.978,1.07652,0.091627906976699,149.16,0.57
"23","34","A","F","D.g.","L","Grass",30.669,1.07643,0.00162790697677551,164.13,0.54
"24","36","A","F","G.v.","L","Forb",29.675,1.07663,0.201627906976753,175.37,0.59
"25","38","A","F","P.l.","L","Forb",27.951,1.07654,0.11162790697683,161.71,0.58
"26","39","A","F","C.n.","L","Forb",29.396,1.07627,-0.158372093023162,147.86,0.5
"27","4","A","F","D.g.","P","Grass",28.802,1.07953,3.10162790697688,170.16,0.59
"28","40","A","F","R.a.","L","Forb",28.276,1.07655,0.121627906976673,197.09,0.7
"29","41","A","F","M.a.","L","Legumes",31.624,1.07671,0.281627906976833,161.82,0.51
"30","42","A","F","T.p.","L","Legumes",25.661,1.07632,-0.108372093023279,157.58,0.61
"31","43","A","F","L.c.","L","Legumes",31.565,1.07648,0.051627906976881,197.39,0.63
"32","44","A","F","M.s.","L","Legumes",26.495,1.07651,0.0816279069768555,165.03,0.62
"33","45","A","F","T.r.","L","Legumes",29.57,1.0764,-0.028372093023199,182.59,0.62
"34","46","A","F",NA,"T","Temoins",28.822,1.07614,-0.288372093023126,159.22,0.55
"35","47","A","F",NA,"T","Temoins",29.131,1.07676,0.331627906976717,142.36,0.49
"36","5","A","F","H.l.","P","Grass",25.891,1.07853,2.10162790697677,133.9,0.52
"37","6","A","F","G.v.","P","Forb",27.257,1.08422,7.79162790697674,161.16,0.59
"38","7","A","F","C.r.","P","Forb",28.609,1.07722,0.791627906976844,186.51,0.65
"39","8","A","F","P.l.","P","Forb",27.658,1.07938,2.95162790697678,139.03,0.5
"40","9","A","F","C.n.","P","Forb",29.641,1.07906,2.63162790697669,190.47,0.64
"41","1","A","NF","N.s.","P","Grass",34.931,1.0759,1.04729166666684,50.57,0.14
"42","10","A","NF","R.a.","P","Forb",33.667,1.07508,0.227291666666796,52.26,0.16
"43","11","A","NF","M.a.","P","Legumes",35.352,1.07524,0.387291666666734,50.28,0.14
"44","12","A","NF","T.p.","P","Legumes",30.949,1.07682,1.96729166666687,45.59,0.15
"45","13","A","NF","L.c.","P","Legumes",32.755,1.07714,2.28729166666675,50.1,0.15
"46","13","A","NF","L.c.","P","Legumes",25.054,1.07725,2.3972916666668,41.06,0.16
"47","14","A","NF","M.s.","P","Legumes",29.216,1.0763,1.44729166666679,58.69,0.2
"48","15","A","NF","T.r.","P","Legumes",34.55,1.07581,0.957291666666693,40.62,0.12
"49","17","A","NF","F.o.","P+L","Grass",35.117,1.07536,0.507291666666854,49.23,0.14
"50","18","A","NF","A.o.","P+L","Grass",35.955,1.07586,1.0072916666668,64.31,0.18
"51","19","A","NF","D.g.","P+L","Grass",32.107,1.07617,1.31729166666683,47.55,0.15
"52","2","A","NF","F.o.","P","Grass",31.722,1.0753,0.447291666666683,86.37,0.27
"53","20","A","NF","H.l.","P+L","Grass",32.246,1.07453,-0.322708333333255,43.82,0.14
"54","21","A","NF","G.v.","P+L","Forb",34.553,1.07839,3.53729166666672,55.88,0.16
"55","23","A","NF","P.l.","P+L","Forb",31.937,1.07583,0.977291666666824,44.88,0.14
"56","24","A","NF","C.n.","P+L","Forb",29.46,1.07488,0.0272916666668177,35.14,0.12
"57","25","A","NF","R.a.","P+L","Forb",28.033,1.07785,2.99729166666673,42.16,0.15
"58","26","A","NF","M.a.","P+L","Legumes",35.158,1.07617,1.31729166666683,63.47,0.18
"59","27","A","NF","T.p.","P+L","Legumes",33.259,1.07544,0.587291666666712,65.62,0.2
"60","28","A","NF","L.c.","P+L","Legumes",33.618,1.07718,2.32729166666679,57.11,0.17
"61","29","A","NF","M.s.","P+L","Legumes",33.321,1.07533,0.477291666666657,57.02,0.17
"62","3","A","NF","A.o.","P","Grass",33.264,1.0765,1.64729166666677,42.16,0.13
"63","30","A","NF","T.r.","P+L","Legumes",29.882,1.07569,0.837291666666795,52.67,0.18
"64","30","A","NF","T.r.","P+L","Legumes",27.473,1.07607,1.21729166666684,52.62,0.19
"65","32","A","NF","F.o.","L","Grass",29.589,1.07499,0.13729166666665,48.21,0.16
"66","33","A","NF","A.o.","L","Grass",35.49,1.07457,-0.282708333333215,60.09,0.17
"67","33","A","NF","A.o.","L","Grass",27.636,1.07481,-0.0427083333331968,51.93,0.19
"68","34","A","NF","D.g.","L","Grass",33.885,1.0748,-0.0527083333332623,59.52,0.18
"69","35","A","NF","H.l.","L","Grass",34.289,1.07495,0.0972916666668322,66.32,0.19
"70","35","A","NF","H.l.","L","Grass",27.501,1.07479,-0.0627083333333278,56.59,0.21
"71","36","A","NF","G.v.","L","Forb",28.361,1.07543,0.577291666666868,88.44,0.31
"72","38","A","NF","P.l.","L","Forb",34.453,1.07471,-0.142708333333186,61.1,0.18
"73","38","A","NF","P.l.","L","Forb",27.701,1.07449,-0.362708333333295,49.54,0.18
"74","39","A","NF","C.n.","L","Forb",28.616,1.07489,0.0372916666666612,48.53,0.17
"75","4","A","NF","D.g.","P","Grass",30.412,1.07631,1.45729166666686,44.34,0.15
"76","40","A","NF","R.a.","L","Forb",30.427,1.07468,-0.17270833333316,51.72,0.17
"77","41","A","NF","M.a.","L","Legumes",35.255,1.07488,0.0272916666668177,65.32,0.19
"78","42","A","NF","T.p.","L","Legumes",34.306,1.07543,0.577291666666868,121.01,0.35
"79","43","A","NF","L.c.","L","Legumes",29.204,1.07465,-0.202708333333135,54.48,0.19
"80","44","A","NF","M.s.","L","Legumes",32.714,1.07397,-0.882708333333149,52.81,0.16
"81","45","A","NF","T.r.","L","Legumes",32.802,1.07485,-0.00270833333315679,64.08,0.2
"82","46","A","NF",NA,"T","Temoins",28.678,1.07555,0.697291666666766,105.2,0.37
"83","47","A","NF",NA,"T","Temoins",31.692,1.07517,0.317291666666719,58.22,0.18
"84","5","A","NF","H.l.","P","Grass",33.663,1.07491,0.0572916666667922,45.42,0.13
"85","6","A","NF","G.v.","P","Forb",32.197,1.07558,0.727291666666741,42.15,0.13
"86","7","A","NF","C.r.","P","Forb",35.058,1.07472,-0.132708333333342,47.08,0.13
"87","8","A","NF","P.l.","P","Forb",29.85,1.07507,0.21729166666673,37.6,0.13
"88","9","A","NF","C.n.","P","Forb",32.162,1.07506,0.207291666666665,45.56,0.14
"89","10","B","F","R.a.","P","Forb",29.563,1.0928,16.3716279069768,216.44,0.73
"90","11","B","F","M.a.","P","Legumes",22.824,1.11049,34.0616279069768,188.93,0.83
"91","12","B","F","T.p.","P","Legumes",28.005,1.08897,12.5416279069768,169.59,0.61
"92","12","B","F","T.p.","P","Legumes",27.286,1.08917,12.7416279069767,174.1,0.64
"93","13","B","F","L.c.","P","Legumes",30.16,1.10654,30.1116279069769,205.9,0.68
"94","14","B","F","M.s.","P","Legumes",28.163,1.11653,40.1016279069768,180.17,0.64
"95","15","B","F","T.r.","P","Legumes",27.345,1.08178,5.35162790697674,163.45,0.6
"96","17","B","F","F.o.","P+L","Grass",28.829,1.088,11.5716279069769,149.04,0.52
"97","18","B","F","A.o.","P+L","Grass",32.843,1.08357,7.1416279069767,251.02,0.76
"98","19","B","F","D.g.","P+L","Grass",31.951,1.0828,6.37162790697676,196.2,0.61
"99","2","B","F","F.o.","P","Grass",27.895,1.09298,16.5516279069768,129.49,0.46
"100","20","B","F","H.l.","P+L","Grass",27.663,1.08941,12.9816279069768,231.57,0.84
"101","21","B","F","G.v.","P+L","Forb",28.312,1.0858,9.37162790697688,208.29,0.74
"102","24","B","F","C.n.","P+L","Forb",30.119,1.08187,5.44162790697689,237.1,0.79
"103","25","B","F","R.a.","P+L","Forb",27.977,1.09862,22.1916279069767,210.58,0.75
"104","26","B","F","M.a.","P+L","Legumes",28.285,1.11231,35.8816279069767,181.51,0.64
"105","27","B","F","T.p.","P+L","Legumes",27.662,1.09252,16.0916279069767,225.23,0.81
"106","28","B","F","L.c.","P+L","Legumes",29.791,1.11653,40.1016279069768,215.6,0.72
"107","29","B","F","M.s.","P+L","Legumes",28.017,1.08663,10.2016279069768,170.56,0.61
"108","3","B","F","A.o.","P","Grass",27.627,1.11376,37.3316279069769,195.6,0.71
"109","30","B","F","T.r.","P+L","Legumes",27.885,1.08556,9.13162790697686,153.86,0.55
"110","32","B","F","F.o.","L","Grass",27.92,1.07648,0.051627906976881,193.7,0.69
"111","33","B","F","A.o.","L","Grass",29.351,1.0769,0.471627906976746,171.44,0.58
"112","34","B","F","D.g.","L","Grass",29.194,1.07679,0.361627906976691,120.14,0.41
"113","35","B","F","H.l.","L","Grass",32.601,1.07661,0.181627906976844,203.05,0.62
"114","36","B","F","G.v.","L","Forb",28.116,1.07645,0.0216279069766845,162.22,0.58
"115","38","B","F","P.l.","L","Forb",29.973,1.07578,-0.648372093023264,159.16,0.53
"116","39","B","F","C.n.","L","Forb",28.718,1.07657,0.141627906976804,187.78,0.65
"117","4","B","F","D.g.","P","Grass",29.528,1.08532,8.89162790697684,218.11,0.74
"118","40","B","F","R.a.","L","Forb",27.589,1.07674,0.311627906976808,163.93,0.59
"119","41","B","F","M.a.","L","Legumes",28.3,1.07584,-0.588372093023315,174.09,0.62
"120","42","B","F","T.p.","L","Legumes",27.721,1.07662,0.191627906976688,166.99,0.6
"121","43","B","F","L.c.","L","Legumes",28.11,1.07633,-0.0983720930232135,194.71,0.69
"122","44","B","F","M.s.","L","Legumes",33.548,1.07671,0.281627906976833,220.05,0.66
"123","45","B","F","T.r.","L","Legumes",32.134,1.07669,0.261627906976702,181.1,0.56
"124","46","B","F",NA,"T","Temoins",29.051,1.07614,-0.288372093023126,157.73,0.54
"125","47","B","F",NA,"T","Temoins",25.742,1.07619,-0.238372093023242,155.6,0.6
"126","5","B","F","H.l.","P","Grass",28.242,1.08618,9.7516279069767,188.82,0.67
"127","6","B","F","G.v.","P","Forb",28.765,1.08425,7.82162790697671,204.18,0.71
"128","7","B","F","C.r.","P","Forb",30.502,1.08129,4.86162790697686,181.68,0.6
"129","8","B","F","P.l.","P","Forb",31.984,1.08584,9.41162790697669,203.19,0.64
"130","9","B","F","C.n.","P","Forb",30.418,1.08177,5.34162790697668,199.85,0.66
"131","1","B","NF","N.s.","P","Grass",27.728,1.07555,0.697291666666766,53.92,0.19
"132","10","B","NF","R.a.","P","Forb",33.463,1.07598,1.1272916666667,68.52,0.2
"133","11","B","NF","M.a.","P","Legumes",31.075,1.07904,4.18729166666676,61.65,0.2
"134","12","B","NF","T.p.","P","Legumes",28.769,1.07501,0.157291666666781,55.57,0.19
"135","13","B","NF","L.c.","P","Legumes",28.604,1.0779,3.04729166666684,77.75,0.27
"136","14","B","NF","M.s.","P","Legumes",33.022,1.08004,5.18729166666665,75.17,0.23
"137","15","B","NF","T.r.","P","Legumes",33.023,1.07597,1.11729166666685,78.42,0.24
"138","17","B","NF","F.o.","P+L","Grass",28.184,1.07561,0.757291666666715,57.66,0.2
"139","18","B","NF","A.o.","P+L","Grass",29.125,1.07585,0.997291666666733,56.82,0.2
"140","19","B","NF","D.g.","P+L","Grass",31.161,1.07561,0.757291666666715,54.75,0.18
"141","2","B","NF","F.o.","P","Grass",27.736,1.07554,0.687291666666701,62.72,0.23
"142","20","B","NF","H.l.","P+L","Grass",31.865,NA,NA,NA,NA
"143","21","B","NF","G.v.","P+L","Forb",27.824,1.07496,0.107291666666676,43.75,0.16
"144","23","B","NF","P.l.","P+L","Forb",27.82,1.07593,1.07729166666681,59.35,0.21
"145","24","B","NF","C.n.","P+L","Forb",29.961,1.07565,0.797291666666755,59.38,0.2
"146","25","B","NF","R.a.","P+L","Forb",28.082,1.07604,1.18729166666687,60.94,0.22
"147","25","B","NF","R.a.","P+L","Forb",27.165,1.07571,0.857291666666704,63.24,0.23
"148","26","B","NF","M.a.","P+L","Legumes",30.103,1.07522,0.367291666666825,178.1,0.59
"149","27","B","NF","T.p.","P+L","Legumes",31.976,1.07539,0.537291666666828,48.45,0.15
"150","28","B","NF","L.c.","P+L","Legumes",31.573,1.08437,9.51729166666682,53.95,0.17
"151","29","B","NF","M.s.","P+L","Legumes",30.521,1.07564,0.78729166666669,48.84,0.16
"152","3","B","NF","A.o.","P","Grass",26.341,1.07639,1.53729166666672,67.38,0.26
"153","30","B","NF","T.r.","P+L","Legumes",29.566,1.07683,1.97729166666671,42.39,0.14
"154","32","B","NF","F.o.","L","Grass",26.964,1.07466,-0.192708333333291,49.8,0.18
"155","33","B","NF","A.o.","L","Grass",28.548,1.0746,-0.25270833333324,38.09,0.13
"156","34","B","NF","D.g.","L","Grass",28.731,1.07457,-0.282708333333215,44.46,0.15
"157","35","B","NF","H.l.","L","Grass",32.418,1.07483,-0.0227083333332878,51.12,0.16
"158","36","B","NF","G.v.","L","Forb",34.442,1.07462,-0.232708333333331,57.45,0.17
"159","38","B","NF","P.l.","L","Forb",30.311,1.07442,-0.432708333333309,50.14,0.17
"160","39","B","NF","C.n.","L","Forb",31.527,1.07414,-0.712708333333145,47.91,0.15
"161","4","B","NF","D.g.","P","Grass",30.882,1.07523,0.377291666666668,78.07,0.25
"162","40","B","NF","R.a.","L","Forb",27.805,1.07422,-0.632708333333287,47.04,0.17
"163","41","B","NF","M.a.","L","Legumes",31.263,1.074,-0.852708333333174,42.06,0.13
"164","42","B","NF","T.p.","L","Legumes",31.001,1.07448,-0.372708333333138,50.79,0.16
"165","43","B","NF","L.c.","L","Legumes",29.074,1.07416,-0.692708333333236,52.95,0.18
"166","44","B","NF","M.s.","L","Legumes",28.287,1.07438,-0.472708333333349,59.6,0.21
"167","45","B","NF","T.r.","L","Legumes",28.992,1.07509,0.237291666666861,53.34,0.18
"168","46","B","NF",NA,"T","Temoins",30.293,1.07331,-1.54270833333325,43.3,0.14
"169","47","B","NF",NA,"T","Temoins",30.472,1.07373,-1.12270833333317,43.34,0.14
"170","5","B","NF","H.l.","P","Grass",35.696,1.07549,0.637291666666817,52.26,0.15
"171","6","B","NF","G.v.","P","Forb",30.427,1.07505,0.197291666666821,45.96,0.15
"172","6","B","NF","G.v.","P","Forb",0,1.07486,0.00729166666668668,62.17,NA
"173","7","B","NF","C.r.","P","Forb",28.215,1.07535,0.497291666666788,64.85,0.23
"174","8","B","NF","P.l.","P","Forb",29.931,1.07561,0.757291666666715,53.25,0.18
"175","9","B","NF","C.n.","P","Forb",28.606,1.07509,0.237291666666861,50.34,0.18
"176","1","C","F","N.s.","P","Grass",30.459,1.09009,13.6616279069768,188.12,0.62
"177","10","C","F","R.a.","P","Forb",29.142,1.08846,12.0316279069768,134.96,0.46
"178","11","C","F","M.a.","P","Legumes",30.812,1.09088,14.4516279069768,211.83,0.69
"179","12","C","F","T.p.","P","Legumes",27.015,1.08247,6.04162790697682,162.16,0.6
"180","13","C","F","L.c.","P","Legumes",27.774,1.08456,8.13162790697675,181.59,0.65
"181","14","C","F","M.s.","P","Legumes",28.039,1.0996,23.1716279069767,175.38,0.63
"182","15","C","F","T.r.","P","Legumes",27.933,1.07889,2.46162790697668,156.38,0.56
"183","17","C","F","F.o.","P+L","Grass",27.7,1.08154,5.11162790697672,146.71,0.53
"184","18","C","F","A.o.","P+L","Grass",28.21,1.0881,11.6716279069768,166.69,0.59
"185","19","C","F","D.g.","P+L","Grass",28.216,1.07989,3.46162790697679,188.05,0.67
"186","2","C","F","F.o.","P","Grass",29.538,1.08021,3.78162790697667,150.97,0.51
"187","20","C","F","H.l.","P+L","Grass",24.804,1.07987,3.44162790697689,138.87,0.56
"188","21","C","F","G.v.","P+L","Forb",29.146,1.08401,7.5816279069767,166.87,0.57
"189","23","C","F","P.l.","P+L","Forb",27.717,1.08023,3.8016279069768,189.54,0.68
"190","24","C","F","C.n.","P+L","Forb",26.701,1.0871,10.6716279069767,147.18,0.55
"191","25","C","F","R.a.","P+L","Forb",29.72,1.08771,11.2816279069767,196.63,0.66
"192","26","C","F","M.a.","P+L","Legumes",28.306,1.11676,40.3316279069767,193.02,0.68
"193","27","C","F","T.p.","P+L","Legumes",29.782,1.0907,14.2716279069768,175.41,0.59
"194","28","C","F","L.c.","P+L","Legumes",28.732,1.10034,23.9116279069769,162.37,0.57
"195","29","C","F","M.s.","P+L","Legumes",28.324,1.11421,37.7816279069767,158.13,0.56
"196","3","C","F","A.o.","P","Grass",30.506,1.08367,7.24162790697669,208.87,0.68
"197","30","C","F","T.r.","P+L","Legumes",29.935,1.07984,3.41162790697669,172.76,0.58
"198","32","C","F","F.o.","L","Grass",28.002,1.07606,-0.368372093023206,174.11,0.62
"199","33","C","F","A.o.","L","Grass",29.185,1.07643,0.00162790697677551,188.02,0.64
"200","34","C","F","D.g.","L","Grass",28.497,1.07628,-0.148372093023319,125.8,0.44
"201","35","C","F","H.l.","L","Grass",32.242,1.07699,0.561627906976669,173.12,0.54
"202","36","C","F","G.v.","L","Forb",28.295,1.07625,-0.178372093023293,132.28,0.47
"203","38","C","F","P.l.","L","Forb",27.904,1.07655,0.121627906976673,158.63,0.57
"204","39","C","F","C.n.","L","Forb",28.03,1.07641,-0.0183720930231335,182.66,0.65
"205","4","C","F","D.g.","P","Grass",30.383,1.08226,5.83162790697678,170.27,0.56
"206","40","C","F","R.a.","L","Forb",31.087,1.07673,0.301627906976742,180.05,0.58
"207","41","C","F","M.a.","L","Legumes",27.97,1.07677,0.341627906976782,194.09,0.69
"208","42","C","F","T.p.","L","Legumes",28.99,1.07674,0.311627906976808,204.9,0.71
"209","43","C","F","L.c.","L","Legumes",31.274,1.0759,-0.528372093023144,180.78,0.58
"210","44","C","F","M.s.","L","Legumes",28.624,1.07597,-0.458372093023129,157.12,0.55
"211","45","C","F","T.r.","L","Legumes",28.491,1.07608,-0.348372093023297,152,0.53
"212","46","C","F",NA,"T","Temoins",29.411,1.07622,-0.208372093023268,180.59,0.61
"213","47","C","F",NA,"T","Temoins",30.3,1.07594,-0.488372093023326,197.3,0.65
"214","5","C","F","H.l.","P","Grass",28.693,1.07968,3.25162790697675,142.93,0.5
"215","6","C","F","G.v.","P","Forb",28.378,1.09366,17.2316279069769,162.59,0.57
"216","7","C","F","C.r.","P","Forb",28.026,1.08028,3.85162790697668,137.57,0.49
"217","8","C","F","P.l.","P","Forb",28.547,1.08333,6.90162790697668,164.1,0.57
"218","9","C","F","C.n.","P","Forb",30.697,1.08094,4.51162790697679,224.17,0.73
"219","KCl","C","KCl",NA,"KCl",NA,29.338,1.08438,NA,188.35,0.64
"220","1","C","NF","N.s.","P","Grass",30.352,1.07589,1.03729166666677,74.28,0.24
"221","10","C","NF","R.a.","P","Forb",32.439,1.07655,1.69729166666666,139.88,0.43
"222","11","C","NF","M.a.","P","Legumes",30.269,NA,NA,NA,NA
"223","12","C","NF","T.p.","P","Legumes",30.986,1.07564,0.78729166666669,71.38,0.23
"224","13","C","NF","L.c.","P","Legumes",30.054,1.07564,0.78729166666669,64.79,0.22
"225","14","C","NF","M.s.","P","Legumes",30.979,1.07603,1.1772916666668,69.55,0.22
"226","15","C","NF","T.r.","P","Legumes",30.662,1.07539,0.537291666666828,64.73,0.21
"227","17","C","NF","F.o.","P+L","Grass",28.292,1.07605,1.19729166666671,65.39,0.23
"228","18","C","NF","A.o.","P+L","Grass",29.251,1.07687,2.01729166666675,67.84,0.23
"229","19","C","NF","D.g.","P+L","Grass",27.992,1.07529,0.437291666666839,72.67,0.26
"230","2","C","NF","F.o.","P","Grass",30.389,1.07566,0.807291666666821,65.16,0.21
"231","20","C","NF","H.l.","P+L","Grass",28.694,1.07568,0.82729166666673,56.39,0.2
"232","21","C","NF","G.v.","P+L","Forb",28.695,1.07546,0.607291666666843,51.52,0.18
"233","23","C","NF","P.l.","P+L","Forb",27.941,1.07556,0.707291666666832,61.45,0.22
"234","24","C","NF","C.n.","P+L","Forb",28.589,1.07671,1.85729166666682,63.3,0.22
"235","24","C","NF","C.n.","P+L","Forb",28.063,1.0769,2.04729166666673,62.18,0.22
"236","25","C","NF","R.a.","P+L","Forb",30.207,1.07588,1.02729166666671,60.75,0.2
"237","26","C","NF","M.a.","P+L","Legumes",29.392,1.07881,3.95729166666681,64.36,0.22
"238","27","C","NF","T.p.","P+L","Legumes",27.775,1.07755,2.69729166666677,69.31,0.25
"239","28","C","NF","L.c.","P+L","Legumes",31.54,1.07831,3.45729166666686,59.74,0.19
"240","29","C","NF","M.s.","P+L","Legumes",29.322,1.07926,4.40729166666687,72.04,0.25
"241","3","C","NF","A.o.","P","Grass",30.291,1.07569,0.837291666666795,70.57,0.23
"242","30","C","NF","T.r.","P+L","Legumes",28.962,1.07756,2.70729166666683,39.8,0.14
"243","32","C","NF","F.o.","L","Grass",31.576,1.0752,0.347291666666694,58.35,0.18
"244","33","C","NF","A.o.","L","Grass",27.941,1.07455,-0.302708333333346,29.39,0.11
"245","34","C","NF","D.g.","L","Grass",31.033,1.07587,1.01729166666686,64.22,0.21
"246","35","C","NF","H.l.","L","Grass",31.077,1.07624,1.38729166666685,39.23,0.13
"247","36","C","NF","G.v.","L","Forb",31.178,1.07581,0.957291666666693,65.44,0.21
"248","38","C","NF","P.l.","L","Forb",29.676,1.07513,0.277291666666679,54.66,0.18
"249","39","C","NF","C.n.","L","Forb",27.75,1.07558,0.727291666666741,47.06,0.17
"250","4","C","NF","D.g.","P","Grass",29.995,1.07562,0.767291666666781,59.26,0.2
"251","40","C","NF","R.a.","L","Forb",29.124,1.0752,0.347291666666694,48.44,0.17
"252","41","C","NF","M.a.","L","Legumes",29.19,1.07544,0.587291666666712,68.15,0.23
"253","42","C","NF","T.p.","L","Legumes",28.074,1.07538,0.527291666666763,65.87,0.23
"254","43","C","NF","L.c.","L","Legumes",30.061,1.07538,0.527291666666763,76.53,0.25
"255","44","C","NF","M.s.","L","Legumes",29.211,1.07439,-0.462708333333284,67.4,0.23
"256","45","C","NF","T.r.","L","Legumes",27.754,1.07582,0.967291666666759,62.18,0.22
"257","46","C","NF",NA,"T","Temoins",28.003,1.07507,0.21729166666673,51.81,0.19
"258","47","C","NF",NA,"T","Temoins",30.609,1.07505,0.197291666666821,72.21,0.24
"259","5","C","NF","H.l.","P","Grass",29.409,1.07549,0.637291666666817,58.54,0.2
"260","6","C","NF","G.v.","P","Forb",31.753,1.076,1.14729166666683,75.17,0.24
"261","7","C","NF","C.r.","P","Forb",30.76,1.07558,0.727291666666741,57.54,0.19
"262","8","C","NF","P.l.","P","Forb",30.545,1.07547,0.617291666666686,60.5,0.2
"263","9","C","NF","C.n.","P","Forb",28.822,1.07534,0.487291666666723,62.79,0.22
