Numero;Bloc;Sp;gf;mod;SLA;LDMC;RDMC_aver;SRL;RMD;RTD;PerColAMF;CF;Leaf_C;Leaf_N;Root_C;Root_N;Leaf_C:N;Root_C:N
1;A;N.s.;Grass;P;169,352380952381;0,2957746478873240;0,1320754716981132;6187,52380952381;0,3679;0,1521739130434783;0,1400000000000000;0,582000000000000;47,09;3,56;35,69;1,18;13,22752808988764;30,2457627118644
2;A;F.o.;Grass;P;162,598717948718;0,2356495468277945;0,1289260732409820;24361,98297872340;0,1671;0,1872509960159363;0,2448979591836735;0,395000000000000;47,08;3,62;47,19;1,40;13,00552486187845;33,7071428571429
3;A;A.o.;Grass;P;267,579098360656;0,2291079812206573;0,1282916948008103;25827,44210526316;0,1654;0,1800947867298578;0,2365591397849464;0,373000000000000;47,34;2,47;46,21;0,99;19,16599190283401;46,6767676767677
4;A;D.g.;Grass;P;346,893410852713;0,1936936936936937;0,1096282173498570;33559,97391304348;0,1827;0,1138613861386139;0,0600000000000000;0,382000000000000;47,24;3,97;44,84;1,31;11,89924433249370;34,2290076335878
5;A;H.l.;Grass;P;367,721830985916;0,2057971014492753;0,0896191187453323;38834,83055555556;0,1584;0,1304347826086956;0,0760869565217391;0,453000000000000;45,49;3,19;45,48;1,34;14,26018808777430;33,9402985074627
6;A;G.v.;Forbs;P;268,575000000000;0,1818181818181818;0,1314142678347935;28451,64523809524;0,1555;0,1850220264317181;0,0263157894736842;0,715555555555556;46,63;3,54;45,92;1,97;13,17231638418079;23,3096446700508
7;A;C.r.;Forbs;P;387,606410256410;0,1578947368421053;0,0748991741885923;41609,95384615385;0,1658;0,1114285714285714;0,0952380952380952;0,501428571428571;46,32;5,51;44,13;2,76;8,40653357531760;15,9891304347826
8;A;P.l.;Forbs;P;217,728000000000;0,1346153846153846;0,1077586206896552;18825,19200000000;0,2190;0,1410437235543018;NA;NA;45,99;3,01;46,27;1,38;15,27906976744186;33,5289855072464
9;A;C.n.;Forbs;P;183,374010791367;0,1659701492537314;0,1455238859895624;8116,89517241379;0,2885;0,1885565669700910;NA;NA;41,67;2,38;41,40;1,17;17,50840336134454;35,3846153846154
10;A;R.a.;Forbs;P;251,160938628159;0,1069085295252798;0,2449841605068638;6238,12758620690;0,2279;0,3932203389830509;0,0746268656716418;0,717500000000000;43,55;3,31;46,79;1,43;13,15709969788520;32,7202797202797
11;A;M.a.;Leg;P;254,759895833333;0,1729729729729730;0,1469237832874196;4068,66597222222;0,4022;0,1935483870967742;0,1351351351351352;0,581250000000000;43,06;4,23;44,46;3,02;10,17966903073286;14,7218543046358
12;A;T.p.;Leg;P;316,656575682382;0,2102243088158581;0,1665470208183776;7250,74741379310;0,2885;0,2109090909090909;0,0869565217391305;0,504444444444444;47,07;4,12;57,70;3,02;11,42475728155340;19,1059602649007
13;A;L.c.;Leg;P;200,866666666667;0,1897810218978102;0,1461527439461241;4939,33137254902;0,3795;0,1789473684210526;0,0800000000000000;0,443750000000000;42,85;2,96;46,75;3,11;14,47635135135135;15,0321543408360
14;A;M.s.;Leg;P;265,383088235294;0,2082695252679939;0,2049806706823699;3476,66754385965;0,3450;0,3076923076923077;0,0200000000000000;0,487777777777778;44,62;4,21;45,09;2,69;10,59857482185273;16,7620817843866
15;A;T.r.;Leg;P;310,928846153846;0,1626694473409802;0,1122504047490556;8145,59615384616;0,3156;0,1568627450980392;0,1199999999999999;0,598750000000000;46,34;4,64;44,06;3,15;9,98706896551724;13,9873015873016
17;A;F.o.;Grass;P+L;186,018461538462;0,2569169960474308;0,1865918097754293;18084,62477876106;0,1624;0,2671394799054373;0,1538461538461539;0,402000000000000;46,16;3,32;46,56;1,38;13,90361445783132;33,7391304347826
18;A;A.o.;Grass;P+L;259,685559566787;0,2289256198347108;0,1522956326987682;26163,69705882353;0,1475;0,2236842105263158;NA;NA;47,89;2,00;43,16;0,79;23,94500000000000;54,6329113924051
19;A;D.g.;Grass;P+L;281,326208651399;0,2299590403744880;0,1654996817313813;17285,33589743590;0,1785;0,2307692307692308;NA;NA;46,98;3,26;44,38;0,96;14,41104294478528;46,2291666666667
20;A;H.l.;Grass;P+L;341,493582887701;0,2080088987764182;0,1687471104946833;23273,46438356164;0,1458;0,2570422535211268;0,1752577319587629;0,502000000000000;45,98;2,50;47,12;0,82;18,39200000000000;57,4634146341463
21;A;G.v.;Forbs;P+L;306,623333333333;0,1704545454545455;0,1273516642547033;26986,56818181819;0,1644;0,1746031746031746;NA;NA;44,31;3,37;43,34;1,91;13,14836795252226;22,6910994764398
23;A;P.l.;Forbs;P+L;322,550537634409;0,1088992974238876;0,1464557703573521;10946,42200000000;0,2578;0,1748251748251748;NA;NA;44,73;3,88;45,25;1,07;11,52835051546392;42,2897196261682
24;A;C.n.;Forbs;P+L;227,654857142857;0,1528384279475983;0,1449991761410447;7969,39545454545;0,2983;0,1795918367346939;0,3012048192771083;0,742857142857143;45,73;2,82;45,00;0,98;16,21631205673759;45,9183673469388
25;A;R.a.;Forbs;P+L;251,582410651717;0,1050423260949577;0,2638522427440633;5267,00687500000;0,2376;0,4278074866310160;NA;NA;43,28;2,54;48,21;0,84;17,03937007874016;57,3928571428571
26;A;M.a.;Leg;P+L;211,476785714286;0,1854304635761589;0,2125933138591367;3392,69694656489;0,3773;0,2635814889336016;NA;NA;42,56;3,79;44,02;3,37;11,22955145118734;13,0623145400593
27;A;T.p.;Leg;P+L;322,539403973510;0,1973856209150327;0,1563954570843418;10003,26309523810;0,2742;0,1693548387096774;0,2428571428571429;0,536666666666667;48,26;4,85;45,80;2,39;9,95051546391753;19,1631799163180
28;A;L.c.;Leg;P+L;190,852777777778;0,1967213114754098;0,1921371563700857;2641,90646153846;0,4071;0,2906976744186046;0,4027777777777776;0,571111111111111;43,65;3,07;45,71;2,50;14,21824104234528;18,2840000000000
29;A;M.s.;Leg;P+L;260,455855855856;0,2059369202226345;0,2020076837278473;5216,03865030675;0,3210;0,2369186046511628;NA;NA;43,87;3,51;45,89;2,68;12,49857549857550;17,1231343283582
30;A;T.r.;Leg;P+L;296,960386473430;0,1754237288135593;0,1594949327130753;8881,89687500000;0,2917;0,1684210526315790;0,3229166666666666;0,631000000000000;47,89;4,62;44,72;2,94;10,36580086580087;15,2108843537415
1;B;N.s.;Grass;P;190,745454545455;0,2689486552567237;0,1311316172899466;11842,84814814815;0,2616;0,1569767441860465;0,3333333333333334;0,567000000000000;45,59;5,02;44,39;1,58;9,08167330677291;28,0949367088608
2;B;F.o.;Grass;P;115,900970873786;0,2640348628556780;0,1067022919305307;18149,16813008130;0,1960;0,1825467497773820;0,0300000000000000;0,440000000000000;47,20;2,84;45,00;1,26;16,61971830985916;35,7142857142857
3;B;A.o.;Grass;P;258,273654390935;0,2274191470171369;0,1053046514247100;24358,13582887701;0,1791;0,1628919860627178;0,0200000000000000;0,361000000000000;47,69;3,51;46,95;1,16;13,58689458689459;40,4741379310345
4;B;D.g.;Grass;P;264,550898203593;0,2420991591765729;0,1580621985014882;26264,01168831169;0,1610;0,1871202916160389;0,2500000000000000;0,406000000000000;47,70;4,16;46,05;1,14;11,46634615384615;40,3947368421053
5;B;H.l.;Grass;P;353,627751196172;0,2108768035516093;0,1613264620210621;47252,60138888889;0,1401;0,1374045801526717;0,0200000000000000;0,355000000000000;46,77;3,10;46,76;1,12;15,08709677419355;41,7500000000000
6;B;G.v.;Forbs;P;277,577777777778;0,2159568086382724;0,1273764258555133;28573,44029850746;0,1647;0,1642156862745098;0,0000000000000000;0,598000000000000;47,45;5,23;45,48;2,02;9,07265774378585;22,5148514851485
7;B;C.r.;Forbs;P;324,875531914894;0,1893634165995165;0,0735594605639559;46600,34444444445;0,1685;0,0962566844919786;0,0599999999999999;0,449000000000000;47,74;6,44;47,46;2,59;7,41304347826087;18,3243243243243
8;B;P.l.;Forbs;P;251,681977671451;0,1357730619315721;0,1176470588235294;14525,59166666667;0,2435;0,1479198767334360;0,5700000000000001;0,693000000000000;46,16;3,37;46,53;1,14;13,69732937685460;40,8157894736842
9;B;C.n.;Forbs;P;237,493640897756;0,1622988970960235;0,1680040120361083;4471,43816631130;0,3281;0,2643742953776775;0,3513513513513514;0,583000000000000;45,59;3,39;42,71;0,91;13,44837758112094;46,9340659340659
10;B;R.a.;Forbs;P;348,917157490397;0,0979126183163042;0,1930343354690323;7222,61361702128;0,2365;0,3150134048257373;0,0000000000000000;NA;44,00;4,49;47,76;0,97;9,79955456570156;49,2371134020619
11;B;M.a.;Leg;P;188,351824817518;0,1974917111143146;0,0910736508654825;10408,91180124224;0,3463;0,1020278833967047;0,1224489795918368;0,575000000000000;39,44;4,41;40,94;2,94;8,94331065759637;13,9251700680272
12;B;T.p.;Leg;P;334,240072202166;0,2061932410302219;0,1007133864876206;14641,55333333333;0,2702;0,1191658391261172;0,4300000000000001;0,515000000000000;48,76;6,41;45,91;2,97;7,60686427457098;15,4579124579125
13;B;L.c.;Leg;P;243,888888888889;0,1753143261908978;0,1056537648817193;7700,13414634146;0,3466;0,1376762928139691;0,2000000000000001;0,564000000000000;42,86;4,64;47,94;2,72;9,23706896551724;17,6250000000000
14;B;M.s.;Leg;P;311,668666666667;0,1974203737825743;0,1117662589104990;8241,62440944882;0,3458;0,1291963377416073;0,0978260869565217;0,627000000000000;44,62;5,74;45,04;2,75;7,77351916376307;16,3781818181818
15;B;T.r.;Leg;P;387,259428571429;0,1372333751568381;0,0731050404001539;13894,13157894737;0,3131;0,0935039370078740;0,0000000000000000;0,699000000000000;47,28;6,70;44,93;3,55;7,05671641791045;12,6563380281690
17;B;F.o.;Grass;P+L;176,948611111111;0,2312881464824927;0,1099055444362513;21165,22204472843;0,1763;0,1935683364254793;0,4400000000000001;0,595000000000000;47,45;4,27;46,20;1,35;11,11241217798595;34,2222222222222
18;B;A.o.;Grass;P+L;241,017919075145;0,2499638780523046;0,1164846593863754;28508,09151785714;0,1688;0,1567529741077677;0,0400000000000000;0,388000000000000;47,98;2,67;46,51;1,09;17,97003745318352;42,6697247706422
19;B;D.g.;Grass;P+L;290,348842592593;0,2083936324167873;0,1186340140666045;25271,13642857143;0,1722;0,1699029126213593;0,0400000000000000;0,402000000000000;47,42;4,34;42,78;1,05;10,92626728110599;40,7428571428571
20;B;H.l.;Grass;P+L;394,239436619718;0,2029441189081035;0,1553249729454453;30359,86803278689;0,1517;0,1823617339312406;0,0300000000000000;0,358000000000000;46,05;2,89;47,73;1,04;15,93425605536332;45,8942307692308
21;B;G.v.;Forbs;P+L;230,490697674419;0,2047619047619048;0,1382906370437542;18325,12909836066;0,1764;0,2232387923147301;0,0300000000000000;0,660000000000000;46,56;4,89;45,72;1,82;9,52147239263804;25,1208791208791
23;B;P.l.;Forbs;P+L;258,943352601156;0,1260381757249016;0,1101737597582473;14921,32514285715;0,3038;0,0924458531431590;0,5555555555555557;0,640000000000000;46,34;3,80;46,32;1,49;12,19473684210526;31,0872483221477
24;B;C.n.;Forbs;P+L;195,547300000000;0,1816563425311995;0,1506591337099812;8290,33125000000;0,2181;0,3228410008071025;0,3200000000000000;0,746000000000000;46,37;3,54;45,27;1,11;13,09887005649717;40,7837837837838
25;B;R.a.;Forbs;P+L;319,057497181511;0,1002373149508419;0,1824085005903188;6430,21229773463;0,3558;0,1563765182186235;0,0000000000000000;0,451000000000000;43,95;4,12;47,67;1,15;10,66747572815534;41,4521739130435
26;B;M.a.;Leg;P+L;221,403743315508;0,1994241228537912;0,1267353149622712;9147,13980263158;0,2748;0,1843541540327471;0,1444444444444445;0,519000000000000;41,04;4,09;43,30;3,05;10,03422982885086;14,1967213114754
27;B;T.p.;Leg;P+L;281,095477386935;0,2188015393073117;0,1156094581624640;10773,09056603774;0,2792;0,1516018306636156;0,2100000000000000;0,659000000000000;47,56;5,37;46,18;2,41;8,85661080074488;19,1618257261411
28;B;L.c.;Leg;P+L;220,681052631579;0,1938379922464803;0,1096947725412232;5327,97931769723;0,3848;0,1614457831325301;0,2700000000000001;0,609000000000000;44,47;3,91;46,97;2,51;11,37340153452685;18,7131474103586
29;B;M.s.;Leg;P+L;NA;0,2117751413682226;0,1374552887072049;7304,83048327137;0,3276;0,1624396135265701;0,0600000000000000;0,731000000000000;43,17;4,94;43,93;2,61;8,73886639676113;16,8314176245211
30;B;T.r.;Leg;P+L;363,080717488789;0,1563705210013323;0,1181721038405934;7869,88351063830;0,3060;0,1727941176470588;0,2100000000000000;0,619000000000000;45,30;5,57;46,56;2,85;8,13285457809695;16,3368421052632
1;C;N.s.;Grass;P;165,800000000000;0,3418803418803419;0,1616031027795733;9673,10666666667;0,2507;0,2094972067039106;0,0600000000000000;0,688000000000000;45,69;3,56;46,12;1,63;12,83426966292135;28,2944785276074
2;C;F.o.;Grass;P;144,435185185185;0,2847350382283153;0,1227219733693318;20426,70250000000;0,1848;0,1824817518248175;0,0600000000000000;0,358000000000000;46,55;2,57;48,64;1,52;18,11284046692607;32,0000000000000
3;C;A.o.;Grass;P;250,351698113208;0,2443297068043518;0,1310698776154757;20046,73493975903;0,1837;0,1882086167800454;0,0500000000000001;0,559000000000000;47,03;2,21;47,24;1,04;21,28054298642534;45,4230769230769
4;C;D.g.;Grass;P;342,497643097643;0,1983305509181970;0,1315212626041210;26767,79583333333;0,1590;0,1880877742946708;0,0500000000000001;0,331000000000000;47,58;3,63;47,55;1,59;13,10743801652893;29,9056603773585
5;C;H.l.;Grass;P;356,397080291971;0,2266710787557909;0,1402846503086262;24326,52400000000;0,1678;0,1859364435429344;0,1176470588235294;0,341000000000000;45,96;2,31;48,24;1,10;19,89610389610390;43,8545454545455
6;C;G.v.;Forbs;P;250,238095238095;0,1910828025477707;0,1260888396939218;22268,40152671756;0,1719;0,1933579335793358;0,0875000000000000;0,677000000000000;46,82;4,39;46,33;1,84;10,66514806378132;25,1793478260870
7;C;C.r.;Forbs;P;336,264705882353;0,1833872707659115;0,1237605308283009;14679,19578313253;0,1907;0,2385057471264368;0,0103092783505155;0,356000000000000;45,78;4,94;47,38;2,61;9,26720647773279;18,1532567049808
8;C;P.l.;Forbs;P;182,639165009940;0,1448920511010932;0,1068009518012285;16329,17512953368;0,2253;0,1536624203821656;0,0510204081632653;0,408000000000000;42,37;2,43;48,08;1,65;17,43621399176955;29,1393939393939
9;C;C.n.;Forbs;P;182,934924623116;0,1727318099950090;0,1459072351248243;7622,02545871560;0,2853;0,2051764705882353;0,4269662921348315;0,560000000000000;43,96;2,28;47,51;1,20;19,28070175438597;39,5916666666667
10;C;R.a.;Forbs;P;311,578421578422;0,1048442000523697;0,2006973001966744;7810,57082405345;0,2350;0,2952005259697568;NA;NA;40,18;2,49;49,11;0,94;16,13654618473895;52,2446808510638
11;C;M.a.;Leg;P;172,953040540541;0,2047451061769385;0,1757379906321484;4818,54979338843;0,3423;0,2255358807082945;0,2555555555555555;0,504000000000000;37,70;2,81;45,94;3,99;13,41637010676157;11,5137844611529
12;C;T.p.;Leg;P;332,248991354467;0,1999539011178979;0,1073459905471441;11343,27462686567;0,2946;0,1293436293436293;0,1100000000000000;0,558000000000000;46,54;4,34;47,97;3,58;10,72350230414747;13,3994413407821
13;C;L.c.;Leg;P;239,502500000000;0,1645075056549455;0,1230206296132736;7078,62717948718;0,3351;0,1602300739523418;0,4499999999999999;0,809000000000000;43,10;3,99;47,88;3,36;10,80200501253133;14,2500000000000
14;C;M.s.;Leg;P;284,686928104575;0,2194807057810931;0,1620883178260227;5418,43166287016;0,3365;0,2074669187145557;0,0200000000000000;0,666000000000000;41,87;3,81;47,21;3,01;10,98950131233596;15,6843853820598
15;C;T.r.;Leg;P;381,529411764706;0,1395845307496510;0,0994318181818182;9488,81336405530;0,3224;0,1290898274836407;0,5299999999999999;0,477000000000000;45,80;5,34;46,82;3,84;8,57677902621723;12,1927083333333
17;C;F.o.;Grass;P+L;137,457142857143;0,2545454545454546;0,1389262829142211;20839,58449612403;0,1751;0,1993817619783617;0,3700000000000002;0,466000000000000;47,07;2,50;46,55;1,67;18,82800000000000;27,8742514970060
18;C;A.o.;Grass;P+L;265,039423076923;0,2535348610433935;0,1595548223475242;19289,31111111111;0,1885;0,1857798165137615;0,0800000000000000;0,426000000000000;47,87;2,50;47,39;0,95;19,14800000000000;49,8842105263158
19;C;D.g.;Grass;P+L;282,790600000000;0,2136386942403008;0,1492929217149931;18248,58894472362;0,1794;0,2167755991285403;0,3500000000000001;0,371000000000000;45,90;2,74;47,29;1,22;16,75182481751825;38,7622950819672
20;C;H.l.;Grass;P+L;384,583446474359;0,2061310782241015;0,1491618524481485;26190,36031746032;0,1654;0,1777652370203160;0,4700000000000001;0,430000000000000;45,88;2,74;47,80;1,08;16,74452554744526;44,2592592592593
21;C;G.v.;Forbs;P+L;226,696000000000;0,2027575020275750;0,1454891994917408;16756,77554585153;0,1834;0,2258382642998028;0,0202020202020202;0,546000000000000;45,21;2,98;45,74;1,71;15,17114093959732;26,7485380116959
23;C;P.l.;Forbs;P+L;229,156554712893;0,1432340161390441;0,1178669712861519;13967,93744493392;0,2301;0,1722306525037936;0,1700000000000000;0,620000000000000;45,29;2,55;47,37;1,40;17,76078431372549;33,8357142857143
24;C;C.n.;Forbs;P+L;216,275246440307;0,1425337600499571;0,1675769191627939;5796,07753036437;0,2997;0,2446755819712729;0,4899999999999999;0,739000000000000;43,37;2,41;46,15;0,90;17,99585062240664;51,2777777777778
25;C;R.a.;Forbs;P+L;347,559111791730;0,0981453091652388;0,1394169835234474;10992,33577712610;0,2210;0,2371349095966621;NA;0,608000000000000;44,62;3,33;48,81;1,18;13,39939939939940;41,3644067796610
26;C;M.a.;Leg;P+L;233,373267326733;0,1823104693140794;0,1332989889883444;7889,62898550725;0,3333;0,1452631578947368;0,6200000000000000;0,697000000000000;41,33;3,88;46,69;4,03;10,65206185567010;11,5856079404466
27;C;T.p.;Leg;P+L;335,526027397260;0,2106782106782107;0,1253842025662292;10481,79066147860;0,2755;0,1600249066002491;0,1900000000000000;0,499000000000000;46,51;4,80;47,17;3,69;9,68958333333333;12,7831978319783
28;C;L.c.;Leg;P+L;222,631858407080;0,2035669248784003;NA;4245,12220077220;0,4057;0,1822018994020401;0,3400000000000001;0,702000000000000;43,05;3,29;46,04;3,34;13,08510638297872;13,7844311377246
29;C;M.s.;Leg;P+L;293,986335403727;0,2129629629629630;0,1152819351185179;8534,17157894737;0,3253;0,1410192973775359;0,1000000000000000;0,565000000000000;42,67;4,08;46,94;3,64;10,45833333333333;12,8956043956044
30;C;T.r.;Leg;P+L;317,943750000000;0,1686933295845927;0,1212546667092122;8171,44947368421;0,3000;0,1731996353691887;0,3200000000000000;0,534000000000000;47,74;4,77;48,30;3,24;10,00838574423480;14,9074074074074
