Numero,Bloc,Sp,mod,gf,µmolNetRhizoPerGsoil,µmolGrossRhizoPerGSoil,µmolNetRhizoPerGFineRoot,µmolGrossRhizoPerGFineRoot,PropShoot,PropRoot,PropSoil,PropResp,PropRhizo
1,A,N.s.,P,Grass,0.07745937413917743,0.0851834818319191,811.1526691576768,892.0393357678554,0.38936375848789845,0.01836538934603739,0.5385660288010213,0.053704823365042884,0.5922708521660642
2,A,F.o.,P,Grass,0.051729879111547125,0.06887420196003154,93.24585715700589,124.14941051610357,0.703388241121532,0.19037877676603543,0.0797892268214496,0.026443755290982963,0.10623298211243255
3,A,A.o.,P,Grass,0.0024298233163358245,NA,2.7216267688040428,NA,NA,NA,NA,NA,NA
4,A,D.g.,P,Grass,0.03304255750442667,0.04446582090871905,94.77962496287944,127.54623575461281,0.8550318229195542,0.05218730328894712,0.06894547980706262,0.023835393984436168,0.09278087379149878
5,A,H.l.,P,Grass,0.017086873586269303,0.028555040846675744,26.215812259541014,43.8110334298682,0.8818006080048308,0.034232020757223765,0.05024471389895228,0.03372265733899316,0.08396737123794544
6,A,G.v.,P,Forb,0.08528886703406709,0.0933615029825328,327.1395604797476,358.10349127084646,0.5955807112086567,0.1553424488261887,0.22754005458789772,0.021536785377257037,0.24907683996515476
7,A,C.r.,P,Forb,0.009208776859444703,0.012591369334481711,155.77813854711857,212.9989798453114,0.7847166674050229,0.16330550525377188,0.03801430971555295,0.013963517625652365,0.05197782734120532
8,A,P.l.,P,Forb,0.02391726055395113,0.04086346234434767,48.70074355111118,83.20689552858524,0.7841043474477509,0.10555213050690862,0.06458372873448172,0.04575979331085874,0.11034352204534045
9,A,C.n.,P,Forb,0.02635189913237843,0.03790437918766304,18.774574375494662,27.00521061654131,0.7688125733528078,0.13670379826987927,0.06568694958260805,0.028796678794704923,0.09448362837731297
11,A,M.a.,P,Legumes,0.03962899714924903,0.054264221918042796,112.69230571454499,154.31024566983962,0.7146802177716147,0.16779451265550183,0.0858283489239517,0.03169692064893183,0.11752526957288353
12,A,T.p.,P,Legumes,0.11428797229090283,0.14540203758952633,173.33267441375307,220.52122839708278,0.7065465424448036,0.006650079193989396,0.2254313426584611,0.06137203570274595,0.28680337836120706
15,A,T.r.,P,Legumes,0.08631089356417526,0.10814559761815402,275.0834324669398,344.6733195604194,0.6707664875315801,0.07367984922854531,0.203957123670555,0.05159653956931976,0.2555536632398748
17,A,F.o.,P+L,Grass,0.03529106021348129,0.051544623227064656,34.85438391594947,50.90683237883537,0.6278942571575694,0.14711516630129473,0.15404431126018864,0.07094626528094723,0.22499057654113586
19,A,D.g.,P+L,Grass,0.027489635666342167,0.04877961710583468,29.298642756769805,51.98965139962646,0.8334338729183731,0.0754818842722437,0.05133030553196147,0.039753937277421644,0.09108424280938311
20,A,H.l.,P+L,Grass,0.030496312974700727,0.04036228587025121,27.410720011727424,36.27846152879453,0.8500745080653306,0.06779564809256756,0.062054399753857285,0.020075444088244535,0.08212984384210181
21,A,G.v.,P+L,Forb,0.027238608068226627,0.042468926935446724,204.20736716184106,318.38880070352997,0.664559217026376,0.1542993678041727,0.11618000191585728,0.06496141325359397,0.18114141516945126
23,A,P.l.,P+L,Forb,0.022072670612194673,0.031168267311775383,96.43775739390333,136.17735045349173,0.8465167328212493,0.03486971939889729,0.08399946471517192,0.03461408306468164,0.11861354777985356
24,A,C.n.,P+L,Forb,0.025344937645367372,0.03599437303392692,18.47616428905998,26.23947862732666,0.7226360600223907,0.18734476708996833,0.06338574981079174,0.02663342307684904,0.09001917288764079
25,A,R.a.,P+L,Forb,0.08437955020706894,0.12153761447107919,87.66629410895302,126.27173562048172,0.4473240385545577,0.31020490230513076,0.16833964528207546,0.07413141385823621,0.24247105914031167
26,A,M.a.,P+L,Legumes,0.07255669810687013,0.09520469071268538,125.96882590965232,165.28898672461781,0.633279430452323,0.09797635020247994,0.20481336628509006,0.06393085306010693,0.268744219345197
27,A,T.p.,P+L,Legumes,0.039261454208877763,0.057068097500347845,114.10631798894762,165.85810718459095,0.8749507633337631,0.06778719290943568,0.03939488448604235,0.01786715927075887,0.05726204375680122
28,A,L.c.,P+L,Legumes,0.1012254188017132,0.13238274518452453,74.78375894002528,97.80230520054634,0.5454392135012324,0.24595763580186156,0.15950674888346125,0.049096401813444705,0.20860315069690596
29,A,M.s.,P+L,Legumes,0.03023864033720149,0.04732271419317199,49.99867912520851,78.24667960905185,0.7608167622879031,0.1263741071311341,0.07208366604809661,0.04072546453286618,0.11280913058096279
30,A,T.r.,P+L,Legumes,0.03389784281774246,0.053339772713930735,79.30345721077967,124.787539012302,0.4890057946696893,0.2937611296900626,0.13805331890633843,0.07917975673390966,0.21723307564024807
2,B,F.o.,P,Grass,0.08382859486056031,0.10688509634595114,89.92619924013852,114.65980654686544,0.576399172338255,0.2802451467057651,0.11243200137952448,0.03092367957645548,0.14335568095597997
3,B,A.o.,P,Grass,0.22737758510920497,0.28674287442686697,153.69756936855933,193.82597810596295,0.5784899872577149,0.19270657949047074,0.18143353072496832,0.04736990252684598,0.2288034332518143
4,B,D.g.,P,Grass,0.05972995081323929,0.07575433543633468,66.00654385522944,83.71481637138503,0.8160292941532562,0.07834980330864927,0.08327881535905346,0.02234208717904089,0.10562090253809435
5,B,H.l.,P,Grass,0.06685336258491226,0.09978441854755486,83.85069749154442,125.15440914992921,0.5941634901246793,0.23890320483610056,0.11184163751945028,0.05509166751976982,0.1669333050392201
6,B,G.v.,P,Forb,0.05919497941644774,0.07296616694832503,139.4748843480834,171.9224805340982,0.7253431936856635,0.13157913566437002,0.116074067246484,0.027003603403482526,0.14307767064996652
7,B,C.r.,P,Forb,0.029816597979538003,0.051849209453016014,211.51652779770905,367.8140866400758,0.7886472621582398,0.056122143541203755,0.08926747916144408,0.0659631151391124,0.15523059430055647
8,B,P.l.,P,Forb,0.05561255916681494,0.07563490879865038,103.6427162102165,140.95750142859478,0.7922627874742034,0.041237666973394836,0.12242317701381239,0.04407636853858918,0.16649954555240157
9,B,C.n.,P,Forb,0.03643767829843176,0.0472908931191483,16.810623717347205,21.817784409098913,0.5372721647943826,0.2917158185611435,0.13176492209520832,0.0392470945492656,0.1710120166444739
10,B,R.a.,P,Forb,0.12543137451216557,0.15314683796563452,120.6288626623743,147.28315747143176,0.3644817012561664,0.35100331229584875,0.23302541726319498,0.05148956918478984,0.28451498644798484
11,B,M.a.,P,Legumes,0.22934515435558947,0.28141278125053387,236.78701241406378,290.54414476153244,0.4298175737493675,0.2621892536362998,0.25100758181561034,0.05698559079872235,0.3079931726143327
12,B,T.p.,P,Legumes,0.06681261680785594,0.09085642326445308,89.40889551205017,121.58440789127916,0.6593729943960253,0.14056602182499525,0.14711780815454167,0.05294317562443787,0.20006098377897955
12,B,T.p.,P,Legumes,0.06681261680785594,0.09085642326445308,89.40889551205017,121.58440789127916,0.6578475385272757,0.14024082309110394,0.1490909465086448,0.0528206918729756,0.2019116383816204
12,B,T.p.,P,Legumes,0.06786571199986043,0.09190951845645755,90.81815146526259,122.99366384449155,0.6593729943960253,0.14056602182499525,0.14711780815454167,0.05294317562443787,0.20006098377897955
12,B,T.p.,P,Legumes,0.06786571199986043,0.09190951845645755,90.81815146526259,122.99366384449155,0.6578475385272757,0.14024082309110394,0.1490909465086448,0.0528206918729756,0.2019116383816204
13,B,L.c.,P,Legumes,0.20722068039253688,0.2482127453172106,240.2647154842622,287.79349879673055,0.5506321510849093,0.20580161709425038,0.20334153354638904,0.040224698274451264,0.2435662318208403
14,B,M.s.,P,Legumes,0.2256499743419762,0.3175457807537261,265.3637492902858,373.4329649176677,0.500703569508922,0.21680199051176524,0.20074227716639204,0.08175216281292064,0.2824944399793127
15,B,T.r.,P,Legumes,0.03051986841493774,0.04360768586210107,211.94746130724283,302.83676804557814,0.6742831437412801,0.18308479034157474,0.09982441850520751,0.0428076474119377,0.14263206591714522
17,B,F.o.,P+L,Grass,0.059407184287999314,0.08247954195367331,95.36001577426536,132.3956103293269,0.594432932364489,0.3076572564925154,0.0705210777897161,0.027388733353279508,0.0979098111429956
18,B,A.o.,P+L,Grass,0.050115655411117316,0.06636485730621257,32.47841328347228,43.0090207422827,0.7093511737300469,0.18715285526393297,0.07815534651787984,0.025340624488140284,0.10349597100602012
19,B,D.g.,P+L,Grass,0.038240486869599126,0.053256204437063054,55.9391726164927,77.90455239398275,0.7801667735276132,0.12613703423699194,0.06727832084134625,0.0264178713940487,0.09369619223539494
20,B,H.l.,P+L,Grass,0.10028242609940913,0.15138677685437937,271.14660637210517,409.3240699321093,0.6046965192449137,0.17857349142269505,0.14356742108102097,0.07316256825137016,0.21672998933239113
21,B,G.v.,P+L,Forb,0.06675868686736025,0.08201205314050118,62.11989569452479,76.31336723120309,0.5608923979397379,0.23750306227555867,0.1641082478384962,0.037496291946207246,0.20160453978470344
24,B,C.n.,P+L,Forb,0.0374554028859725,0.055730348040093636,15.699250250445742,23.35910477560337,0.48566582543629394,0.39725195246997497,0.07868893616366228,0.0383932859300688,0.11708222209373108
25,B,R.a.,P+L,Forb,0.15053685419184182,0.18529990289160353,88.20102113406546,108.56903273835204,0.2529491181829036,0.5469729311418292,0.16254247745301967,0.037535473222247435,0.2000779506752671
26,B,M.a.,P+L,Legumes,0.1906810484150268,NA,172.3272027187453,NA,NA,NA,NA,NA,NA
27,B,T.p.,P+L,Legumes,0.1270292010452455,0.15765547895017634,147.2856608206961,182.7956974310921,0.47926339544539504,0.2905105348344961,0.18550217151396817,0.0447238982061406,0.23022606972010878
28,B,L.c.,P+L,Legumes,0.2598569798566259,0.3416841654931908,150.1196178365477,197.39125873370156,0.3542929201714957,0.37206420397315393,0.2081103500257756,0.06553252582957476,0.27364287585535035
29,B,M.s.,P+L,Legumes,0.06309259621116857,0.0958629522514717,105.37812586863801,160.11162727690393,0.6553854093471821,0.15658194396266556,0.12375445960623407,0.0642781870839182,0.1880326466901523
30,B,T.r.,P+L,Legumes,0.05014476256404303,0.07407585012713809,90.14230984826277,133.16182773636368,0.6410983049908532,0.19226157906444447,0.1128050374494506,0.05383507849525178,0.16664011594470238
1,C,N.s.,P,Grass,0.1112479960283534,0.1284235991325756,959.4004742528748,1107.5225290498902,0.6337805445328817,0.0579873601022526,0.26700858060801425,0.04122351475685138,0.3082320953648656
2,C,F.o.,P,Grass,0.0262846243226163,0.0363335851795994,25.20475633953893,34.84086932928747,0.5374305634703376,0.3671975727413849,0.0689943917791558,0.026377472009121775,0.09537186378827757
3,C,A.o.,P,Grass,0.06474762614503704,0.08732119341733337,39.24321542790227,52.92494271561182,0.6213809149655556,0.28137019282414233,0.072108896700004907,0.025139995510297122,0.09724889221030203
4,C,D.g.,P,Grass,0.04047905799854407,0.05739435326952294,80.55936458164965,114.22332580303114,0.788923957218981,0.11034788226490563,0.07104150180891664,0.02968665870719684,0.10072816051611347
5,C,H.l.,P,Grass,0.01975521800973979,0.03501849585523777,19.082281158985786,33.82563449033926,0.6384529007158616,0.3055481685145227,0.0315910509188994,0.02440787985071631,0.05599893076961571
6,C,G.v.,P,Forb,0.11366280041924245,NA,258.13172442183253,NA,NA,NA,NA,NA,NA
7,C,C.r.,P,Forb,0.021927116942649393,0.03118792653891161,86.88333090270655,123.57807680493694,0.8167675099058901,0.07301938765404938,0.07748689489826342,0.032726207541797114,0.11021310244006054
8,C,P.l.,P,Forb,0.03707767572360747,0.06534200760501577,48.19984289605649,84.94260871561073,0.7513118791846372,0.14657583602903024,0.05794260570612877,0.04416967908020382,0.10211228478633258
9,C,C.n.,P,Forb,0.04499163185903425,0.051896753368793895,23.48301410244089,27.087085772941847,0.5423206608836078,0.37363959332717,0.0728578390483502,0.011181906740872069,0.08403974578922227
10,C,R.a.,P,Forb,0.05927838898345154,0.08111731514039151,16.80257606138792,22.992862675848006,0.327822319419249,0.5568366569482905,0.08428817019894118,0.031052853433519285,0.11534102363246046
11,C,M.a.,P,Legumes,0.11005656497981127,0.14044790231412105,75.31961427819459,96.11858983988517,0.39044095867145984,0.42862173391593844,0.14178452082530632,0.03915278658729533,0.18093730741260167
12,C,T.p.,P,Legumes,0.036860451477907064,0.050128829810789116,46.32020942839834,62.993745386651234,0.5907473568141213,0.307719905114509,0.074658486528111,0.026874251543258655,0.10153273807136964
13,C,L.c.,P,Legumes,0.06202731869254657,0.0789312216327634,31.083600024716443,39.554611974382844,0.6799640226343912,0.2432999924009403,0.060302213701127566,0.016433771263541036,0.0767359849646686
14,C,M.s.,P,Legumes,0.1581404734906473,0.20493883131627644,134.10118181005151,173.78561522967007,0.5574718460188982,0.2512260874919639,0.14761770221888101,0.043684364270257,0.191302066489138
15,C,T.r.,P,Legumes,0.015183669387564764,0.020411056209829755,43.8389053939914,58.93162840512032,0.7983640348077724,0.14180126120901004,0.04451069821396372,0.015324005769254002,0.059834703983217725
17,C,F.o.,P+L,Grass,0.03146390060900187,0.04345306438221165,37.810235685553984,52.217639064144414,0.7073325037586259,0.226534786417898,0.047885990055551164,0.018246719767924868,0.06613270982347604
18,C,A.o.,P+L,Grass,0.0685513326089762,0.10704290923862388,29.743950156403493,46.44517963131691,0.5621093788139016,0.3767932203634396,0.03912737681672405,0.021970024005934882,0.06109740082265893
19,C,D.g.,P+L,Grass,0.028227274294104394,0.037724702722650126,45.09081231519782,60.262194372374495,0.6579631151110247,0.2714776688964367,0.05279549473036736,0.01776372126217144,0.07055921599253881
20,C,H.l.,P+L,Grass,0.02130948128314158,0.032707068554479204,17.98925024784981,27.61097904178377,0.8541507956127097,0.09191102917971379,0.03514208352601681,0.01879609168155984,0.053938175207576655
21,C,G.v.,P+L,Forb,0.05005491211965084,0.05904764518164981,63.0208974811972,74.3430651641871,0.670404161341096,0.18365235587476234,0.12371684226733937,0.022226640516802395,0.14594348278414176
23,C,P.l.,P+L,Forb,0.0328262256238644,0.04838786916559965,48.01905132073796,70.78302572425169,0.7915101329375965,0.13024079499864472,0.05308400098446728,0.025165071079291362,0.07824907206375864
24,C,C.n.,P+L,Forb,0.07258894488642381,0.1013503710082898,33.14147277320063,46.27289412431216,0.7570668672495556,0.11122641012913775,0.09433070579236015,0.03737601682894643,0.1317067226213066
25,C,R.a.,P+L,Forb,0.07512285333468358,0.09280580916430556,37.91976654331946,46.84559306734362,0.2413950184757648,0.6711466819861169,0.0707942430357027,0.0166640565024157,0.0874582995381184
26,C,M.a.,P+L,Legumes,0.2981782186979096,0.38247840227102037,183.8490142781188,235.82633750803163,0.3727835304760346,0.3602309294837701,0.208140570224602,0.05884496981559339,0.26698554004019537
27,C,T.p.,P+L,Legumes,0.08931445570916578,0.12733496381366008,92.06847494095327,131.26134881413202,0.8107116469313771,0.09306062652695213,0.06749542123227725,0.028732305309393493,0.09622772654167075
28,C,L.c.,P+L,Legumes,0.1374639572199129,0.17735642743678104,71.52185268804936,92.27771797751397,0.46804232944346197,0.39901071698147805,0.1030434284388937,0.029903525136166294,0.13294695357506
29,C,M.s.,P+L,Legumes,0.2210742952901,0.31879314801698877,194.46710695465728,280.4250993109819,0.4966925483316604,0.3341968730747054,0.11727354311484899,0.051837035478785286,0.16911057859363426
30,C,T.r.,P+L,Legumes,0.021971059734195005,0.031694919529204064,19.034885317178208,27.45926530965739,0.7696489186895806,0.12701137117014333,0.0716355484769209,0.03170416166335525,0.10333971014027615
