Id;Numero;Bloc;Sp;mod;gf;NemPerGSoil;NemPerM2;Anguinidae-Ditylenchus;Aphelenchidae;Aphelenchoididae;Aporcelaimidae;Cephalobidae;Dorylaimidae;Hoplolaimidae;Leptonchidae;Meloidogynidae;Monhysteridae;Mononchidae;Panagrolaimidae;Paratylenchidae;Plectidae;Pratylenchidae;Prismatolaimidae;Qudsianematidae;Rhabditidae;Telotylenchidae;Teratocephalidae;Tylenchidae
1A;1;A;N.s.;P;Grass;3,798286730240827;212704,0568934864;0,0000;0,0200;0,0000;0,0000;0,6770;0,0000;0,010;0,000;0,0000;0,0000;0,0000;0,0000;0,0200;0,0810;0,0610;0,0000;0,0100;0,0200;0,0000;0,0000;0,1010
2A;2;A;F.o.;P;Grass;1,516326354785905;84914,2758680107;0,0000;0,0710;0,0000;0,0000;0,7260;0,0120;0,000;0,024;0,0000;0,0000;0,0000;0,0000;0,0120;0,0000;0,0600;0,0000;0,0000;0,0000;0,0360;0,0000;0,0600
3A;3;A;A.o.;P;Grass;3,675999145116478;205855,9521265228;0,0000;0,0000;0,0000;0,0000;0,9040;0,0000;0,000;0,000;0,0000;0,0000;0,0000;0,0120;0,0480;0,0000;0,0000;0,0000;0,0000;0,0360;0,0000;0,0000;0,0000
4A;4;A;D.g.;P;Grass;6,137249950902000;343685,9972505121;0,0000;0,0000;0,0000;0,0000;0,9390;0,0100;0,000;0,000;0,0000;0,0000;0,0000;0,0100;0,0000;0,0000;0,0000;0,0000;0,0100;0,0000;0,0300;0,0000;0,0000
5A;5;A;H.l.;P;Grass;4,360216585921916;244172,1288116273;0,0000;0,0000;0,0000;0,0000;0,9780;0,0000;0,000;0,000;0,0000;0,0000;0,0000;0,0000;0,0000;0,0000;0,0000;0,0000;0,0000;0,0000;0,0000;0,0000;0,0220
6A;6;A;G.v.;P;Forb;10,116731517509727;566536,9649805448;0,0000;0,0000;0,0000;0,0000;0,8400;0,0000;0,011;0,021;0,0000;0,0210;0,0000;0,0110;0,0000;0,0000;0,0000;0,0000;0,0000;0,0430;0,0000;0,0320;0,0210
7A;7;A;C.r.;P;Forb;2,749595647698868;153977,3562711366;0,0000;0,0400;0,0200;0,0000;0,8320;0,0000;0,000;0,000;0,0000;0,0200;0,0000;0,0000;0,0000;0,0200;0,0200;0,0000;0,0000;0,0000;0,0000;0,0000;0,0500
8A;8;A;P.l.;P;Forb;4,660222839971076;260972,4790383802;0,0000;0,0410;0,0000;0,0000;0,7960;0,0000;0,000;0,000;0,0000;0,0000;0,0000;0,0000;0,0000;0,0310;0,0100;0,0000;0,0100;0,0000;0,0610;0,0000;0,0510
9A;9;A;C.n.;P;Forb;3,385643708224354;189596,0476605638;0,0000;0,0820;0,0000;0,0000;0,7450;0,0000;0,000;0,000;0,0000;0,0000;0,0000;0,0000;0,0100;0,0000;0,0000;0,0000;0,0100;0,0200;0,0410;0,0000;0,0920
10A;10;A;R.a.;P;Forb;2,743641040297228;153643,8982566448;0,0000;0,0480;0,0000;0,0000;0,6870;0,0120;0,000;0,000;0,0000;0,0000;0,0000;0,0000;0,0000;0,0000;0,0000;0,0000;0,0120;0,0000;0,0240;0,0000;0,2170
11A;11;A;M.a.;P;Legumes;2,321347291761493;129995,4483386436;0,0000;0,0430;0,0110;0,0000;0,7420;0,0110;0,000;0,000;0,0000;0,0000;0,0000;0,0000;0,0540;0,0220;0,0220;0,0000;0,0000;0,0000;0,0000;0,0000;0,0970
12A;12;A;T.p.;P;Legumes;2,435788059645142;136404,1313401280;0,0000;0,0530;0,0110;0,0000;0,8620;0,0000;0,000;0,000;0,0000;0,0000;0,0000;0,0000;0,0210;0,0210;0,0320;0,0000;0,0000;0,0000;0,0000;0,0000;0,0000
13A;13;A;L.c.;P;Legumes;1,986866475837683;111264,5226469102;0,0000;0,1380;0,0530;0,0000;0,7130;0,0110;0,011;0,011;0,0000;0,0000;0,0000;0,0000;0,0000;0,0000;0,0210;0,0000;0,0000;0,0000;0,0000;0,0000;0,0430
14A;14;A;M.s.;P;Legumes;1,640577965081276;91872,3660445515;0,0000;0,0650;0,0000;0,0000;0,8790;0,0000;0,000;0,000;0,0000;0,0000;0,0000;0,0000;0,0090;0,0000;0,0090;0,0000;0,0000;0,0000;0,0090;0,0000;0,0280
15A;15;A;T.r.;P;Legumes;3,006746846582576;168377,8234086243;0,0000;0,0580;0,0190;0,0000;0,6440;0,0000;0,000;0,000;0,0380;0,0100;0,0000;0,0000;0,0000;0,0770;0,0290;0,0000;0,0000;0,0000;0,0380;0,0000;0,0870
17A;17;A;F.o.;P+L;Grass;5,711058114723233;319819,2544245010;0,0000;0,0220;0,0110;0,0000;0,8760;0,0000;0,000;0,000;0,0000;0,0000;0,0000;0,0000;0,0000;0,0000;0,0450;0,0000;0,0000;0,0000;0,0220;0,0220;0,0000
18A;18;A;A.o.;P+L;Grass;1,631383974495720;91357,5025717603;0,0000;0,0500;0,0000;0,0000;0,8250;0,0130;0,000;0,000;0,0000;0,0000;0,0000;0,0000;0,0000;0,0250;0,0130;0,0000;0,0000;0,0000;0,0380;0,0000;0,0380
19A;19;A;D.g.;P+L;Grass;3,336085219297638;186820,7722806677;0,0000;0,0570;0,0110;0,0000;0,8520;0,0000;0,000;0,000;0,0000;0,0000;0,0000;0,0000;0,0000;0,0000;0,0000;0,0000;0,0000;0,0000;0,0110;0,0000;0,0680
20A;20;A;H.l.;P+L;Grass;6,943314347708163;388825,6034716571;0,0000;0,0860;0,0740;0,0000;0,6910;0,0000;0,000;0,000;0,0000;0,0120;0,0000;0,0000;0,0120;0,0000;0,0250;0,0000;0,0000;0,0000;0,0490;0,0000;0,0490
21A;21;A;G.v.;P+L;Forb;1,514936995610930;84836,4717542121;0,0000;0,1040;0,0000;0,0000;0,8750;0,0000;0,000;0,000;0,0000;0,0000;0,0000;0,0000;0,0000;0,0000;0,0210;0,0000;0,0000;0,0000;0,0000;0,0000;0,0000
23A;23;A;P.l.;P+L;Forb;3,704842428900845;207471,1760184474;0,0000;0,0990;0,0000;0,0000;0,7920;0,0000;0,000;0,000;0,0000;0,0000;0,0000;0,0000;0,0100;0,0200;0,0300;0,0000;0,0000;0,0200;0,0000;0,0000;0,0300
24A;24;A;C.n.;P+L;Forb;2,895843063988790;162167,2115833722;0,0000;0,2000;0,0570;0,0000;0,7430;0,0000;0,000;0,000;0,0000;0,0000;0,0000;0,0000;0,0000;0,0000;0,0000;0,0000;0,0000;0,0000;0,0000;0,0000;0,0000
25A;25;A;R.a.;P+L;Forb;1,548165137614679;86697,2477064220;0,0000;0,1090;0,0200;0,0000;0,7230;0,0000;0,000;0,000;0,0000;0,0000;0,0000;0,0000;0,0100;0,0000;0,0200;0,0000;0,0000;0,0000;0,0000;0,0000;0,1190
26A;26;A;M.a.;P+L;Legumes;2,886140183951792;161623,8503013004;0,0000;0,4530;0,0000;0,0000;0,3260;0,0000;0,000;0,000;0,0000;0,0000;0,0000;0,1980;0,0120;0,0000;0,0000;0,0000;0,0000;0,0000;0,0000;0,0000;0,0120
27A;27;A;T.p.;P+L;Legumes;4,279342068580986;239643,1558405352;0,0000;0,0680;0,0000;0,0000;0,8410;0,0000;0,000;0,000;0,0000;0,0110;0,0000;0,0110;0,0000;0,0000;0,0230;0,0000;0,0000;0,0000;0,0110;0,0000;0,0340
28A;28;A;L.c.;P+L;Legumes;2,230320699708455;124897,9591836735;0,0000;0,0950;0,0000;0,0000;0,7710;0,0000;0,000;0,000;0,0000;0,0000;0,0000;0,0000;0,0000;0,0100;0,0190;0,0000;0,0000;0,0000;0,0000;0,0000;0,1050
29A;29;A;M.s.;P+L;Legumes;2,704507808333708;151452,4372666877;0,0000;0,1450;0,0240;0,0000;0,5780;0,0000;0,000;0,000;0,0000;0,0000;0,0000;0,0480;0,0000;0,0360;0,0000;0,0000;0,0000;0,0000;0,0480;0,0000;0,1200
30A;30;A;T.r.;P+L;Legumes;3,422599608099281;191665,5780535598;0,0000;0,0450;0,0180;0,0000;0,7730;0,0000;0,000;0,000;0,0910;0,0090;0,0000;0,0000;0,0090;0,0180;0,0000;0,0000;0,0000;0,0090;0,0090;0,0000;0,0180
32A;32;A;F.o.;L;Grass;3,464912280701755;194035,0877192983;0,0000;0,0125;0,0000;0,0000;0,7500;0,0125;0,000;0,000;0,0000;0,0500;0,0000;0,0000;0,0125;0,0750;0,0000;0,0000;0,0000;0,0500;0,0000;0,0000;0,0375
33A;33;A;A.o.;L;Grass;2,426289926289926;135872,2358722358;0,0000;0,0500;0,0125;0,0000;0,7625;0,0125;0,000;0,000;0,0000;0,0625;0,0000;0,0000;0,0125;0,0500;0,0000;0,0000;0,0000;0,0000;0,0000;0,0000;0,0375
34A;34;A;D.g.;L;Grass;5,089325927037982;285002,2519141270;0,0000;0,0250;0,0000;0,0000;0,7750;0,0000;0,000;0,000;0,0000;0,0375;0,0000;0,0000;0,0125;0,0750;0,0000;0,0125;0,0000;0,0375;0,0000;0,0000;0,0250
35A;35;A;H.l.;L;Grass;1,585165245999701;88769,2537759833;0,0000;0,0625;0,0125;0,0000;0,8000;0,0000;0,000;0,000;0,0000;0,0250;0,0000;0,0000;0,0000;0,0625;0,0000;0,0000;0,0000;0,0000;0,0125;0,0000;0,0250
36A;36;A;G.v.;L;Forb;2,440467386481290;136666,1736429522;0,0000;0,0090;0,0000;0,0000;0,8700;0,0090;0,000;0,000;0,0000;0,0090;0,0000;0,0000;0,0000;0,0560;0,0000;0,0000;0,0000;0,0000;0,0000;0,0000;0,0460
36A;36;A;G.v.;L;Forb;2,440467386481290;136666,1736429522;0,0000;0,0110;0,0000;0,0000;0,8700;0,0110;0,000;0,000;0,0000;0,0110;0,0000;0,0000;0,0000;0,0560;0,0000;0,0000;0,0000;0,0000;0,0000;0,0000;0,0400
38A;38;A;P.l.;L;Forb;3,085001640958320;172760,0918936659;0,0000;0,0375;0,0000;0,0000;0,7625;0,0125;0,000;0,000;0,0000;0,0625;0,0000;0,0000;0,0125;0,0500;0,0000;0,0000;0,0000;0,0250;0,0000;0,0000;0,0375
39A;39;A;C.n.;L;Forb;1,073529411764706;60117,6470588235;0,0000;0,0200;0,0000;0,0000;0,9000;0,0000;0,000;0,000;0,0000;0,0200;0,0000;0,0000;0,0000;0,0400;0,0000;0,0000;0,0000;0,0000;0,0000;0,0000;0,0200
40A;40;A;R.a.;L;Forb;4,794520547945205;268493,1506849315;0,0000;0,0880;0,0250;0,0000;0,7630;0,0000;0,000;0,000;0,0000;0,0130;0,0000;0,0130;0,0000;0,0130;0,0130;0,0000;0,0000;0,0250;0,0130;0,0130;0,0250
41A;41;A;M.a.;L;Legumes;13,096525096525095;733405,4054054053;0,0000;0,0250;0,0125;0,0000;0,8750;0,0000;0,000;0,000;0,0000;0,0375;0,0000;0,0000;0,0000;0,0000;0,0000;0,0000;0,0000;0,0250;0,0000;0,0000;0,0250
42A;42;A;T.p.;L;Legumes;2,433167920601889;136257,4035537058;0,0000;0,0750;0,0125;0,0000;0,7375;0,0125;0,000;0,000;0,0000;0,0250;0,0000;0,0125;0,0000;0,0250;0,0000;0,0000;0,0000;0,0500;0,0000;0,0000;0,0500
43A;43;A;L.c.;L;Legumes;3,753753753753754;210210,2102102103;0,0000;0,0000;0,0375;0,0000;0,6750;0,0000;0,000;0,000;0,0000;0,0875;0,0000;0,0000;0,0125;0,0125;0,0000;0,0125;0,0000;0,0750;0,0125;0,0000;0,0750
44A;44;A;M.s.;L;Legumes;4,190774042220485;234683,3463643472;0,0000;0,0375;0,0125;0,0000;0,8250;0,0125;0,000;0,000;0,0000;0,0250;0,0000;0,0000;0,0000;0,0250;0,0125;0,0000;0,0000;0,0125;0,0000;0,0000;0,0375
45A;45;A;T.r.;L;Legumes;2,539981185324554;142238,9463781750;0,0000;0,0000;0,0000;0,0000;0,7625;0,0250;0,000;0,000;0,0125;0,0750;0,0000;0,0000;0,0000;0,0750;0,0000;0,0000;0,0000;0,0000;0,0000;0,0000;0,0500
46A;46;A;NA;T;Temoins;2,606748760594915;145977,9305933153;0,0000;0,0000;0,0200;0,0000;0,9000;0,0400;0,000;0,000;0,0000;0,0200;0,0000;0,0000;0,0200;0,0000;0,0000;0,0000;0,0000;0,0000;0,0000;0,0000;0,0000
47A;47;A;NA;T;Temoins;5,603908993739501;313818,9036494120;0,0000;0,0200;0,0000;0,0000;0,8800;0,0200;0,000;0,000;0,0200;0,0200;0,0000;0,0000;0,0000;0,0200;0,0000;0,0000;0,0000;0,0000;0,0000;0,0000;0,0200
1B;1;B;N.s.;P;Grass;1,294685599187445;72502,3935544969;0,0000;0,1110;0,0000;0,0000;0,5560;0,0000;0,000;0,000;0,0000;0,0000;0,0000;0,0000;0,0000;0,1110;0,0000;0,0000;0,0000;0,0000;0,0000;0,0000;0,2220
2B;2;B;F.o.;P;Grass;3,922042495402504;219634,3797425403;0,0000;0,0000;0,0240;0,0000;0,7860;0,0000;0,000;0,000;0,0000;0,0000;0,0000;0,1070;0,0000;0,0000;0,0000;0,0000;0,0000;0,0240;0,0600;0,0000;0,0000
3B;3;B;A.o.;P;Grass;1,695786228160329;94964,0287769784;0,0000;0,0310;0,0000;0,0000;0,8150;0,0310;0,000;0,000;0,0000;0,0150;0,0000;0,0000;0,0000;0,0000;0,0000;0,0000;0,0460;0,0150;0,0460;0,0000;0,0000
4B;4;B;D.g.;P;Grass;3,994847839343156;223711,4790032168;0,0000;0,0000;0,0290;0,0000;0,6570;0,0000;0,000;0,000;0,0000;0,0430;0,0000;0,0290;0,0000;0,0140;0,0860;0,0430;0,0000;0,0570;0,0290;0,0000;0,0140
5B;5;B;H.l.;P;Grass;3,134495288610173;175531,7361621697;0,0000;0,0000;0,0150;0,0000;0,8510;0,0000;0,000;0,000;0,0000;0,0000;0,0000;0,0000;0,0150;0,0000;0,0300;0,0000;0,0000;0,0150;0,0150;0,0000;0,0600
6B;6;B;G.v.;P;Forb;9,196427971778794;514999,9664196125;0,0000;0,0000;0,0430;0,0000;0,8550;0,0000;0,000;0,000;0,0000;0,0580;0,0000;0,0000;0,0000;0,0000;0,0000;0,0000;0,0000;0,0000;0,0000;0,0000;0,0430
7B;7;B;C.r.;P;Forb;1,562333621713061;87490,6828159314;0,0000;0,0000;0,0470;0,0000;0,4880;0,0000;0,000;0,000;0,0000;0,1630;0,0000;0,0000;0,0000;0,0700;0,0000;0,0230;0,0000;0,0230;0,0000;0,0000;0,1860
8B;8;B;P.l.;P;Forb;3,972751298357265;222474,0727080068;0,0000;0,0000;0,0000;0,0000;0,6360;0,0000;0,000;0,000;0,0000;0,0000;0,0000;0,0910;0,0000;0,0000;0,0000;0,0000;0,0000;0,0910;0,0000;0,0000;0,1820
9B;9;B;C.n.;P;Forb;4,360224588272678;244172,5769432700;0,0000;0,0280;0,0000;0,0000;0,3460;0,0000;0,009;0,000;0,0000;0,0000;0,0000;0,1030;0,0190;0,0190;0,0190;0,0000;0,0000;0,3460;0,0090;0,0000;0,1030
10B;10;B;R.a.;P;Forb;1,947871071546814;109080,7800066216;0,0000;0,0000;0,0000;0,0000;0,6360;0,0000;0,000;0,000;0,0000;0,0000;0,0000;0,0000;0,0000;0,0000;0,0000;0,3640;0,0000;0,0000;0,0000;0,0000;0,0000
11B;11;B;M.a.;P;Legumes;1,902949061152025;106565,1474245134;0,0000;0,1270;0,0130;0,0000;0,5950;0,0000;0,000;0,000;0,0000;0,0130;0,0000;0,0630;0,0000;0,0000;0,0250;0,0250;0,0000;0,0760;0,0000;0,0000;0,0630
12B;12;B;T.p.;P;Legumes;2,186617942921278;122450,6048035916;0,0000;0,0000;0,0450;0,0000;0,7730;0,0000;0,000;0,000;0,0230;0,0230;0,0000;0,0000;0,0000;0,0230;0,0230;0,0000;0,0000;0,0230;0,0000;0,0000;0,0680
13B;13;B;L.c.;P;Legumes;1,253476798912207;70194,7007390836;0,0000;0,0380;0,0190;0,0000;0,6040;0,0000;0,000;0,000;0,0000;0,0000;0,0000;0,0000;0,0000;0,0000;0,1600;0,0380;0,0000;0,0000;0,0000;0,0000;0,1420
14B;14;B;M.s.;P;Legumes;1,974611872141610;110578,2648399302;0,0000;0,1700;0,0960;0,0000;0,5210;0,0000;0,000;0,000;0,0000;0,0320;0,0000;0,0000;0,0000;0,0000;0,0530;0,0000;0,0000;0,0320;0,0000;0,0000;0,0960
15B;15;B;T.r.;P;Legumes;1,925895716106385;107850,1601019576;0,0000;0,0330;0,0000;0,0000;0,7380;0,0000;0,000;0,000;0,0000;0,0820;0,0000;0,0000;0,0000;0,0000;0,0330;0,0000;0,0000;0,0330;0,0330;0,0000;0,0490
17B;17;B;F.o.;P+L;Grass;1,728910878777228;96819,0092115248;0,0000;0,0380;0,0380;0,0000;0,6600;0,0000;0,000;0,000;0,0000;0,0000;0,0000;0,0380;0,0570;0,0000;0,0000;0,0000;0,0000;0,0000;0,0000;0,0000;0,1700
18B;18;B;A.o.;P+L;Grass;2,820817890176982;157965,8018499110;0,0000;0,0000;0,0000;0,0000;0,9350;0,0000;0,000;0,000;0,0000;0,0000;0,0000;0,0000;0,0000;0,0000;0,0000;0,0000;0,0000;0,0650;0,0000;0,0000;0,0000
19B;19;B;D.g.;P+L;Grass;6,945989844877399;388975,4313131343;0,0000;0,0330;0,0440;0,0000;0,7910;0,0000;0,000;0,000;0,0000;0,0110;0,0000;0,0000;0,0110;0,0000;0,0110;0,0000;0,0110;0,0000;0,0110;0,0000;0,0770
20B;20;B;H.l.;P+L;Grass;1,936557705976493;108447,2315346836;0,0000;0,0000;0,0000;0,0000;1,0000;0,0000;0,000;0,000;0,0000;0,0000;0,0000;0,0000;0,0000;0,0000;0,0000;0,0000;0,0000;0,0000;0,0000;0,0000;0,0000
21B;21;B;G.v.;P+L;Forb;3,316957476948038;185749,6187090901;0,0000;0,0590;0,0000;0,0000;0,8820;0,0000;0,000;0,000;0,0000;0,0240;0,0000;0,0120;0,0000;0,0000;0,0000;0,0000;0,0000;0,0120;0,0120;0,0000;0,0000
23B;23;B;P.l.;P+L;Forb;2,449641106085760;137179,9019408025;0,0000;0,0000;0,0000;0,0000;0,9050;0,0000;0,000;0,000;0,0000;0,0000;0,0000;0,0000;0,0000;0,0000;0,0000;0,0000;0,0000;0,0000;0,0480;0,0000;0,0480
24B;24;B;C.n.;P+L;Forb;2,370076670618761;132724,2935546506;0,0000;0,0420;0,0000;0,0000;0,6670;0,0140;0,000;0,000;0,0000;0,0690;0,0000;0,0000;0,0000;0,1250;0,0000;0,0140;0,0140;0,0140;0,0000;0,0000;0,0420
25B;25;B;R.a.;P+L;Forb;1,511799768362789;84660,7870283162;0,0000;0,0520;0,0000;0,0000;0,9220;0,0000;0,000;0,000;0,0000;0,0000;0,0000;0,0000;0,0000;0,0000;0,0000;0,0000;0,0000;0,0260;0,0000;0,0000;0,0000
26B;26;B;M.a.;P+L;Legumes;3,071004319903159;171976,2419145769;0,0340;0,2300;0,0230;0,0000;0,6320;0,0000;0,000;0,000;0,0000;0,0000;0,0000;0,0000;0,0000;0,0230;0,0000;0,0000;0,0000;0,0000;0,0000;0,0000;0,0570
27B;27;B;T.p.;P+L;Legumes;1,404609053671351;78658,1070055957;0,0000;0,0820;0,0410;0,0000;0,8160;0,0000;0,000;0,000;0,0000;0,0000;0,0000;0,0000;0,0000;0,0000;0,0000;0,0000;0,0000;0,0610;0,0000;0,0000;0,0000
28B;28;B;L.c.;P+L;Legumes;2,727628103401029;152747,1737904576;0,0000;0,0900;0,0220;0,0000;0,7640;0,0000;0,000;0,000;0,0000;0,0340;0,0000;0,0000;0,0000;0,0000;0,0220;0,0000;0,0000;0,0450;0,0000;0,0000;0,0220
29B;29;B;M.s.;P+L;Legumes;2,503315541033743;140185,6702978896;0,0000;0,0630;0,0950;0,0000;0,7620;0,0480;0,000;0,000;0,0000;0,0000;0,0000;0,0000;0,0000;0,0000;0,0000;0,0000;0,0160;0,0000;0,0000;0,0000;0,0160
30B;30;B;T.r.;P+L;Legumes;10,998876788158436;615937,1001368724;0,0000;0,0570;0,0000;0,0000;0,2390;0,0000;0,000;0,000;0,0000;0,0000;0,0000;0,0230;0,0000;0,0000;0,0000;0,0000;0,0000;0,6700;0,0000;0,0000;0,0110
32B;32;B;F.o.;L;Grass;8,688663285159398;486565,1439689263;0,0000;0,0250;0,0000;0,0000;0,8125;0,0000;0,000;0,000;0,0000;0,0000;0,0000;0,0000;0,0125;0,1000;0,0000;0,0000;0,0125;0,0250;0,0000;0,0000;0,0125
33B;33;B;A.o.;L;Grass;1,691970073417761;94750,3241113946;0,0000;0,0125;0,0000;0,0000;0,7375;0,0000;0,000;0,000;0,0000;0,0000;0,0000;0,0250;0,0000;0,0750;0,0000;0,0250;0,0000;0,0750;0,0000;0,0000;0,0500
34B;34;B;D.g.;L;Grass;2,686294479915251;150432,4908752541;0,0000;0,0500;0,0000;0,0000;0,7875;0,0125;0,000;0,000;0,0000;0,0000;0,0000;0,0000;0,0250;0,0500;0,0000;0,0000;0,0000;0,0500;0,0000;0,0000;0,0250
35B;35;B;H.l.;L;Grass;3,810597518655413;213393,4610447031;0,0125;0,0500;0,0250;0,0000;0,8250;0,0000;0,000;0,000;0,0000;0,0125;0,0000;0,0000;0,0125;0,0125;0,0000;0,0000;0,0000;0,0250;0,0000;0,0000;0,0250
36B;36;B;G.v.;L;Forb;3,788679245283019;212166,0377358491;0,0000;0,0000;0,0500;0,0000;0,8125;0,0000;0,000;0,000;0,0000;0,0000;0,0000;0,0000;0,0000;0,0625;0,0000;0,0375;0,0000;0,0250;0,0000;0,0000;0,0125
38B;38;B;P.l.;L;Forb;1,296944084430839;72628,8687281270;0,0000;0,0333;0,0000;0,0999;0,7003;0,0000;0,000;0,000;0,0000;0,0000;0,0000;0,0000;0,0000;0,0333;0,0000;0,0000;0,0000;0,0666;0,0000;0,0000;0,0666
39B;39;B;C.n.;L;Forb;5,908386391061476;330869,6378994427;0,0125;0,0125;0,0250;0,0000;0,6750;0,0250;0,000;0,000;0,0000;0,0500;0,0000;0,0000;0,0500;0,1250;0,0000;0,0000;0,0000;0,0000;0,0000;0,0000;0,0250
40B;40;B;R.a.;L;Forb;2,288417267537052;128151,3669820749;0,0000;0,0750;0,0000;0,0000;0,8125;0,0000;0,000;0,000;0,0000;0,0000;0,0000;0,0000;0,0000;0,0375;0,0000;0,0000;0,0000;0,0375;0,0000;0,0000;0,0375
41B;41;B;M.a.;L;Legumes;2,130009919233932;119280,5554771002;0,0000;0,0000;0,0090;0,0090;0,3430;0,0090;0,000;0,000;0,0000;0,1110;0,0000;0,0460;0,0000;0,3430;0,0190;0,0190;0,0090;0,0460;0,0000;0,0000;0,0370
41B;41;B;M.a.;L;Legumes;2,130009919233932;119280,5554771002;0,0000;0,0000;0,0090;0,0090;0,3430;0,0090;0,000;0,000;0,0000;0,1110;0,0000;0,0460;0,0000;0,3430;0,0190;0,0190;0,0090;0,0460;0,0000;0,0000;0,0370
42B;42;B;T.p.;L;Legumes;0,714310033374040;40001,3618689462;0,1000;0,0000;0,0000;0,0000;0,7000;0,0000;0,000;0,000;0,0000;0,1000;0,0000;0,0000;0,0000;0,0000;0,0000;0,0000;0,0000;0,1000;0,0000;0,0000;0,0000
43B;43;B;L.c.;L;Legumes;3,064281527227144;171599,7655247201;0,0000;0,0250;0,0125;0,0000;0,7000;0,0000;0,000;0,000;0,0000;0,0000;0,0000;0,0000;0,0250;0,2000;0,0000;0,0000;0,0000;0,0125;0,0000;0,0000;0,0250
44B;44;B;M.s.;L;Legumes;1,825349301123950;102219,5608629412;0,0000;0,0250;0,0250;0,0000;0,8500;0,0250;0,000;0,000;0,0000;0,0000;0,0000;0,0000;0,0000;0,0500;0,0000;0,0000;0,0000;0,0000;0,0000;0,0000;0,0250
45B;45;B;T.r.;L;Legumes;4,176799998997568;233900,7999438638;0,0000;0,0500;0,0000;0,0000;0,8375;0,0000;0,000;0,000;0,0000;0,0000;0,0000;0,0000;0,0000;0,0250;0,0250;0,0000;0,0000;0,0375;0,0000;0,0000;0,0250
46B;46;B;NA;T;Temoins;3,609777046394569;202147,5145980958;0,0000;0,0000;0,0000;0,0000;0,9250;0,0000;0,000;0,000;0,0000;0,0000;0,0000;0,0000;0,0125;0,0125;0,0000;0,0375;0,0000;0,0125;0,0000;0,0000;0,0000
47B;47;B;NA;T;Temoins;0,547428905385912;30656,0187016111;0,0000;0,0000;0,0000;0,0000;1,0000;0,0000;0,000;0,000;0,0000;0,0000;0,0000;0,0000;0,0000;0,0000;0,0000;0,0000;0,0000;0,0000;0,0000;0,0000;0,0000
1C;1;C;N.s.;P;Grass;3,718406110245716;208230,7421737601;0,0000;0,0000;0,0000;0,0000;0,6150;0,0000;0,000;0,000;0,0000;0,0990;0,0000;0,0000;0,0000;0,0110;0,0000;0,0550;0,0000;0,1320;0,0110;0,0000;0,0770
2C;2;C;F.o.;P;Grass;19,690151904086004;1102648,5066288162;0,0000;0,0110;0,0110;0,0000;0,8740;0,0000;0,000;0,000;0,0000;0,0000;0,0000;0,0000;0,0110;0,0000;0,0000;0,0340;0,0000;0,0000;0,0000;0,0340;0,0230
3C;3;C;A.o.;P;Grass;3,251199708100819;182067,1836536459;0,0000;0,0100;0,0000;0,0000;0,8450;0,0000;0,000;0,000;0,0000;0,0100;0,0000;0,0000;0,0210;0,0000;0,0000;0,0310;0,0000;0,0000;0,0000;0,0100;0,0720
4C;4;C;D.g.;P;Grass;6,151002786721920;344456,1560564275;0,0000;0,0230;0,0000;0,0000;0,7010;0,0000;0,034;0,034;0,0000;0,0340;0,0000;0,0000;0,0230;0,0000;0,0460;0,0230;0,0000;0,0340;0,0000;0,0000;0,0460
5C;5;C;H.l.;P;Grass;10,866137217236734;608503,6841652570;0,0000;0,0000;0,0000;0,0000;0,9430;0,0000;0,000;0,023;0,0000;0,0000;0,0000;0,0110;0,0000;0,0110;0,0000;0,0000;0,0000;0,0000;0,0110;0,0000;0,0000
6C;6;C;G.v.;P;Forb;25,690061834640147;1438643,4627398483;0,0000;0,0000;0,0120;0,0000;0,7090;0,0000;0,000;0,000;0,0000;0,0120;0,0000;0,0000;0,0230;0,0120;0,0000;0,0000;0,0000;0,2210;0,0000;0,0000;0,0120
7C;7;C;C.r.;P;Forb;4,276345613345825;239475,3543473662;0,0000;0,0300;0,0300;0,0000;0,6930;0,0000;0,000;0,010;0,0000;0,0000;0,0000;0,0200;0,0690;0,0500;0,0200;0,0000;0,0100;0,0000;0,0400;0,0100;0,0200
8C;8;C;P.l.;P;Forb;3,980004457604993;222880,2496258796;0,0000;0,0100;0,0000;0,0000;0,9090;0,0000;0,000;0,000;0,0000;0,0000;0,0000;0,0000;0,0100;0,0400;0,0000;0,0000;0,0000;0,0100;0,0000;0,0000;0,0200
9C;9;C;C.n.;P;Forb;7,321059302248016;409979,3209258889;0,0000;0,0000;0,0500;0,0000;0,6000;0,0000;0,000;0,000;0,0000;0,0750;0,0000;0,0000;0,0000;0,0000;0,0000;0,0250;0,0000;0,0750;0,0000;0,0000;0,1750
10C;10;C;R.a.;P;Forb;3,689666063686221;206621,2995664284;0,0000;0,0100;0,0000;0,0000;0,7980;0,0190;0,000;0,000;0,0000;0,0190;0,0000;0,0000;0,0190;0,0000;0,0100;0,0380;0,0000;0,0290;0,0000;0,0000;0,0580
11C;11;C;M.a.;P;Legumes;2,863288451868820;160344,1533046539;0,0110;0,2580;0,0110;0,0000;0,5280;0,0000;0,000;0,000;0,0000;0,0000;0,0000;0,1350;0,0000;0,0000;0,0220;0,0000;0,0110;0,0000;0,0220;0,0000;0,0000
12C;12;C;T.p.;P;Legumes;5,783689994216310;323886,6396761134;0,0000;0,0090;0,0000;0,0000;0,8110;0,0090;0,009;0,000;0,0280;0,0190;0,0090;0,0090;0,0280;0,0090;0,0000;0,0000;0,0000;0,0280;0,0090;0,0000;0,0190
13C;13;C;L.c.;P;Legumes;1,749709520880323;97983,7331692981;0,0000;0,0220;0,0000;0,0000;0,6810;0,0000;0,000;0,000;0,0000;0,0550;0,0000;0,0000;0,0000;0,0440;0,0220;0,0000;0,0000;0,0220;0,0220;0,0000;0,1320
14C;14;C;M.s.;P;Legumes;1,821523787444733;102005,3320969051;0,0000;0,0000;0,0240;0,0000;0,7830;0,0000;0,000;0,000;0,0000;0,0240;0,0000;0,0120;0,0360;0,0120;0,0000;0,0360;0,0000;0,0000;0,0120;0,0000;0,0600
15C;15;C;T.r.;P;Legumes;6,880959402339528;385333,7265310136;0,0000;0,0100;0,0000;0,0000;0,8230;0,0000;0,010;0,000;0,0000;0,0100;0,0000;0,0000;0,0100;0,0310;0,0000;0,0100;0,0100;0,0000;0,0210;0,0000;0,0630
17C;17;C;F.o.;P+L;Grass;3,856703515917214;215975,3968913640;0,0000;0,0820;0,0310;0,0000;0,4950;0,0100;0,000;0,000;0,0000;0,0100;0,0000;0,1650;0,0100;0,0100;0,1240;0,0000;0,0000;0,0000;0,0210;0,0000;0,0410
18C;18;C;A.o.;P+L;Grass;15,557578182409417;871224,3782149274;0,0000;0,0210;0,0420;0,0000;0,8960;0,0000;0,000;0,000;0,0000;0,0000;0,0000;0,0000;0,0000;0,0100;0,0000;0,0000;0,0000;0,0210;0,0000;0,0000;0,0100
19C;19;C;D.g.;P+L;Grass;3,292639683906590;184387,8222987691;0,0000;0,0930;0,0650;0,0000;0,6760;0,0000;0,000;0,000;0,0000;0,0280;0,0000;0,0090;0,0370;0,0000;0,0000;0,0000;0,0000;0,0370;0,0000;0,0000;0,0560
20C;20;C;H.l.;P+L;Grass;9,398815872868648;526333,6888806443;0,0000;0,0200;0,0100;0,0000;0,8380;0,0000;0,000;0,020;0,0000;0,0000;0,0000;0,0000;0,0300;0,0200;0,0100;0,0100;0,0000;0,0200;0,0000;0,0000;0,0200
21C;21;C;G.v.;P+L;Forb;2,867967818382164;160606,1978294012;0,0000;0,0190;0,1750;0,0000;0,6700;0,0000;0,000;0,000;0,0000;0,0100;0,0000;0,0390;0,0190;0,0190;0,0000;0,0000;0,0100;0,0000;0,0100;0,0000;0,0290
23C;23;C;P.l.;P+L;Forb;8,296389217545009;464597,7961825205;0,0000;0,0190;0,0000;0,0000;0,2640;0,0000;0,000;0,000;0,0000;0,0000;0,0000;0,0190;0,0000;0,0000;0,0000;0,0090;0,0000;0,6600;0,0000;0,0000;0,0280
24C;24;C;C.n.;P+L;Forb;8,821955507988685;494029,5084473664;0,0000;0,0330;0,0110;0,0000;0,8560;0,0000;0,000;0,000;0,0000;0,0220;0,0000;0,0000;0,0220;0,0220;0,0220;0,0000;0,0000;0,0000;0,0000;0,0000;0,0110
25C;25;C;R.a.;P+L;Forb;3,969979659114821;222318,8609104300;0,0000;0,0660;0,0110;0,0110;0,7690;0,0000;0,000;0,000;0,0000;0,0660;0,0000;0,0000;0,0000;0,0330;0,0000;0,0000;0,0220;0,0000;0,0000;0,0000;0,0220
26C;26;C;M.a.;P+L;Legumes;4,469192941857101;250274,8047439977;0,0000;0,0530;0,0000;0,0110;0,8300;0,0000;0,000;0,000;0,0110;0,0110;0,0000;0,0110;0,0110;0,0000;0,0110;0,0000;0,0000;0,0000;0,0000;0,0000;0,0530
27C;27;C;T.p.;P+L;Legumes;3,674665843840727;205781,2872550807;0,0000;0,0650;0,0000;0,0000;0,8260;0,0000;0,000;0,000;0,0220;0,0000;0,0000;0,0000;0,0000;0,0000;0,0220;0,0110;0,0000;0,0000;0,0000;0,0000;0,0540
28C;28;C;L.c.;P+L;Legumes;6,897027381198703;386233,5333471274;0,0000;0,0090;0,0180;0,0000;0,6550;0,0000;0,000;0,000;0,0000;0,0350;0,0000;0,1770;0,0180;0,0440;0,0180;0,0000;0,0000;0,0000;0,0000;0,0000;0,0270
29C;29;C;M.s.;P+L;Legumes;6,249494050028333;349971,6668015867;0,0000;0,1340;0,0210;0,0000;0,7420;0,0000;0,000;0,000;0,0000;0,0100;0,0000;0,0410;0,0000;0,0100;0,0000;0,0000;0,0000;0,0000;0,0100;0,0000;0,0310
30C;30;C;T.r.;P+L;Legumes;10,383002131609707;581448,1193701436;0,0000;0,0190;0,0090;0,0000;0,5650;0,0000;0,009;0,000;0,2690;0,0000;0,0000;0,0000;0,0000;0,0000;0,0460;0,0000;0,0000;0,0560;0,0000;0,0090;0,0190
32C;32;C;F.o.;L;Grass;4,447610278149376;249066,1755763651;0,0000;0,0375;0,0125;0,0000;0,8000;0,0125;0,000;0,000;0,0000;0,0375;0,0000;0,0000;0,0000;0,0375;0,0000;0,0000;0,0000;0,0250;0,0000;0,0000;0,0375
33C;33;C;A.o.;L;Grass;8,633841304967394;483495,1130781741;0,0000;0,0000;0,0250;0,0000;0,7500;0,0250;0,000;0,000;0,0000;0,0750;0,0000;0,0375;0,0000;0,0125;0,0000;0,0000;0,0125;0,0125;0,0000;0,0000;0,0500
34C;34;C;D.g.;L;Grass;5,598444221816253;313512,8764217102;0,0000;0,0125;0,0250;0,0000;0,6750;0,0125;0,000;0,000;0,0000;0,0375;0,0125;0,0250;0,0000;0,0500;0,0125;0,0000;0,0000;0,0625;0,0000;0,0125;0,0625
35C;35;C;H.l.;L;Grass;2,571350414881007;143995,6232333364;0,0000;0,0000;0,0200;0,0000;0,6600;0,0000;0,000;0,000;0,0000;0,0800;0,0000;0,0000;0,0200;0,0600;0,0000;0,0000;0,0000;0,1200;0,0000;0,0000;0,0400
36C;36;C;G.v.;L;Forb;4,817936078867865;269804,4204166004;0,0000;0,0375;0,0125;0,0000;0,7375;0,0000;0,000;0,000;0,0000;0,0500;0,0000;0,0000;0,0000;0,0750;0,0000;0,0125;0,0000;0,0500;0,0000;0,0000;0,0250
38C;38;C;P.l.;L;Forb;1,478136573322071;82775,6481060360;0,0000;0,0500;0,0000;0,0000;0,7500;0,0000;0,000;0,000;0,0000;0,0500;0,0000;0,0000;0,0000;0,0500;0,0000;0,0000;0,0000;0,0500;0,0000;0,0000;0,0500
39C;39;C;C.n.;L;Forb;17,714484195901353;992011,1149704758;0,0000;0,0000;0,0125;0,0000;0,8375;0,0125;0,000;0,000;0,0000;0,0375;0,0000;0,0000;0,0000;0,0250;0,0125;0,0125;0,0000;0,0375;0,0000;0,0000;0,0125
40C;40;C;R.a.;L;Forb;5,746471536245096;321802,4060297254;0,0000;0,0250;0,0125;0,0000;0,7750;0,0500;0,000;0,000;0,0000;0,0500;0,0000;0,0000;0,0000;0,0500;0,0000;0,0000;0,0000;0,0125;0,0000;0,0000;0,0125
41C;41;C;M.a.;L;Legumes;5,001302247478331;280072,9258587865;0,0000;0,0370;0,0000;0,0000;0,6810;0,0000;0,000;0,000;0,0000;0,0670;0,0000;0,0000;0,0070;0,0740;0,0070;0,0150;0,0070;0,0740;0,0000;0,0070;0,0220
41C;41;C;M.a.;L;Legumes;5,001302247478331;280072,9258587865;0,0000;0,0370;0,0000;0,0000;0,6810;0,0000;0,000;0,000;0,0000;0,0670;0,0000;0,0000;0,0070;0,0740;0,0070;0,0150;0,0070;0,0740;0,0000;0,0070;0,0220
42C;42;C;T.p.;L;Legumes;9,909466819680492;554930,1419021076;0,0000;0,0250;0,0000;0,0000;0,7375;0,0250;0,000;0,000;0,0000;0,0500;0,0000;0,0000;0,0000;0,1000;0,0000;0,0125;0,0000;0,0375;0,0000;0,0125;0,0000
43C;43;C;L.c.;L;Legumes;3,069417623742250;171887,3869295660;0,0000;0,0000;0,0250;0,0000;0,8000;0,0000;0,000;0,000;0,0000;0,0500;0,0000;0,0000;0,0000;0,0250;0,0000;0,0250;0,0000;0,0250;0,0000;0,0000;0,0500
44C;44;C;M.s.;L;Legumes;6,793073865924331;380412,1364917626;0,0000;0,0250;0,0125;0,0000;0,7500;0,0125;0,000;0,000;0,0000;0,0500;0,0000;0,0000;0,0125;0,0500;0,0000;0,0000;0,0000;0,0750;0,0000;0,0000;0,0125
45C;45;C;T.r.;L;Legumes;17,244940793489743;965716,6844354257;0,0000;0,0125;0,0125;0,0000;0,8375;0,0000;0,000;0,000;0,0000;0,0125;0,0000;0,0000;0,0000;0,1000;0,0000;0,0000;0,0000;0,0250;0,0000;0,0000;0,0000
46C;46;C;NA;T;Temoins;4,227471802763076;236738,4209547323;0,0000;0,0000;0,0125;0,0000;0,8750;0,0250;0,000;0,000;0,0000;0,0250;0,0000;0,0000;0,0000;0,0375;0,0000;0,0250;0,0000;0,0000;0,0000;0,0000;0,0000
47C;47;C;NA;T;Temoins;15,494455415464074;867689,5032659881;0,0000;0,0000;0,0375;0,0000;0,8250;0,0250;0,000;0,000;0,0000;0,0250;0,0000;0,0125;0,0000;0,0750;0,0000;0,0000;0,0000;0,0000;0,0000;0,0000;0,0000
