Numero;Bloc;Type;Sp;mod;gf;APE13C;C13CPerGSoil;n13CRhizoPerGSoil
1;A;F;N.s.;P;Grass;79,4162790697682937;61,22106710711645;4,86194935032777e-03
1;A;NF;N.s.;P;Grass;10,4729166666684002;15,96967870853165;1,67249114307921e-04
2;A;F;F.o.;P;Grass;-8,9837209302312502;7,84305804838733;0,00000000000000e+00
2;A;F;F.o.;P;Grass;59,2162790697669976;58,86598885981410;3,48582482404055e-03
2;A;NF;F.o.;P;Grass;4,4729166666668299;27,67137263836542;1,23771743863693e-04
3;A;F;A.o.;P;Grass;2,2162790697688499;16,18146857397531;3,58626501186239e-05
3;A;NF;A.o.;P;Grass;16,4729166666677003;15,51253983742895;2,55536776030330e-04
4;A;F;D.g.;P;Grass;31,0162790697687996;64,27876225251990;1,99368802828348e-03
4;A;NF;D.g.;P;Grass;14,5729166666686005;15,67988928619522;2,28501719910313e-04
5;A;F;H.l.;P;Grass;21,0162790697677018;54,15045078354878;1,13804098542078e-03
5;A;NF;H.l.;P;Grass;0,5729166666679220;13,97382910906548;8,00583959375297e-06
6;A;F;G.v.;P;Forb;77,9162790697673984;65,13795062052459;5,07530673858152e-03
6;A;NF;G.v.;P;Forb;7,2729166666674097;14,18487801500158;1,03165435729949e-04
7;A;F;C.r.;P;Forb;7,9162790697684402;69,50718152012551;5,50238246266365e-04
7;A;NF;C.r.;P;Forb;-1,3270833333334200;14,13844190867365;0,00000000000000e+00
8;A;F;P.l.;P;Forb;29,5162790697678012;51,16547228529890;1,51021435870935e-03
8;A;NF;P.l.;P;Forb;2,1729166666672999;12,67957009291950;2,75516491810810e-05
9;A;F;C.n.;P;Forb;26,3162790697668996;68,18067233819565;1,79426160041629e-03
9;A;NF;C.n.;P;Forb;2,0729166666666501;14,82898595007414;3,07392521256743e-05
10;A;F;R.a.;P;Forb;-8,9837209302312502;16,03159724337259;0,00000000000000e+00
10;A;NF;R.a.;P;Forb;2,2729166666679599;16,11210035060869;3,66214614219252e-05
11;A;F;M.a.;P;Legumes;39,6162790697674012;62,58652259013596;2,47944514493713e-03
11;A;NF;M.a.;P;Legumes;3,8729166666673400;15,22160147432586;5,89519940432848e-05
12;A;F;T.p.;P;Legumes;113,2162790697680066;66,72034362064994;7,55382904298632e-03
12;A;NF;T.p.;P;Legumes;19,6729166666687014;15,17997312234416;2,98634346238147e-04
13;A;NF;L.c.;P;Legumes;22,8729166666674999;17,19602698995615;3,93323292339032e-04
13;A;NF;L.c.;P;Legumes;23,9729166666679987;18,43052394071769;4,41833414553855e-04
14;A;NF;M.s.;P;Legumes;14,4729166666678992;21,45880252919471;3,10571460771517e-04
15;A;F;T.r.;P;Legumes;79,7162790697681061;63,09737903860987;5,02988827601276e-03
15;A;NF;T.r.;P;Legumes;9,5729166666669308;12,37049759375658;1,18421742590236e-04
17;A;F;F.o.;P+L;Grass;29,6162790697684990;67,35731863440523;1,99487314606786e-03
17;A;NF;F.o.;P+L;Grass;5,0729166666685401;13,46495412035495;6,83065901730758e-05
18;A;F;A.o.;P+L;Grass;-6,4837209302326402;19,57555534120900;0,00000000000000e+00
18;A;NF;A.o.;P+L;Grass;10,0729166666680001;18,77005000053294;1,89069149484560e-04
19;A;F;D.g.;P+L;Grass;31,3162790697684983;51,84398707328669;1,62356076727652e-03
19;A;NF;D.g.;P+L;Grass;13,1729166666683000;14,68376569384395;1,93428021837889e-04
20;A;F;H.l.;P+L;Grass;20,4162790697682013;80,50951861024241;1,64370479971941e-03
20;A;NF;H.l.;P+L;Grass;-3,2270833333325499;13,68619255581377;0,00000000000000e+00
21;A;F;G.v.;P+L;Forb;29,3162790697687008;18,45559454906801;5,41049360198980e-04
21;A;NF;G.v.;P+L;Forb;35,3729166666672015;16,74957613453895;5,92481360809044e-04
23;A;F;P.l.;P+L;Forb;21,4162790697680983;61,47179690376778;1,31649715741120e-03
23;A;NF;P.l.;P+L;Forb;9,7729166666682392;15,14381204386919;1,47999213120420e-04
24;A;F;C.n.;P+L;Forb;22,1162790697682006;66,10663578658234;1,46203280541958e-03
24;A;NF;C.n.;P+L;Forb;0,2729166666681770;12,91639620270180;3,52509979700687e-06
25;A;F;R.a.;P+L;Forb;90,7162790697668981;53,81344434443027;4,88175543485470e-03
25;A;NF;R.a.;P+L;Forb;29,9729166666672988;15,67106522194090;4,69707531975143e-04
26;A;F;M.a.;P+L;Legumes;56,7162790697683974;73,92621726532627;4,19281996899258e-03
26;A;NF;M.a.;P+L;Legumes;13,1729166666683000;19,76298592109884;2,60336166623174e-04
27;A;F;T.p.;P+L;Legumes;50,0162790697667035;56,46896353977245;2,82436743918574e-03
27;A;NF;T.p.;P+L;Legumes;5,8729166666671198;20,22547494134943;1,18782528874309e-04
28;A;F;L.c.;P+L;Legumes;89,6162790697685949;74,51101766340631;6,67740015269628e-03
28;A;NF;L.c.;P+L;Legumes;23,2729166666678999;17,85613409819100;4,15564320856046e-04
29;A;F;M.s.;P+L;Legumes;27,2162790697683015;67,25782836525798;1,83050782641544e-03
29;A;NF;M.s.;P+L;Legumes;4,7729166666665703;18,10725514917760;8,64244198890939e-05
30;A;F;T.r.;P+L;Legumes;37,1162790697688010;53,60694740991391;1,98969042014478e-03
30;A;NF;T.r.;P+L;Legumes;8,3729166666679493;17,38680013408382;1,45578228622695e-04
30;A;NF;T.r.;P+L;Legumes;12,1729166666683994;18,90334569120396;2,30108851820251e-04
1;B;NF;N.s.;P;Grass;6,9729166666676603;22,43827909479141;1,56460250271412e-04
2;B;F;F.o.;P;Grass;165,5162790697679895;48,39250132216477;8,00974675372354e-03
2;B;NF;F.o.;P;Grass;6,8729166666670096;23,12138211979625;1,58911332527524e-04
3;B;F;A.o.;P;Grass;373,3162790697689957;72,11717386401436;2,69225150039414e-02
3;B;NF;A.o.;P;Grass;15,3729166666671997;25,02514344871180;3,84709444808439e-04
4;B;F;D.g.;P;Grass;88,9162790697683931;75,77639599158765;6,73775517288929e-03
4;B;NF;D.g.;P;Grass;3,7729166666666800;25,45963024270626;9,60570632698775e-05
5;B;F;H.l.;P;Grass;97,5162790697669948;69,62569607271168;6,78963880865333e-03
5;B;NF;H.l.;P;Grass;6,3729166666681696;14,95110854110398;9,52821688067664e-05
6;B;F;G.v.;P;Forb;78,2162790697670971;81,08597145653431;6,34224297208746e-03
6;B;NF;G.v.;P;Forb;1,9729166666682101;16,92844598238810;3,33984132194460e-05
6;B;NF;G.v.;P;Forb;0,0729166666668668;NA;NA
7;B;F;C.r.;P;Forb;48,6162790697686020;66,79773547770628;3,24745734921275e-03
7;B;NF;C.r.;P;Forb;4,9729166666678797;25,45526835876572;1,26586928275810e-04
8;B;F;P.l.;P;Forb;94,1162790697670033;63,99995701648842;6,02343781501692e-03
8;B;NF;P.l.;P;Forb;7,5729166666671501;17,60392984957091;1,33313093756655e-04
9;B;F;C.n.;P;Forb;53,4162790697668015;66,85426963384901;3,57110632376712e-03
9;B;NF;C.n.;P;Forb;2,3729166666686101;17,63354150433341;4,18429245280254e-05
10;B;F;R.a.;P;Forb;163,7162790697680066;81,84352105615936;1,33991167332826e-02
10;B;NF;R.a.;P;Forb;11,2729166666669993;22,32669809424729;2,51687007058283e-04
11;B;F;M.a.;P;Legumes;340,6162790697679839;81,43983647280879;2,77397340674185e-02
11;B;NF;M.a.;P;Legumes;41,8729166666675994;18,77109855822500;7,86000645670359e-04
12;B;F;T.p.;P;Legumes;125,4162790697679952;59,22049423922700;7,42721403215648e-03
12;B;F;T.p.;P;Legumes;127,4162790697670005;62,44580011604416;7,95661149432077e-03
12;B;NF;T.p.;P;Legumes;1,5729166666678100;18,51002206569067;2,91147222075138e-05
13;B;F;L.c.;P;Legumes;301,1162790697690070;71,59763054537450;2,15592121000352e-02
13;B;NF;L.c.;P;Legumes;30,4729166666684002;27,60045220009853;8,41066279855967e-04
14;B;F;M.s.;P;Legumes;401,0162790697680180;65,68017928110542;2,63388211039442e-02
14;B;NF;M.s.;P;Legumes;51,8729166666664980;22,48342654467671;1,16628091153313e-03
15;B;F;T.r.;P;Legumes;53,5162790697673998;63,59492104813556;3,40336354223185e-03
15;B;NF;T.r.;P;Legumes;11,1729166666685007;24,95899304401462;2,78864749364734e-04
17;B;F;F.o.;P+L;Grass;115,7162790697690014;54,98019963553553;6,36210412433724e-03
17;B;NF;F.o.;P+L;Grass;7,5729166666671501;21,39163274329890;1,61997052128951e-04
18;B;F;A.o.;P+L;Grass;71,4162790697670005;78,98717886634067;5,64097040885219e-03
18;B;NF;A.o.;P+L;Grass;9,9729166666673308;19,80464068683040;1,97510031183049e-04
19;B;F;D.g.;P+L;Grass;63,7162790697676016;63,46020506095642;4,04344813548858e-03
19;B;NF;D.g.;P+L;Grass;7,5729166666671501;17,89126407386266;1,35489051892698e-04
20;B;F;H.l.;P+L;Grass;129,8162790697680009;86,52217664638485;1,12319870292509e-02
20;B;NF;H.l.;P+L;Grass;NA;NA;NA
21;B;F;G.v.;P+L;Forb;93,7162790697688024;77,08919050190889;7,22451209033946e-03
21;B;NF;G.v.;P+L;Forb;1,0729166666667600;16,13518559380635;1,73117095433562e-05
23;B;NF;P.l.;P+L;Forb;10,7729166666681007;20,56914220655798;2,21589654896095e-04
24;B;F;C.n.;P+L;Forb;54,4162790697688976;77,25774832537061;4,20407919317534e-03
24;B;NF;C.n.;P+L;Forb;7,9729166666675502;19,11886175546179;1,52433091537834e-04
25;B;F;R.a.;P+L;Forb;221,9162790697670005;74,41309178610264;1,65134764432489e-02
25;B;NF;R.a.;P+L;Forb;11,8729166666687007;20,82531841041463;2,47257270043694e-04
25;B;NF;R.a.;P+L;Forb;8,5729166666670409;22,33903574972405;1,91510691896080e-04
26;B;F;M.a.;P+L;Legumes;358,8162790697670061;63,29152109899132;2,27100280974057e-02
26;B;NF;M.a.;P+L;Legumes;3,6729166666682498;56,50944926871820;2,07554498043319e-04
27;B;F;T.p.;P+L;Legumes;160,9162790697670005;83,23991656828125;1,33946576442457e-02
27;B;NF;T.p.;P+L;Legumes;5,3729166666682797;15,06528055354089;8,09444969741533e-05
28;B;F;L.c.;P+L;Legumes;401,0162790697680180;72,19600040067748;2,89517714443992e-02
28;B;NF;L.c.;P+L;Legumes;95,1729166666682005;16,41275128035240;1,56204940987573e-03
29;B;F;M.s.;P+L;Legumes;102,0162790697680038;62,05688801115389;6,33081280554722e-03
29;B;NF;M.s.;P+L;Legumes;7,8729166666669004;16,01487558612125;1,26083780916571e-04
30;B;F;T.r.;P+L;Legumes;91,3162790697685978;53,99378415545100;4,93051146197201e-03
30;B;NF;T.r.;P+L;Legumes;19,7729166666671006;13,81203256130312;2,73104168831939e-04
1;C;F;N.s.;P;Grass;136,6162790697680123;70,71442034578772;9,66074098421701e-03
1;C;NF;N.s.;P;Grass;10,3729166666677006;27,47402515413693;2,84985773421795e-04
2;C;F;F.o.;P;Grass;37,8162790697667006;55,21149140733375;2,08789316691776e-03
2;C;NF;F.o.;P;Grass;8,0729166666682097;22,93391992179140;1,85143624368664e-04
3;C;F;A.o.;P;Grass;72,4162790697669010;72,45563298187734;5,24696733819224e-03
3;C;NF;A.o.;P;Grass;8,3729166666679493;24,26605343675267;2,03177643254842e-04
4;C;F;D.g.;P;Grass;58,3162790697678020;59,32913518032233;3,45985440414366e-03
4;C;NF;D.g.;P;Grass;7,6729166666678097;20,64766099310132;1,58427782161674e-04
5;C;F;H.l.;P;Grass;32,5162790697674993;52,35554902943748;1,70240764309208e-03
5;C;NF;H.l.;P;Grass;6,3729166666681696;20,72118051115237;1,32054356632563e-04
6;C;F;G.v.;P;Forb;172,3162790697689957;64,30313230198696;1,10804764908095e-02
6;C;NF;G.v.;P;Forb;11,4729166666683007;26,00207466964185;2,98319635845288e-04
7;C;F;C.r.;P;Forb;38,5162790697669024;53,02581013600732;2,04235690109893e-03
7;C;NF;C.r.;P;Forb;7,2729166666674097;20,00541408314820;1,45497709508911e-04
8;C;F;P.l.;P;Forb;69,0162790697667958;59,30497658749243;4,09300881438836e-03
8;C;NF;P.l.;P;Forb;6,1729166666668602;20,14739338488278;1,24368180415437e-04
9;C;F;C.n.;P;Forb;45,1162790697678986;82,99922509877180;3,74461620213067e-03
9;C;NF;C.n.;P;Forb;4,8729166666672299;24,39030702322180;1,18851933598588e-04
10;C;F;R.a.;P;Forb;120,3162790697680009;49,03701819214006;5,89995156555481e-03
10;C;NF;R.a.;P;Forb;16,9729166666665989;45,17330926708471;7,66722813747787e-04
11;C;F;M.a.;P;Legumes;144,5162790697679895;72,19242198257881;1,04329802019568e-02
11;C;NF;M.a.;P;Legumes;NA;NA;NA
12;C;F;T.p.;P;Legumes;60,4162790697682013;65,33984575712816;3,94759035563826e-03
12;C;NF;T.p.;P;Legumes;7,8729166666669004;24,74504465259308;1,94815674462817e-04
13;C;F;L.c.;P;Legumes;81,3162790697675035;67,40735509199416;5,48131529801551e-03
13;C;NF;L.c.;P;Legumes;7,8729166666669004;21,86765392732229;1,72162217065320e-04
14;C;F;M.s.;P;Legumes;231,7162790697670118;71,84893619983501;1,66485681513469e-02
14;C;NF;M.s.;P;Legumes;11,7729166666679994;25,07349946514075;2,95188219744847e-04
15;C;F;T.r.;P;Legumes;24,6162790697668008;62,81441986909479;1,54625728910314e-03
15;C;NF;T.r.;P;Legumes;5,3729166666682797;23,44998712691818;1,25994826667375e-04
17;C;F;F.o.;P+L;Grass;51,1162790697672023;59,90215352580979;3,06197519650533e-03
17;C;NF;F.o.;P+L;Grass;11,9729166666670999;25,86170616612134;3,09640052784802e-04
18;C;F;A.o.;P+L;Grass;116,7162790697680066;61,45113211043856;7,17234748455513e-03
18;C;NF;A.o.;P+L;Grass;20,1729166666675006;23,71833373345721;4,78467969877241e-04
19;C;F;D.g.;P+L;Grass;34,6162790697678986;75,98837467395353;2,63043478377166e-03
19;C;NF;D.g.;P+L;Grass;4,3729166666683899;29,24119714588289;1,27869318352567e-04
20;C;F;H.l.;P+L;Grass;34,4162790697687981;61,21826116437446;2,10690476039910e-03
20;C;NF;H.l.;P+L;Grass;8,2729166666672995;21,25717690917445;1,75858853138205e-04
21;C;F;G.v.;P+L;Forb;75,8162790697670061;62,11135361025395;4,70905171871599e-03
21;C;NF;G.v.;P+L;Forb;6,0729166666684300;19,18553610407581;1,16512161965411e-04
23;C;F;P.l.;P+L;Forb;38,0162790697679966;71,95189034990094;2,73534314313918e-03
23;C;NF;P.l.;P+L;Forb;7,0729166666683199;22,83545343506823;1,61513259191822e-04
24;C;F;C.n.;P+L;Forb;106,7162790697669976;60,30898810684564;6,43595080522540e-03
24;C;NF;C.n.;P+L;Forb;18,5729166666681991;23,85350262170829;4,43029116401139e-04
24;C;NF;C.n.;P+L;Forb;20,4729166666672988;23,87450282050338;4,88780706702279e-04
25;C;F;R.a.;P+L;Forb;112,8162790697670061;69,41462704565483;7,83109993630639e-03
25;C;NF;R.a.;P+L;Forb;10,2729166666671006;20,69679832663498;2,12616484476336e-04
26;C;F;M.a.;P+L;Legumes;403,3162790697679725;74,54362211945370;3,00646563016009e-02
26;C;NF;M.a.;P+L;Legumes;39,5729166666680996;22,97677526939886;9,09258013004682e-04
27;C;F;T.p.;P+L;Legumes;142,7162790697680066;61,85616217397066;8,82788130300522e-03
27;C;NF;T.p.;P+L;Legumes;26,9729166666677003;25,74044339482528;6,94294834651699e-04
28;C;F;L.c.;P+L;Legumes;239,1162790697690070;59,25058782390658;1,41677800931491e-02
28;C;NF;L.c.;P+L;Legumes;34,5729166666685970;19,34551286800993;6,68830804259672e-04
29;C;F;M.s.;P+L;Legumes;377,8162790697670061;64,17915898965097;2,42479310432969e-02
29;C;NF;M.s.;P+L;Legumes;44,0729166666686965;27,25971933889097;1,20141533877972e-03
30;C;F;T.r.;P+L;Legumes;34,1162790697668967;66,16867835042170;2,25742909628063e-03
30;C;NF;T.r.;P+L;Legumes;27,0729166666682985;15,58660433732773;4,21974840340804e-04
