Numero;Sp;mod;gf;12:0;14:0;i15:0;a15:0;15:0;3-OH 14:0;i16:0;16:3w3;16:1w7;16:1w5;16:0;i17:0;17:01:0;cy17:0;17:0;18:2w6,9;18:1w9, 18:3w3, 18:2w6t;18:1w7, 18:1w9t;18:0;cy19:0;20:4w6;20:5w3;20:0;21:0;22:0;24:0
1;N.s.;P;Grass;0,30;2,36;15,79;11,59;1,30;0,17;8,84;2,51;8,58;7,20;27,80;4,12;1,12;4,55;0,81;2,44;13,65;13,15;4,70;9,18;1,30;0,33;0,60;0,59;0,65;0,50
2;F.o.;P;Grass;0,39;2,32;15,43;11,30;1,35;0,20;8,51;2,17;7,79;6,26;27,12;4,00;0,69;4,08;0,77;2,68;11,64;12,37;4,55;1,13;0,76;0,33;0,65;0,08;0,87;0,71
3;A.o.;P;Grass;0,39;2,44;15,49;11,60;1,43;0,18;8,67;2,46;9,16;2,98;27,70;3,99;1,32;4,76;0,85;2,79;12,27;13,91;4,65;0,08;1,24;0,43;0,70;0,08;0,85;0,68
4;D.g.;P;Grass;0,38;2,18;14,83;10,35;1,22;0,16;8,05;2,15;8,15;6,73;25,03;3,74;1,14;4,29;0,73;2,64;11,59;11,54;4,16;0,21;0,95;0,36;0,59;0,07;0,68;0,52
5;H.l.;P;Grass;0,27;1,57;10,42;7,40;0,88;0,11;5,81;1,50;5,77;4,64;18,67;2,61;0,47;2,76;0,52;1,66;8,01;8,42;3,16;0,14;0,56;0,25;0,47;0,06;0,61;0,49
6;G.v.;P;Forbs;0,36;2,02;13,51;9,67;1,15;0,14;7,72;2,01;7,22;6,13;23,65;3,49;1,03;3,90;0,67;2,29;10,54;10,70;3,95;0,15;1,04;0,36;0,54;0,07;0,64;0,50
7;C.r.;P;Forbs;0,28;2,06;13,95;10,25;1,15;0,16;7,57;2,01;7,01;5,91;23,13;3,67;0,50;3,41;0,67;1,80;10,44;11,25;4,09;7,73;0,79;0,00;0,52;0,06;0,59;0,53
8;P.l.;P;Forbs;0,33;1,93;12,54;9,41;1,11;0,13;6,82;1,84;6,78;5,75;23,42;3,25;0,51;3,41;0,62;2,06;9,72;10,91;3,78;0,18;0,78;0,32;0,56;0,08;0,85;0,68
9;C.n.;P;Forbs;0,28;2,18;15,00;10,52;1,18;0,17;7,59;2,29;8,32;7,75;26,81;3,84;0,98;4,46;0,73;2,70;11,50;13,34;4,32;8,15;1,24;0,38;0,55;0,06;0,63;0,48
10;R.a.;P;Forbs;0,31;1,91;12,58;9,05;1,13;0,14;7,28;1,80;6,91;5,37;22,49;3,25;0,72;3,68;0,66;3,29;10,12;10,32;3,74;0,23;0,63;0,24;0,50;0,07;0,70;0,60
11;M.a.;P;Legumes;0,48;2,39;15,34;10,43;1,34;0,18;8,34;0,00;8,12;6,66;28,57;3,98;1,27;4,52;0,84;2,80;12,59;12,69;4,66;0,06;0,84;0,32;0,75;0,11;1,16;0,99
12;T.p.;P;Legumes;0,33;1,97;12,97;9,27;1,12;0,15;7,26;1,83;7,02;5,85;23,93;3,33;0,64;3,28;0,64;2,32;10,50;11,03;3,71;0,20;0,82;0,33;0,51;0,05;0,60;0,44
13;L.c.;P;Legumes;0,30;1,91;12,89;8,74;1,07;0,16;6,72;1,82;7,02;6,17;23,52;3,35;0,94;3,93;0,65;1,98;10,03;11,14;3,71;0,18;0,91;0,30;0,51;0,07;0,73;0,63
14;M.s.;P;Legumes;0,30;2,09;13,26;10,02;1,20;0,15;7,53;1,92;7,13;5,77;25,29;3,52;0,60;3,35;0,69;2,51;11,40;12,35;4,11;7,63;0,83;0,00;0,60;0,07;0,70;0,55
15;T.r.;P;Legumes;0,36;2,05;13,65;9,85;1,10;0,16;7,15;1,95;7,20;6,01;23,40;3,48;0,92;3,90;0,67;1,62;9,77;10,73;3,89;0,18;0,78;0,00;0,59;0,07;0,76;0,58
17;F.o.;P+L;Grass;0,37;1,89;12,11;9,26;1,05;0,13;6,84;1,80;6,57;5,29;21,92;3,16;0,72;3,18;0,60;2,52;9,72;10,13;3,69;0,17;0,81;0,31;0,53;0,07;0,62;0,45
18;A.o.;P+L;Grass;0,41;2,52;16,14;11,59;1,43;0,18;9,09;2,36;9,06;7,69;29,05;4,16;1,27;4,81;0,83;2,63;12,55;14,14;4,76;0,09;1,08;0,35;0,71;0,09;1,00;0,80
19;D.g.;P+L;Grass;0,38;2,11;13,95;10,05;1,21;0,15;7,64;1,98;7,29;6,27;24,62;3,63;1,08;4,08;0,70;2,83;11,19;11,57;4,13;0,21;1,10;0,32;0,62;0,08;0,75;0,60
20;H.l.;P+L;Grass;0,34;2,15;13,80;9,98;1,18;0,16;7,56;2,02;7,74;6,91;25,09;3,58;0,99;4,19;0,72;2,23;10,20;12,02;4,13;0,13;1,08;0,34;0,59;0,07;0,79;0,65
21;G.v.;P+L;Forbs;0,39;2,16;14,14;10,46;1,18;0,16;7,66;2,11;7,71;6,44;23,73;3,61;1,02;4,18;0,67;1,99;10,16;11,43;4,04;0,04;0,92;0,33;0,61;0,08;0,74;0,57
23;P.l.;P+L;Forbs;0,38;2,34;15,47;11,20;1,39;0,16;9,19;2,24;8,49;7,09;27,09;3,99;1,29;4,62;0,79;2,51;12,49;13,21;4,57;0,22;1,07;0,41;0,66;0,08;0,96;0,78
24;C.n.;P+L;Forbs;0,44;2,24;13,92;9,99;1,21;0,17;7,50;0,00;7,57;6,52;25,71;3,61;1,05;4,14;0,72;2,06;10,50;11,44;4,25;0,05;0,94;0,31;0,66;0,50;1,00;2,04
25;R.a.;P+L;Forbs;0,41;2,30;15,04;10,69;1,37;0,16;8,83;2,10;8,06;6,07;26,00;3,80;1,31;4,60;0,77;4,18;12,09;11,49;4,29;0,22;0,74;0,00;0,61;0,07;0,75;0,58
26;M.a.;P+L;Legumes;0,39;2,16;13,91;9,86;1,25;0,14;7,87;1,92;7,89;6,73;25,87;3,59;1,20;4,36;0,74;3,11;11,66;12,68;4,19;0,02;1,01;0,41;0,66;0,09;0,83;0,73
27;T.p.;P+L;Legumes;0,40;2,26;14,53;10,83;1,33;0,15;8,66;2,03;7,64;6,21;26,55;3,78;1,21;4,33;0,78;2,68;12,13;12,47;4,38;0,05;0,89;0,34;0,67;0,08;0,83;0,67
28;L.c.;P+L;Legumes;0,31;1,96;13,30;9,60;1,15;0,15;7,78;1,89;7,12;6,27;23,99;3,47;0,69;3,75;0,67;2,06;10,93;11,18;3,96;0,93;0,80;0,33;0,56;0,07;0,80;0,62
29;M.s.;P+L;Legumes;0,29;2,00;12,99;9,96;1,22;0,00;7,70;0,00;7,05;5,98;26,27;3,50;0,76;3,29;0,69;3,49;12,13;12,76;4,16;7,69;1,12;0,44;0,58;0,07;0,70;0,56
30;T.r.;P+L;Legumes;0,27;1,85;12,05;9,13;1,00;0,14;6,26;1,82;6,72;5,60;21,65;2,98;0,55;3,03;0,61;2,38;10,56;11,32;3,93;7,06;0,98;0,34;0,54;0,06;0,57;0,46
32;F.o.;L;Grass;0,39;2,21;14,47;10,41;1,29;0,15;8,58;2,17;7,54;6,22;24,62;3,86;1,18;4,28;0,72;1,73;11,43;10,69;4,20;1,14;0,95;0,36;0,60;0,07;0,71;0,56
33;A.o.;L;Grass;0,35;2,20;14,51;10,60;1,32;0,18;9,16;2,11;7,15;6,04;24,78;3,90;1,06;4,04;0,74;2,28;11,84;10,84;4,31;1,13;1,14;0,34;0,61;0,08;0,77;0,62
34;D.g.;L;Grass;0,30;2,08;13,99;10,28;1,27;0,16;8,78;0,00;7,15;5,82;24,61;3,64;1,03;4,03;0,69;2,05;11,46;10,34;4,22;7,72;1,10;0,32;0,56;0,06;0,64;0,50
35;H.l.;L;Grass;0,37;1,96;12,80;9,04;1,09;0,14;7,24;1,92;6,82;5,47;21,35;3,32;1,05;3,81;0,67;1,95;10,29;9,53;3,72;0,20;0,94;0,33;0,49;0,07;0,62;0,46
36;G.v.;L;Forbs;0,44;2,02;12,31;9,29;1,16;0,15;7,70;1,80;6,11;4,70;23,89;3,36;1,03;3,61;0,66;1,96;10,60;9,47;3,87;0,03;0,84;0,31;0,62;0,09;0,87;0,70
38;P.l.;L;Forbs;0,29;1,80;12,42;8,71;1,06;0,13;7,36;1,77;6,10;4,97;21,10;3,33;0,62;3,07;0,59;1,61;10,08;9,02;3,58;0,21;0,76;0,27;0,49;0,06;0,66;0,51
39;C.n.;L;Forbs;0,41;2,25;14,15;10,30;1,22;0,17;7,90;2,12;7,52;6,16;23,83;3,71;0,67;3,90;0,73;1,84;11,09;11,03;4,06;0,21;1,02;0,32;0,58;0,08;0,75;0,61
40;R.a.;L;Forbs;0,37;2,10;13,64;9,56;1,23;0,14;7,82;1,93;6,88;5,49;24,04;3,63;0,71;3,21;0,70;2,03;11,05;10,27;4,01;0,21;0,91;0,27;0,58;0,08;0,88;0,69
41;M.a.;L;Legumes;0,40;2,18;14,41;10,49;1,27;0,16;8,31;2,13;7,34;5,96;23,43;3,78;1,16;4,23;0,72;1,62;11,25;10,71;4,13;1,07;1,03;0,32;0,59;0,09;0,75;0,61
42;T.p.;L;Legumes;0,40;2,14;13,66;9,71;1,19;0,16;7,59;2,00;6,91;5,66;24,40;3,64;0,77;3,24;0,71;1,67;10,77;10,05;4,00;0,04;0,99;0,00;0,63;0,09;0,84;0,68
43;L.c.;L;Legumes;0,33;2,11;13,62;9,81;1,22;0,00;7,95;2,01;6,90;5,80;23,32;3,59;0,65;3,41;0,69;1,77;10,57;10,39;3,94;0,98;0,92;0,29;0,56;0,07;0,75;0,59
44;M.s.;L;Legumes;0,30;2,06;13,68;9,75;1,15;0,17;7,60;2,02;6,87;5,79;23,57;3,63;0,62;3,74;0,68;1,69;10,95;10,47;4,00;0,96;0,92;0,00;0,55;0,06;0,64;0,52
45;T.r.;L;Legumes;0,31;2,18;14,26;10,24;1,27;0,18;8,07;2,15;7,40;6,14;24,87;3,68;1,05;4,15;0,73;1,86;11,34;10,61;4,18;0,98;1,12;0,26;0,59;0,06;0,70;0,57
46;NA;témoin;Temoins;0,30;1,63;11,09;7,97;0,94;0,13;6,19;1,53;5,30;4,35;18,94;3,01;0,45;2,67;0,52;1,15;8,27;8,07;3,15;0,20;0,74;0,23;0,46;0,07;0,63;0,47
47;NA;témoin;Temoins;0,31;2,06;13,68;9,81;1,16;0,17;7,77;0,00;6,66;5,58;22,96;3,62;0,54;3,22;0,68;1,67;10,15;10,38;3,94;7,31;0,83;0,00;0,54;0,06;0,66;0,53
