Numero;Bloc;Sp;L_scan_Dmass;R_scan_Dmass;L_scan_Fmass;R_scan_Fmass;R_arch_Fmass;R_arch_Dmass;R_resp_Dmass;R_Dmass_carottes;Shoot_Dmass;Root_Dmass;BiomasseTot
1;A;N.s.;0,021;0,063;0,0710;0,4770;0,7090;0,121;0,063;0,0630;1,2350;0,8750;2,1100
2;A;F.o.;0,078;0,094;0,3310;0,7291;4,5834;0,676;0,366;0,3660;7,1520;5,5230;12,6750
3;A;A.o.;0,244;0,038;1,0650;0,2962;3,4925;0,462;0,589;0,5890;9,0030;6,3390;15,3420
4;A;D.g.;0,258;0,023;1,3320;0,2098;2,2800;0,511;0,230;0,2300;6,1420;4,7360;10,8780
5;A;H.l.;0,142;0,036;0,6900;0,4017;1,8060;0,354;0,430;0,4300;7,3120;3,7160;11,0280
6;A;G.v.;0,024;0,084;0,1320;0,6392;0,7763;0,115;0,172;0,1720;4,0010;2,1410;6,1420
7;A;C.r.;0,078;0,039;0,4940;0,5207;0,5052;0,040;0,039;0,0390;1,9300;0,5480;2,4780
8;A;P.l.;0,700;0,100;5,2000;0,9280;1,0512;0,176;0,324;0,3240;13,0440;4,5190;17,5630
9;A;C.n.;1,112;0,145;6,7000;0,9964;3,4505;0,805;0,926;0,9260;8,1910;11,9590;20,1500
10;A;R.a.;1,385;0,116;12,9550;0,4735;7,3631;2,417;0,385;0,3850;10,9370;8,8040;19,7410
11;A;M.a.;0,192;0,144;1,1100;0,9801;2,2164;0,514;0,232;0,2320;4,9139;3,9910;8,9049
12;A;T.p.;0,403;0,116;1,9170;0,6965;2,0242;0,440;0,435;0,4350;10,9240;5,3420;16,2660
13;A;L.c.;0,078;0,102;0,4110;0,6979;3,0005;0,568;0,354;0,3540;10,1310;5,3060;15,4370
14;A;M.s.;0,136;0,228;0,6530;1,1123;2,9491;0,819;0,463;0,4630;12,2020;7,2440;19,4460
15;A;T.r.;0,156;0,104;0,9590;0,9265;1,3600;0,237;0,207;0,2070;8,2680;2,1880;10,4560
17;A;F.o.;0,065;0,113;0,2530;0,6056;2,9040;0,562;0,668;0,6680;6,6320;8,9980;15,6300
18;A;A.o.;0,277;0,068;1,2100;0,4465;7,6404;1,127;1,041;1,0410;12,8590;11,6580;24,5170
19;A;D.g.;0,393;0,078;1,7090;0,4713;4,8736;0,787;0,619;0,6190;10,9300;9,1140;20,0440
20;A;H.l.;0,187;0,073;0,8990;0,4326;2,8951;0,545;0,734;0,7340;15,0630;10,2690;25,3320
21;A;G.v.;0,030;0,044;0,1760;0,3455;1,7328;0,250;0,088;0,0880;3,6110;2,0040;5,6150
23;A;P.l.;0,279;0,050;2,5620;0,3414;1,9132;0,295;0,151;0,1510;10,9310;1,9290;12,8600
24;A;C.n.;0,875;0,088;5,7250;0,6069;5,0678;0,954;0,905;0,9050;8,9130;9,8660;18,7790
25;A;R.a.;1,427;0,160;13,5850;0,6064;5,6340;2,136;0,635;0,6350;10,9760;20,9660;31,9420
26;A;M.a.;0,168;0,131;0,9060;0,6162;3,8166;1,078;0,380;0,3800;7,9660;6,5210;14,4870
27;A;T.p.;0,302;0,084;1,5300;0,5371;2,7324;0,600;0,227;0,2270;14,8730;4,0240;18,8970
28;A;L.c.;0,108;0,325;0,5490;1,6915;2,6380;0,585;0,893;0,8930;10,9820;7,2980;18,2800
29;A;M.s.;0,111;0,163;0,5390;0,8069;3,8810;1,151;0,399;0,3990;7,7560;8,4070;16,1630
30;A;T.r.;0,207;0,096;1,1800;0,6019;3,1313;0,505;0,282;0,2820;7,5780;4,5890;12,1670
1;B;N.s.;0,022;0,054;0,0818;0,4118;0,8910;0,084;0,054;0,0540;3,5940;1,5030;5,0970
2;B;F.o.;0,103;0,615;0,3901;5,7637;12,0026;1,872;0,615;0,6150;13,2790;11,0730;24,3520
3;B;A.o.;0,353;0,374;1,5522;3,5516;15,5436;2,015;0,976;0,9760;15,9110;9,2280;25,1390
4;B;D.g.;0,334;0,154;1,3796;0,9743;2,6509;0,553;0,597;0,5970;12,3680;7,1880;19,5560
5;B;H.l.;0,209;0,072;0,9911;0,4463;1,5565;0,368;0,526;0,5260;12,0630;8,5080;20,5710
6;B;G.v.;0,036;0,067;0,1667;0,5260;3,6056;0,510;0,280;0,2800;8,2190;3,8340;12,0530
7;B;C.r.;0,094;0,054;0,4964;0,7341;1,0651;0,190;0,093;0,0930;5,4020;0,9500;6,3520
8;B;P.l.;0,627;0,096;4,6180;0,8160;0,8744;0,166;0,354;0,3540;13,1370;3,0780;16,2150
9;B;C.n.;0,802;0,469;4,9415;2,7916;4,5030;0,894;1,430;1,4300;8,5480;11,1270;19,6750
10;B;R.a.;0,781;0,235;7,9765;1,2174;2,0145;0,591;0,686;0,6860;10,5970;14,6260;25,2230
11;B;M.a.;0,274;0,161;1,3874;1,7678;7,4212;1,232;0,639;0,6390;12,0530;8,1870;20,2400
12;B;T.p.;0,277;0,240;1,3434;2,3830;3,3856;0,626;0,493;0,4930;11,0450;4,8720;15,9170
13;B;L.c.;0,099;0,205;0,5647;1,9403;2,7845;0,531;0,569;0,5690;14,2870;6,1610;20,4480
14;B;M.s.;0,150;0,254;0,7598;2,2726;4,1556;1,168;0,561;0,5610;13,0850;9,3140;22,3990
15;B;T.r.;0,175;0,095;1,2752;1,2995;4,7155;0,713;0,095;0,0950;5,8250;2,2960;8,1210
17;B;F.o.;0,072;0,313;0,3113;2,8479;2,8745;0,486;0,411;0,4110;9,6340;5,1800;14,8140
18;B;A.o.;0,346;0,224;1,3842;1,9230;16,8799;2,577;1,018;1,0180;17,4710;10,6080;28,0790
19;B;D.g.;0,432;0,140;2,0730;1,1801;18,2006;2,834;0,451;0,4510;10,7260;8,7370;19,4630
20;B;H.l.;0,142;0,244;0,6997;1,5709;18,9637;2,290;0,244;0,2440;14,8960;9,9180;24,8140
21;B;G.v.;0,043;0,244;0,2100;1,7644;5,4235;0,701;0,709;0,7090;8,5780;5,9970;14,5750
23;B;P.l.;0,865;0,175;6,8630;1,5884;2,3554;0,367;0,625;0,6250;16,1990;5,3670;21,5660
24;B;C.n.;1,000;0,400;5,5049;2,6550;7,0642;1,237;1,574;1,5740;12,9390;15,2320;28,1710
25;B;R.a.;0,887;0,309;8,8490;1,6940;13,8236;4,586;1,126;1,1260;12,3440;19,8850;32,2290
26;B;M.a.;0,187;0,304;0,9377;2,3987;7,1107;1,574;0,730;0,7300;11,4150;9,0560;20,4710
27;B;T.p.;0,398;0,265;1,8190;2,2922;5,2485;0,954;0,569;0,5690;13,9140;5,5490;19,4630
28;B;L.c.;0,095;0,469;0,4901;4,2755;16,4702;2,454;1,142;1,1420;12,6310;10,3310;22,9620
29;B;M.s.;0,191;0,269;0,9019;1,9570;2,5553;0,540;0,395;0,3950;10,5210;7,3240;17,8450
30;B;T.r.;0,223;0,188;1,4261;1,5909;5,7802;0,982;0,367;0,3670;17,5660;4,5730;22,1390
1;C;N.s.;0,024;0,075;0,0702;0,4641;1,6845;0,249;0,075;0,0765;3,9030;1,1885;5,0915
2;C;F.o.;0,108;0,200;0,3793;1,6297;3,2320;0,595;0,672;0,6880;10,9370;7,5250;18,4620
3;C;A.o.;0,265;0,332;1,0846;2,5330;22,2471;2,545;1,061;1,0885;15,7810;9,6455;25,4265
4;C;D.g.;0,297;0,120;1,4975;0,9124;5,2830;0,724;0,314;0,3315;10,0090;3,7765;13,7855
5;C;H.l.;0,137;0,275;0,6044;1,9603;8,1886;1,143;0,631;0,6830;15,8700;10,5110;26,3810
6;C;G.v.;0,042;0,262;0,2198;2,0779;1,7875;0,241;0,262;0,2905;6,7430;3,7295;10,4725
7;C;C.r.;0,085;0,166;0,4635;1,3413;0,5832;0,095;0,166;0,1665;4,7010;1,3255;6,0265
8;C;P.l.;1,006;0,193;6,9431;1,8071;1,8068;0,269;0,493;0,5075;17,1400;5,1295;22,2695
9;C;C.n.;0,796;0,436;4,6083;2,9882;5,1850;1,311;1,190;1,2640;10,6250;12,9110;23,5360
10;C;R.a.;1,001;0,449;9,5475;2,2372;6,5923;2,369;2,235;2,3275;10,4600;22,3605;32,8205
11;C;M.a.;0,296;0,484;1,4457;2,7541;10,2291;3,155;0,920;0,9640;11,0910;11,9990;23,0900
12;C;T.p.;0,347;0,268;1,7354;2,4966;2,9852;0,544;0,485;0,5250;12,0640;6,9630;19,0270
13;C;L.c.;0,080;0,390;0,4863;3,1702;6,5084;1,283;1,259;1,3165;19,3240;11,0215;30,3455
14;C;M.s.;0,153;0,439;0,6971;2,7084;8,4337;2,478;0,736;0,7780;12,9160;11,3660;24,2820
15;C;T.r.;0,170;0,217;1,2179;2,1824;2,6914;0,378;0,217;0,2285;8,3430;2,9875;11,3305
17;C;F.o.;0,070;0,258;0,2750;1,8571;7,7642;1,072;0,502;0,5490;10,9960;4,9940;15,9900
18;C;A.o.;0,312;0,648;1,2306;4,0613;23,5915;2,698;1,493;1,5205;24,3950;15,5055;39,9005
19;C;D.g.;0,500;0,398;2,3404;2,6659;6,4882;0,955;0,398;0,4130;10,0620;4,7550;14,8170
20;C;H.l.;0,156;0,315;0,7568;2,1118;4,6379;0,710;0,725;0,7815;11,7290;7,9655;19,6945
21;C;G.v.;0,050;0,229;0,2466;1,5740;5,6804;0,803;0,496;0,5240;9,9870;6,5070;16,4940
23;C;P.l.;0,923;0,227;6,4440;1,9259;1,8483;0,269;0,422;0,4510;15,2360;4,2840;19,5200
24;C;C.n.;0,913;0,494;6,4055;2,9479;9,7814;2,026;1,399;1,4450;13,0210;14,1040;27,1250
25;C;R.a.;0,653;0,341;6,6534;2,4459;19,2541;6,606;1,243;1,3070;11,2980;23,5860;34,8840
26;C;M.a.;0,202;0,207;1,1080;1,5529;11,0428;3,032;1,014;1,0700;12,2340;12,9740;25,2080
27;C;T.p.;0,365;0,257;1,7325;2,0497;8,5024;1,387;0,615;0,6400;24,3410;7,8650;32,2060
28;C;L.c.;0,113;0,518;0,5551;NA;7,9519;1,474;1,213;1,2680;15,8960;13,0420;28,9380
29;C;M.s.;0,161;0,285;0,7560;2,4722;6,0712;1,808;0,732;0,7500;16,8550;14,4070;31,2620
30;C;T.r.;0,240;0,380;1,4227;3,1339;10,9012;1,659;0,705;0,7615;20,6030;7,6935;28,2965
