Numero,Sp,mod,gf,Component,AtomPer13C,baseline.13C,APE13Cppm,Group
1,N.s.,P,Grass,12:0,1.073475,NA,NA,NA
1,N.s.,P,Grass,14:0,1.07510775,1.07140188888889,37.05861111109821,unsp_microb
1,N.s.,P,Grass,15:0,1.070871,1.0675905,32.804999999997975,unsp_microb
1,N.s.,P,Grass,16:0,1.08090233333333,1.070809391666667,100.9294166666308,unsp_microb
1,N.s.,P,Grass,16:1w5,1.07575433333333,1.07535642857143,3.979047618998255,AMF
1,N.s.,P,Grass,16:1w7,1.0671885,1.0713248571428586,-41.363571428585374,Gneg
1,N.s.,P,Grass,17:0,1.073495,1.0639524,95.42600000000068,unsp_microb
1,N.s.,P,Grass,18:0,1.071113,1.0691116916666674,20.013083333325632,unsp_microb
1,N.s.,P,Grass,18:1w7,1.07235566666667,1.0701228809523815,22.327857142885325,Gneg
1,N.s.,P,Grass,18:1w9,1.07524933333333,1.069066,61.83333333329877,Zygomycota
1,N.s.,P,Grass,"18:2w6,9",1.0690054,1.06873488888889,2.705111111100944,AscoBasio
1,N.s.,P,Grass,19:0,1.06448775,1.0645678888888868,-0.8013888888669385,NA
1,N.s.,P,Grass,a15:0,1.07422225,1.0735033257575755,7.189242424245901,firmicutes
1,N.s.,P,Grass,a15:0,1.07422225,1.0735033257575755,7.189242424245901,firmicutes
1,N.s.,P,Grass,cy17:0,1.06736825,1.066706216666665,6.620333333349215,Gneg
1,N.s.,P,Grass,cy19:0,1.059361,NA,NA,Gneg
1,N.s.,P,Grass,i15:0,1.07291525,1.07159835,13.169000000001763,firmicutes
1,N.s.,P,Grass,i16:0,1.0720985,1.070926324999998,11.72175000001996,firmicutes
1,N.s.,P,Grass,i17:0,1.07087225,1.069663805555555,12.084444444451226,firmicutes
2,F.o.,P,Grass,16:0,1.07959533333333,1.070809391666667,87.85941666662912,unsp_microb
2,F.o.,P,Grass,16:1w5,1.080938,1.07535642857143,55.81571428569854,AMF
2,F.o.,P,Grass,16:1w7,1.07803766666667,1.0713248571428586,67.12809523811369,Gneg
2,F.o.,P,Grass,18:0,1.0750505,1.0691116916666674,59.38808333332491,unsp_microb
2,F.o.,P,Grass,18:1w7,1.071871,1.0701228809523815,17.481190476185127,Gneg
2,F.o.,P,Grass,18:1w9,1.07410166666667,1.069066,50.356666666699915,Zygomycota
2,F.o.,P,Grass,19:0,1.066265,1.0645678888888868,16.971111111132586,NA
2,F.o.,P,Grass,a15:0,1.07444366666667,1.0735033257575755,9.403409090944503,firmicutes
2,F.o.,P,Grass,a15:0,1.07444366666667,1.0735033257575755,9.403409090944503,firmicutes
2,F.o.,P,Grass,i15:0,1.07255566666667,1.07159835,9.573166666700939,firmicutes
2,F.o.,P,Grass,i16:0,1.071947,1.070926324999998,10.206750000019138,firmicutes
2,F.o.,P,Grass,i17:0,1.071683,1.069663805555555,20.191944444449828,firmicutes
3,A.o.,P,Grass,16:0,1.08569233333333,1.070809391666667,148.8294166666293,unsp_microb
3,A.o.,P,Grass,16:1w5,1.091442,1.07535642857143,160.85571428569924,AMF
3,A.o.,P,Grass,16:1w7,1.07893066666667,1.0713248571428586,76.05809523811402,Gneg
3,A.o.,P,Grass,18:1w7,1.08304033333333,1.0701228809523815,129.17452380948546,Gneg
3,A.o.,P,Grass,18:1w9,1.0755415,1.069066,64.75499999999856,Zygomycota
3,A.o.,P,Grass,a15:0,1.07462966666667,1.0735033257575755,11.2634090909447,firmicutes
3,A.o.,P,Grass,a15:0,1.07462966666667,1.0735033257575755,11.2634090909447,firmicutes
3,A.o.,P,Grass,cy17:0,1.071497,1.066706216666665,47.907833333349366,Gneg
3,A.o.,P,Grass,i15:0,1.07144566666667,1.07159835,-1.5268333332985051,firmicutes
3,A.o.,P,Grass,i16:0,1.071718,1.070926324999998,7.916750000018791,firmicutes
3,A.o.,P,Grass,i17:0,1.07484933333333,1.069663805555555,51.855277777750345,firmicutes
4,D.g.,P,Grass,16:0,1.07987733333333,1.070809391666667,90.67941666663026,unsp_microb
4,D.g.,P,Grass,16:1w5,1.08382333333333,1.07535642857143,84.6690476189993,AMF
4,D.g.,P,Grass,16:1w7,1.077049,1.0713248571428586,57.2414285714129,Gneg
4,D.g.,P,Grass,18:1w7,1.072491,1.0701228809523815,23.681190476185776,Gneg
4,D.g.,P,Grass,18:1w9,1.073051,1.069066,39.849999999999056,Zygomycota
4,D.g.,P,Grass,19:0,1.0670175,1.0645678888888868,24.496111111131924,NA
4,D.g.,P,Grass,a15:0,1.07426366666667,1.0735033257575755,7.603409090946034,firmicutes
4,D.g.,P,Grass,a15:0,1.07426366666667,1.0735033257575755,7.603409090946034,firmicutes
4,D.g.,P,Grass,i15:0,1.07206766666667,1.07159835,4.693166666700499,firmicutes
4,D.g.,P,Grass,i16:0,1.07178066666667,1.070926324999998,8.54341666671976,firmicutes
4,D.g.,P,Grass,i17:0,1.072446,1.069663805555555,27.82194444445052,firmicutes
5,H.l.,P,Grass,16:0,1.08127933333333,1.070809391666667,104.6994166666293,unsp_microb
5,H.l.,P,Grass,16:1w5,1.09247566666667,1.07535642857143,171.19238095239854,AMF
5,H.l.,P,Grass,16:1w7,1.07740333333333,1.0713248571428586,60.78476190471305,Gneg
5,H.l.,P,Grass,18:1w7,1.07436633333333,1.0701228809523815,42.434523809484766,Gneg
5,H.l.,P,Grass,18:1w9,1.07251533333333,1.069066,34.49333333329862,Zygomycota
5,H.l.,P,Grass,19:0,1.06855666666667,1.0645678888888868,39.8877777778317,NA
5,H.l.,P,Grass,a15:0,1.07411633333333,1.0735033257575755,6.130075757544429,firmicutes
5,H.l.,P,Grass,a15:0,1.07411633333333,1.0735033257575755,6.130075757544429,firmicutes
5,H.l.,P,Grass,i15:0,1.072172,1.07159835,5.736499999999811,firmicutes
5,H.l.,P,Grass,i16:0,1.07147166666667,1.070926324999998,5.453416666718614,firmicutes
6,G.v.,P,Forb,16:0,1.08332733333333,1.070809391666667,125.17941666662979,unsp_microb
6,G.v.,P,Forb,16:1w5,1.08747966666667,1.07535642857143,121.23238095239853,AMF
6,G.v.,P,Forb,16:1w7,1.07802333333333,1.0713248571428586,66.9847619047137,Gneg
6,G.v.,P,Forb,18:1w7,1.07283266666667,1.0701228809523815,27.09785714288593,Gneg
6,G.v.,P,Forb,18:1w9,1.07467,1.069066,56.03999999999943,Zygomycota
6,G.v.,P,Forb,19:0,1.06805666666667,1.0645678888888868,34.887777777832255,NA
6,G.v.,P,Forb,a15:0,1.074121,1.0735033257575755,6.176742424246484,firmicutes
6,G.v.,P,Forb,a15:0,1.074121,1.0735033257575755,6.176742424246484,firmicutes
6,G.v.,P,Forb,i15:0,1.07190233333333,1.07159835,3.039833333300379,firmicutes
6,G.v.,P,Forb,i16:0,1.07160833333333,1.070926324999998,6.820083333318738,firmicutes
7,C.r.,P,Forb,16:0,1.07639533333333,1.070809391666667,55.859416666630416,unsp_microb
7,C.r.,P,Forb,16:1w5,1.07805966666667,1.07535642857143,27.032380952398682,AMF
7,C.r.,P,Forb,16:1w7,1.07443633333333,1.0713248571428586,31.114761904713628,Gneg
7,C.r.,P,Forb,18:0,1.07270266666667,1.0691116916666674,35.90975000002494,unsp_microb
7,C.r.,P,Forb,18:1w7,1.07162166666667,1.0701228809523815,14.987857142885199,Gneg
7,C.r.,P,Forb,18:1w9,1.072095,1.069066,30.289999999999488,Zygomycota
7,C.r.,P,Forb,19:0,1.06850933333333,1.0645678888888868,39.414444444432206,NA
7,C.r.,P,Forb,a15:0,1.074267,1.0735033257575755,7.636742424246279,firmicutes
7,C.r.,P,Forb,a15:0,1.074267,1.0735033257575755,7.636742424246279,firmicutes
7,C.r.,P,Forb,cy17:0,1.06754533333333,1.066706216666665,8.391166666650296,Gneg
7,C.r.,P,Forb,i15:0,1.07112966666667,1.07159835,-4.686833333298335,firmicutes
7,C.r.,P,Forb,i16:0,1.07112033333333,1.070926324999998,1.9400833333182987,firmicutes
7,C.r.,P,Forb,i17:0,1.07158466666667,1.069663805555555,19.20861111115002,firmicutes
8,P.l.,P,Forb,16:0,1.08402766666667,1.070809391666667,132.18275000002944,unsp_microb
8,P.l.,P,Forb,16:1w7,1.076719,1.0713248571428586,53.94142857141349,Gneg
8,P.l.,P,Forb,18:1w7,1.07409233333333,1.0701228809523815,39.69452380948591,Gneg
8,P.l.,P,Forb,18:1w9,1.074144,1.069066,50.77999999999916,Zygomycota
8,P.l.,P,Forb,a15:0,1.07438166666667,1.0735033257575755,8.783409090944438,firmicutes
8,P.l.,P,Forb,a15:0,1.07438166666667,1.0735033257575755,8.783409090944438,firmicutes
8,P.l.,P,Forb,i15:0,1.07236533333333,1.07159835,7.669833333301401,firmicutes
8,P.l.,P,Forb,i16:0,1.07140866666667,1.070926324999998,4.823416666719371,firmicutes
9,C.n.,P,Forb,14:0,1.073126,1.07140188888889,17.241111111099272,unsp_microb
9,C.n.,P,Forb,16:0,1.07860933333333,1.070809391666667,77.9994166666298,unsp_microb
9,C.n.,P,Forb,16:1w5,1.07889266666667,1.07535642857143,35.36238095239952,AMF
9,C.n.,P,Forb,16:1w7,1.071082,1.0713248571428586,-2.4285714285854354,Gneg
9,C.n.,P,Forb,18:0,1.071369,1.0691116916666674,22.57308333332597,unsp_microb
9,C.n.,P,Forb,18:1w7,1.07193233333333,1.0701228809523815,18.094523809484286,Gneg
9,C.n.,P,Forb,18:1w9,1.071813,1.069066,27.469999999998333,Zygomycota
9,C.n.,P,Forb,"18:2w6,9",1.058998,1.06873488888889,-97.36888888889794,AscoBasio
9,C.n.,P,Forb,19:0,1.06561333333333,1.0645678888888868,10.45444444443211,NA
9,C.n.,P,Forb,a15:0,1.073945,1.0735033257575755,4.416742424244724,firmicutes
9,C.n.,P,Forb,a15:0,1.073945,1.0735033257575755,4.416742424244724,firmicutes
9,C.n.,P,Forb,cy17:0,1.06716533333333,1.066706216666665,4.591166666649826,Gneg
9,C.n.,P,Forb,i15:0,1.07156966666667,1.07159835,-0.28683333329837524,firmicutes
9,C.n.,P,Forb,i16:0,1.07175733333333,1.070926324999998,8.310083333318286,firmicutes
9,C.n.,P,Forb,i17:0,1.071789,1.069663805555555,21.251944444451443,firmicutes
10,R.a.,P,Forb,16:0,1.08093966666667,1.070809391666667,101.30275000002965,unsp_microb
10,R.a.,P,Forb,16:1w5,1.07676366666667,1.07535642857143,14.072380952399044,AMF
10,R.a.,P,Forb,16:1w7,1.07647433333333,1.0713248571428586,51.49476190471347,Gneg
10,R.a.,P,Forb,18:1w7,1.07202966666667,1.0701228809523815,19.067857142884836,Gneg
10,R.a.,P,Forb,18:1w9,1.076825,1.069066,77.5899999999985,Zygomycota
10,R.a.,P,Forb,19:0,1.06814366666667,1.0645678888888868,35.757777777831734,NA
10,R.a.,P,Forb,a15:0,1.074218,1.0735033257575755,7.146742424244401,firmicutes
10,R.a.,P,Forb,a15:0,1.074218,1.0735033257575755,7.146742424244401,firmicutes
10,R.a.,P,Forb,i15:0,1.07231,1.07159835,7.116500000001746,firmicutes
10,R.a.,P,Forb,i16:0,1.07231433333333,1.070926324999998,13.880083333319693,firmicutes
10,R.a.,P,Forb,i17:0,1.07230566666667,1.069663805555555,26.418611111149737,firmicutes
11,M.a.,P,Legumes,16:0,1.08073066666667,1.070809391666667,99.21275000003061,unsp_microb
11,M.a.,P,Legumes,a15:0,1.0744465,1.0735033257575755,9.43174242424627,firmicutes
11,M.a.,P,Legumes,a15:0,1.0744465,1.0735033257575755,9.43174242424627,firmicutes
11,M.a.,P,Legumes,i15:0,1.072621,1.07159835,10.226500000001248,firmicutes
11,M.a.,P,Legumes,i16:0,1.0718515,1.070926324999998,9.251750000018877,firmicutes
12,T.p.,P,Legumes,16:0,1.08069066666667,1.070809391666667,98.8127500000302,unsp_microb
12,T.p.,P,Legumes,16:1w5,1.087703,1.07535642857143,123.46571428569986,AMF
12,T.p.,P,Legumes,16:1w7,1.07538966666667,1.0713248571428586,40.648095238113854,Gneg
12,T.p.,P,Legumes,18:1w7,1.07602233333333,1.0701228809523815,58.994523809485784,Gneg
12,T.p.,P,Legumes,18:1w9,1.073289,1.069066,42.229999999998654,Zygomycota
12,T.p.,P,Legumes,a15:0,1.07459066666667,1.0735033257575755,10.873409090945696,firmicutes
12,T.p.,P,Legumes,a15:0,1.07459066666667,1.0735033257575755,10.873409090945696,firmicutes
12,T.p.,P,Legumes,i15:0,1.072376,1.07159835,7.776500000000741,firmicutes
12,T.p.,P,Legumes,i16:0,1.07239,1.070926324999998,14.636750000018852,firmicutes
13,L.c.,P,Legumes,16:0,1.08642733333333,1.070809391666667,156.17941666663083,unsp_microb
13,L.c.,P,Legumes,16:1w5,1.08694933333333,1.07535642857143,115.92904761899892,AMF
13,L.c.,P,Legumes,16:1w7,1.075404,1.0713248571428586,40.79142857141394,Gneg
13,L.c.,P,Legumes,18:0,1.072953,1.0691116916666674,38.41308333332627,unsp_microb
13,L.c.,P,Legumes,18:1w7,1.07487333333333,1.0701228809523815,47.50452380948511,Gneg
13,L.c.,P,Legumes,18:1w9,1.075277,1.069066,62.109999999999665,Zygomycota
13,L.c.,P,Legumes,"18:2w6,9",1.06903766666667,1.06873488888889,3.0277777778020543,AscoBasio
13,L.c.,P,Legumes,19:0,1.06423566666667,1.0645678888888868,-3.3222222221684916,NA
13,L.c.,P,Legumes,a15:0,1.07412333333333,1.0735033257575755,6.200075757545331,firmicutes
13,L.c.,P,Legumes,a15:0,1.07412333333333,1.0735033257575755,6.200075757545331,firmicutes
13,L.c.,P,Legumes,cy17:0,1.06706566666667,1.066706216666665,3.594500000050349,Gneg
13,L.c.,P,Legumes,i15:0,1.07228366666667,1.07159835,6.853166666700439,firmicutes
13,L.c.,P,Legumes,i16:0,1.072189,1.070926324999998,12.626750000019893,firmicutes
13,L.c.,P,Legumes,i17:0,1.071693,1.069663805555555,20.291944444450483,firmicutes
14,M.s.,P,Legumes,14:0,1.07621033333333,1.07140188888889,48.084444444398414,unsp_microb
14,M.s.,P,Legumes,16:0,1.09191066666667,1.070809391666667,211.01275000003028,unsp_microb
14,M.s.,P,Legumes,16:1w5,1.08667633333333,1.07535642857143,113.19904761899923,AMF
14,M.s.,P,Legumes,16:1w7,1.07077166666667,1.0713248571428586,-5.531904761886254,Gneg
14,M.s.,P,Legumes,18:0,1.080603,1.0691116916666674,114.91308333332562,unsp_microb
14,M.s.,P,Legumes,18:1w7,1.07543666666667,1.0701228809523815,53.137857142884215,Gneg
14,M.s.,P,Legumes,18:1w9,1.075815,1.069066,67.48999999999894,Zygomycota
14,M.s.,P,Legumes,"18:2w6,9",1.070342,1.06873488888889,16.071111111100045,AscoBasio
14,M.s.,P,Legumes,19:0,1.06583433333333,1.0645678888888868,12.664444444432377,NA
14,M.s.,P,Legumes,a15:0,1.07466866666667,1.0735033257575755,11.653409090945921,firmicutes
14,M.s.,P,Legumes,a15:0,1.07466866666667,1.0735033257575755,11.653409090945921,firmicutes
14,M.s.,P,Legumes,cy17:0,1.067728,1.066706216666665,10.217833333350246,Gneg
14,M.s.,P,Legumes,i15:0,1.072795,1.07159835,11.966500000000213,firmicutes
14,M.s.,P,Legumes,i16:0,1.072776,1.070926324999998,18.496750000018825,firmicutes
14,M.s.,P,Legumes,i17:0,1.072756,1.069663805555555,30.921944444450848,firmicutes
17,F.o.,P+L,Grass,16:0,1.08255633333333,1.070809391666667,117.46941666662903,unsp_microb
17,F.o.,P+L,Grass,16:1w5,1.084006,1.07535642857143,86.49571428569925,AMF
17,F.o.,P+L,Grass,16:1w7,1.078881,1.0713248571428586,75.56142857141346,Gneg
17,F.o.,P+L,Grass,18:1w7,1.073286,1.0701228809523815,31.631190476184567,Gneg
17,F.o.,P+L,Grass,18:1w9,1.07345433333333,1.069066,43.883333333298864,Zygomycota
17,F.o.,P+L,Grass,19:0,1.06813333333333,1.0645678888888868,35.65444444443289,NA
17,F.o.,P+L,Grass,a15:0,1.07451133333333,1.0735033257575755,10.080075757545881,firmicutes
17,F.o.,P+L,Grass,a15:0,1.07451133333333,1.0735033257575755,10.080075757545881,firmicutes
17,F.o.,P+L,Grass,i15:0,1.072115,1.07159835,5.166500000000074,firmicutes
17,F.o.,P+L,Grass,i16:0,1.07198066666667,1.070926324999998,10.54341666671954,firmicutes
18,A.o.,P+L,Grass,16:0,1.08345366666667,1.070809391666667,126.44275000003093,unsp_microb
18,A.o.,P+L,Grass,16:1w5,1.09407833333333,1.07535642857143,187.21904761899833,AMF
18,A.o.,P+L,Grass,16:1w7,1.078475,1.0713248571428586,71.5014285714144,Gneg
18,A.o.,P+L,Grass,18:1w7,1.0796295,1.0701228809523815,95.06619047618516,Gneg
18,A.o.,P+L,Grass,a15:0,1.07407266666667,1.0735033257575755,5.693409090945512,firmicutes
18,A.o.,P+L,Grass,a15:0,1.07407266666667,1.0735033257575755,5.693409090945512,firmicutes
18,A.o.,P+L,Grass,i15:0,1.071328,1.07159835,-2.7034999999986375,firmicutes
18,A.o.,P+L,Grass,i16:0,1.072143,1.070926324999998,12.166750000019988,firmicutes
18,A.o.,P+L,Grass,i17:0,1.07544333333333,1.069663805555555,57.79527777775018,firmicutes
19,D.g.,P+L,Grass,16:0,1.07994,1.070809391666667,91.30608333332901,unsp_microb
19,D.g.,P+L,Grass,16:1w7,1.077527,1.0713248571428586,62.02142857141269,Gneg
19,D.g.,P+L,Grass,18:1w7,1.07374733333333,1.0701228809523815,36.24452380948551,Gneg
19,D.g.,P+L,Grass,18:1w9,1.07151433333333,1.069066,24.48333333329833,Zygomycota
19,D.g.,P+L,Grass,a15:0,1.07392166666667,1.0735033257575755,4.183409090945389,firmicutes
19,D.g.,P+L,Grass,a15:0,1.07392166666667,1.0735033257575755,4.183409090945389,firmicutes
19,D.g.,P+L,Grass,i15:0,1.071832,1.07159835,2.3364999999997416,firmicutes
19,D.g.,P+L,Grass,i16:0,1.071414,1.070926324999998,4.876750000020191,firmicutes
20,H.l.,P+L,Grass,16:0,1.08387366666667,1.070809391666667,130.64275000002957,unsp_microb
20,H.l.,P+L,Grass,16:1w5,1.089409,1.07535642857143,140.5257142856997,AMF
20,H.l.,P+L,Grass,16:1w7,1.076442,1.0713248571428586,51.17142857141266,Gneg
20,H.l.,P+L,Grass,18:1w7,1.07282033333333,1.0701228809523815,26.974523809484285,Gneg
20,H.l.,P+L,Grass,18:1w9,1.07264666666667,1.069066,35.806666666700075,Zygomycota
20,H.l.,P+L,Grass,19:0,1.06797733333333,1.0645678888888868,34.09444444443244,NA
20,H.l.,P+L,Grass,a15:0,1.07378766666667,1.0735033257575755,2.843409090944604,firmicutes
20,H.l.,P+L,Grass,a15:0,1.07378766666667,1.0735033257575755,2.843409090944604,firmicutes
20,H.l.,P+L,Grass,i15:0,1.071558,1.07159835,-0.4034999999991129,firmicutes
20,H.l.,P+L,Grass,i16:0,1.07102233333333,1.070926324999998,0.960083333318984,firmicutes
20,H.l.,P+L,Grass,i17:0,1.07125166666667,1.069663805555555,15.878611111150853,firmicutes
21,G.v.,P+L,Forb,16:0,1.07874033333333,1.070809391666667,79.30941666663084,unsp_microb
21,G.v.,P+L,Forb,16:1w5,1.08321733333333,1.07535642857143,78.60904761899823,AMF
21,G.v.,P+L,Forb,16:1w7,1.07637333333333,1.0713248571428586,50.484761904714404,Gneg
21,G.v.,P+L,Forb,18:1w7,1.07136266666667,1.0701228809523815,12.397857142885105,Gneg
21,G.v.,P+L,Forb,18:1w9,1.07216066666667,1.069066,30.946666666700207,Zygomycota
21,G.v.,P+L,Forb,19:0,1.06684866666667,1.0645678888888868,22.807777777833493,NA
21,G.v.,P+L,Forb,a15:0,1.074033,1.0735033257575755,5.296742424245604,firmicutes
21,G.v.,P+L,Forb,a15:0,1.074033,1.0735033257575755,5.296742424245604,firmicutes
21,G.v.,P+L,Forb,i15:0,1.071625,1.07159835,0.2665000000012796,firmicutes
21,G.v.,P+L,Forb,i16:0,1.07171966666667,1.070926324999998,7.933416666718873,firmicutes
21,G.v.,P+L,Forb,i17:0,1.0714415,1.069663805555555,17.77694444444977,firmicutes
23,P.l.,P+L,Forb,16:0,1.07823,1.070809391666667,74.20608333333024,unsp_microb
23,P.l.,P+L,Forb,16:1w5,1.0854415,1.07535642857143,100.85071428569847,AMF
23,P.l.,P+L,Forb,16:1w7,1.076863,1.0713248571428586,55.381428571412705,Gneg
23,P.l.,P+L,Forb,18:1w7,1.07273433333333,1.0701228809523815,26.11452380948398,Gneg
23,P.l.,P+L,Forb,18:1w9,1.07148233333333,1.069066,24.16333333330023,Zygomycota
23,P.l.,P+L,Forb,a15:0,1.073862,1.0735033257575755,3.586742424246392,firmicutes
23,P.l.,P+L,Forb,a15:0,1.073862,1.0735033257575755,3.586742424246392,firmicutes
23,P.l.,P+L,Forb,i15:0,1.07188266666667,1.07159835,2.843166666701702,firmicutes
23,P.l.,P+L,Forb,i16:0,1.07118833333333,1.070926324999998,2.6200833333200886,firmicutes
25,R.a.,P+L,Forb,16:0,1.08054966666667,1.070809391666667,97.40275000003074,unsp_microb
25,R.a.,P+L,Forb,16:1w5,1.078317,1.07535642857143,29.605714285698692,AMF
25,R.a.,P+L,Forb,16:1w7,1.07727,1.0713248571428586,59.451428571413174,Gneg
25,R.a.,P+L,Forb,18:1w7,1.0717,1.0701228809523815,15.771190476185915,Gneg
25,R.a.,P+L,Forb,18:1w9,1.077259,1.069066,81.92999999999894,Zygomycota
25,R.a.,P+L,Forb,a15:0,1.07426266666667,1.0735033257575755,7.593409090944637,firmicutes
25,R.a.,P+L,Forb,a15:0,1.07426266666667,1.0735033257575755,7.593409090944637,firmicutes
25,R.a.,P+L,Forb,i15:0,1.07282033333333,1.07159835,12.219833333300123,firmicutes
25,R.a.,P+L,Forb,i16:0,1.072245,1.070926324999998,13.186750000018232,firmicutes
26,M.a.,P+L,Legumes,16:0,1.089391,1.070809391666667,185.81608333333,unsp_microb
26,M.a.,P+L,Legumes,16:1w5,1.088526,1.07535642857143,131.69571428570003,AMF
26,M.a.,P+L,Legumes,16:1w7,1.07665266666667,1.0713248571428586,53.278095238114005,Gneg
26,M.a.,P+L,Legumes,18:1w7,1.074897,1.0701228809523815,47.741190476184855,Gneg
26,M.a.,P+L,Legumes,18:1w9,1.074877,1.069066,58.11000000000011,Zygomycota
26,M.a.,P+L,Legumes,19:0,1.0668045,1.0645678888888868,22.366111111131737,NA
26,M.a.,P+L,Legumes,a15:0,1.07524366666667,1.0735033257575755,17.403409090945843,firmicutes
26,M.a.,P+L,Legumes,a15:0,1.07524366666667,1.0735033257575755,17.403409090945843,firmicutes
26,M.a.,P+L,Legumes,i15:0,1.07174533333333,1.07159835,1.469833333300752,firmicutes
26,M.a.,P+L,Legumes,i16:0,1.07292733333333,1.070926324999998,20.01008333331944,firmicutes
27,T.p.,P+L,Legumes,16:0,1.076815,1.070809391666667,60.05608333333079,unsp_microb
27,T.p.,P+L,Legumes,16:1w7,1.078967,1.0713248571428586,76.42142857141377,Gneg
27,T.p.,P+L,Legumes,18:1w7,1.075391,1.0701228809523815,52.6811904761848,Gneg
27,T.p.,P+L,Legumes,18:1w9,1.073738,1.069066,46.72000000000009,Zygomycota
27,T.p.,P+L,Legumes,a15:0,1.074595,1.0735033257575755,10.91674242424512,firmicutes
27,T.p.,P+L,Legumes,a15:0,1.074595,1.0735033257575755,10.91674242424512,firmicutes
27,T.p.,P+L,Legumes,i15:0,1.07187866666667,1.07159835,2.8031666667005517,firmicutes
27,T.p.,P+L,Legumes,i16:0,1.07158866666667,1.070926324999998,6.623416666720061,firmicutes
28,L.c.,P+L,Legumes,15:0,1.0684245,1.0675905,8.340000000000014,unsp_microb
28,L.c.,P+L,Legumes,16:0,1.0868405,1.070809391666667,160.311083333331,unsp_microb
28,L.c.,P+L,Legumes,16:1w5,1.105426,1.07535642857143,300.6957142856992,AMF
28,L.c.,P+L,Legumes,16:1w7,1.072918,1.0713248571428586,15.931428571414054,Gneg
28,L.c.,P+L,Legumes,17:0,1.065991,1.0639524,20.385999999998905,unsp_microb
28,L.c.,P+L,Legumes,18:0,1.073703,1.0691116916666674,45.91308333332656,unsp_microb
28,L.c.,P+L,Legumes,18:1w7,1.08170825,1.0701228809523815,115.85369047618423,Gneg
28,L.c.,P+L,Legumes,18:1w9,1.07518466666667,1.069066,61.18666666669937,Zygomycota
28,L.c.,P+L,Legumes,a15:0,1.0765978,1.0735033257575755,30.94474242424594,firmicutes
28,L.c.,P+L,Legumes,a15:0,1.0765978,1.0735033257575755,30.94474242424594,firmicutes
28,L.c.,P+L,Legumes,cy17:0,1.065724,1.066706216666665,-9.822166666650922,Gneg
28,L.c.,P+L,Legumes,i15:0,1.0684386,1.07159835,-31.59750000000017,firmicutes
28,L.c.,P+L,Legumes,i16:0,1.0683376,1.070926324999998,-25.88724999998071,firmicutes
28,L.c.,P+L,Legumes,i17:0,1.06737733333333,1.069663805555555,-22.86472222224889,firmicutes
29,M.s.,P+L,Legumes,15:0,1.06619,1.0675905,-14.005000000001377,unsp_microb
29,M.s.,P+L,Legumes,16:0,1.0892655,1.070809391666667,184.56108333333,unsp_microb
29,M.s.,P+L,Legumes,16:1w5,1.094786,1.07535642857143,194.29571428569938,AMF
29,M.s.,P+L,Legumes,16:1w7,1.076807,1.0713248571428586,54.821428571414366,Gneg
29,M.s.,P+L,Legumes,17:0,1.066798,1.0639524,28.455999999998927,unsp_microb
29,M.s.,P+L,Legumes,18:0,1.073881,1.0691116916666674,47.69308333332667,unsp_microb
29,M.s.,P+L,Legumes,18:1w7,1.080497,1.0701228809523815,103.74119047618535,Gneg
29,M.s.,P+L,Legumes,18:1w9,1.073613,1.069066,45.469999999998564,Zygomycota
29,M.s.,P+L,Legumes,a15:0,1.0733405,1.0735033257575755,-1.6282575757542441,firmicutes
29,M.s.,P+L,Legumes,a15:0,1.0733405,1.0735033257575755,-1.6282575757542441,firmicutes
29,M.s.,P+L,Legumes,cy17:0,1.064484,1.066706216666665,-22.22216666665,Gneg
29,M.s.,P+L,Legumes,i15:0,1.06705775,1.07159835,-45.40599999999895,firmicutes
29,M.s.,P+L,Legumes,i16:0,1.06645325,1.070926324999998,-44.73074999998161,firmicutes
29,M.s.,P+L,Legumes,i17:0,1.0670365,1.069663805555555,-26.27305555555015,firmicutes
30,T.r.,P+L,Legumes,14:0,1.069165,1.07140188888889,-22.36888888890176,unsp_microb
30,T.r.,P+L,Legumes,15:0,1.06997133333333,1.0675905,23.808333333299462,unsp_microb
30,T.r.,P+L,Legumes,16:0,1.075076,1.070809391666667,42.66608333332922,unsp_microb
30,T.r.,P+L,Legumes,16:1w5,1.07859833333333,1.07535642857143,32.419047618998945,AMF
30,T.r.,P+L,Legumes,16:1w7,1.07242333333333,1.0713248571428586,10.984761904713203,Gneg
30,T.r.,P+L,Legumes,17:0,1.06115166666667,1.0639524,-28.007333333299744,unsp_microb
30,T.r.,P+L,Legumes,18:0,1.0841905,1.0691116916666674,150.78808333332637,unsp_microb
30,T.r.,P+L,Legumes,18:1w7,1.07233566666667,1.0701228809523815,22.127857142884015,Gneg
30,T.r.,P+L,Legumes,18:1w9,1.07987166666667,1.069066,108.05666666669822,Zygomycota
30,T.r.,P+L,Legumes,a15:0,1.07180166666667,1.0735033257575755,-17.01659090905361,firmicutes
30,T.r.,P+L,Legumes,a15:0,1.07180166666667,1.0735033257575755,-17.01659090905361,firmicutes
30,T.r.,P+L,Legumes,cy17:0,1.066125,1.066706216666665,-5.812166666649965,Gneg
30,T.r.,P+L,Legumes,i15:0,1.06699866666667,1.07159835,-45.9968333332994,firmicutes
30,T.r.,P+L,Legumes,i16:0,1.065542,1.070926324999998,-53.8432499999808,firmicutes
30,T.r.,P+L,Legumes,i17:0,1.067969,1.069663805555555,-16.948055555550123,firmicutes
32,F.o.,L,Grass,a15:0,1.070779,1.0735033257575755,-27.243257575755297,firmicutes
32,F.o.,L,Grass,a15:0,1.070779,1.0735033257575755,-27.243257575755297,firmicutes
33,A.o.,L,Grass,14:0,1.070892,1.07140188888889,-5.098888888901421,unsp_microb
33,A.o.,L,Grass,16:0,1.07082366666667,1.070809391666667,0.14275000002950122,unsp_microb
33,A.o.,L,Grass,16:1w5,1.07390266666667,1.07535642857143,-14.537619047600982,AMF
33,A.o.,L,Grass,16:1w7,1.07151866666667,1.0713248571428586,1.938095238114279,Gneg
33,A.o.,L,Grass,18:0,1.06891566666667,1.0691116916666674,-1.9602499999749057,unsp_microb
33,A.o.,L,Grass,18:1w7,1.070982,1.0701228809523815,8.59119047618595,Gneg
33,A.o.,L,Grass,18:1w9,1.069446,1.069066,3.7999999999982492,Zygomycota
33,A.o.,L,Grass,"18:2w6,9",1.06971966666667,1.06873488888889,9.847777777800548,AscoBasio
33,A.o.,L,Grass,19:0,1.06359733333333,1.0645678888888868,-9.705555555568068,NA
33,A.o.,L,Grass,a15:0,1.07390366666667,1.0735033257575755,4.003409090944654,firmicutes
33,A.o.,L,Grass,a15:0,1.07390366666667,1.0735033257575755,4.003409090944654,firmicutes
33,A.o.,L,Grass,cy17:0,1.06733033333333,1.066706216666665,6.241166666649534,Gneg
33,A.o.,L,Grass,i15:0,1.071426,1.07159835,-1.7234999999993228,firmicutes
33,A.o.,L,Grass,i16:0,1.07080433333333,1.070926324999998,-1.2199166666815309,firmicutes
33,A.o.,L,Grass,i17:0,1.069731,1.069663805555555,0.6719444444502898,firmicutes
34,D.g.,L,Grass,14:0,1.07048166666667,1.07140188888889,-9.202222222199907,unsp_microb
34,D.g.,L,Grass,15:0,1.0675905,1.0675905,0,unsp_microb
34,D.g.,L,Grass,16:0,1.069759,1.070809391666667,-10.503916666670944,unsp_microb
34,D.g.,L,Grass,16:1w5,1.07196016666667,1.07535642857143,-33.96261904760056,AMF
34,D.g.,L,Grass,16:1w7,1.07042966666667,1.0713248571428586,-8.951904761886897,Gneg
34,D.g.,L,Grass,17:0,1.0639524,1.0639524,0,unsp_microb
34,D.g.,L,Grass,18:0,1.0707336,1.0691116916666674,16.219083333326445,unsp_microb
34,D.g.,L,Grass,18:1w7,1.068854,1.0701228809523815,-12.68880952381535,Gneg
34,D.g.,L,Grass,18:1w9,1.06996783333333,1.069066,9.018333333299378,Zygomycota
34,D.g.,L,Grass,"18:2w6,9",1.06684633333333,1.06873488888889,-18.8855555555989,AscoBasio
34,D.g.,L,Grass,a15:0,1.07265166666667,1.0735033257575755,-8.516590909055655,firmicutes
34,D.g.,L,Grass,a15:0,1.07265166666667,1.0735033257575755,-8.516590909055655,firmicutes
34,D.g.,L,Grass,cy17:0,1.0672752,1.066706216666665,5.689833333351046,Gneg
34,D.g.,L,Grass,i15:0,1.06994566666667,1.07159835,-16.526833333299074,firmicutes
34,D.g.,L,Grass,i16:0,1.068819,1.070926324999998,-21.07324999998106,firmicutes
34,D.g.,L,Grass,i17:0,1.06851766666667,1.069663805555555,-11.46138888884929,firmicutes
35,H.l.,L,Grass,16:0,1.07066975,1.070809391666667,-1.3964166666702307,unsp_microb
35,H.l.,L,Grass,16:1w5,1.07769466666667,1.07535642857143,23.382380952399195,AMF
35,H.l.,L,Grass,16:1w7,1.072203,1.0713248571428586,8.78142857141384,Gneg
35,H.l.,L,Grass,18:1w7,1.07009033333333,1.0701228809523815,-0.32547619051470633,Gneg
35,H.l.,L,Grass,18:1w9,1.06920766666667,1.069066,1.4166666667003724,Zygomycota
35,H.l.,L,Grass,19:0,1.06464333333333,1.0645678888888868,0.7544444444329557,NA
35,H.l.,L,Grass,a15:0,1.07388275,1.0735033257575755,3.79424242424653,firmicutes
35,H.l.,L,Grass,a15:0,1.07388275,1.0735033257575755,3.79424242424653,firmicutes
35,H.l.,L,Grass,i15:0,1.0708045,1.07159835,-7.938499999999849,firmicutes
35,H.l.,L,Grass,i16:0,1.07098025,1.070926324999998,0.5392500000200862,firmicutes
35,H.l.,L,Grass,i17:0,1.070743,1.069663805555555,10.791944444450419,firmicutes
36,G.v.,L,Forb,16:0,1.070803,1.070809391666667,-0.06391666667049378,unsp_microb
36,G.v.,L,Forb,a15:0,1.07394866666667,1.0735033257575755,4.453409090945382,firmicutes
36,G.v.,L,Forb,a15:0,1.07394866666667,1.0735033257575755,4.453409090945382,firmicutes
36,G.v.,L,Forb,i15:0,1.07211433333333,1.07159835,5.159833333301389,firmicutes
36,G.v.,L,Forb,i16:0,1.07161033333333,1.070926324999998,6.840083333319313,firmicutes
39,C.n.,L,Forb,16:0,1.0710415,1.070809391666667,2.3210833333298098,unsp_microb
39,C.n.,L,Forb,16:1w5,1.0743025,1.07535642857143,-10.539285714301627,AMF
39,C.n.,L,Forb,16:1w7,1.072839,1.0713248571428586,15.14142857141465,Gneg
39,C.n.,L,Forb,18:1w7,1.0700065,1.0701228809523815,-1.1638095238142299,Gneg
39,C.n.,L,Forb,18:1w9,1.0692675,1.069066,2.014999999999656,Zygomycota
39,C.n.,L,Forb,19:0,1.064594,1.0645678888888868,0.2611111111328057,NA
39,C.n.,L,Forb,a15:0,1.0738425,1.0735033257575755,3.3917424242457805,firmicutes
39,C.n.,L,Forb,a15:0,1.0738425,1.0735033257575755,3.3917424242457805,firmicutes
39,C.n.,L,Forb,i15:0,1.071342,1.07159835,-2.5634999999990526,firmicutes
39,C.n.,L,Forb,i16:0,1.070318,1.070926324999998,-6.083249999979667,firmicutes
39,C.n.,L,Forb,i17:0,1.0702775,1.069663805555555,6.136944444450343,firmicutes
40,R.a.,L,Forb,16:0,1.07079866666667,1.070809391666667,-0.10724999996991613,unsp_microb
40,R.a.,L,Forb,a15:0,1.07386233333333,1.0735033257575755,3.590075757544664,firmicutes
40,R.a.,L,Forb,a15:0,1.07386233333333,1.0735033257575755,3.590075757544664,firmicutes
40,R.a.,L,Forb,i15:0,1.072258,1.07159835,6.596500000000116,firmicutes
40,R.a.,L,Forb,i16:0,1.07161933333333,1.070926324999998,6.930083333318571,firmicutes
42,T.p.,L,Legumes,16:0,1.07111033333333,1.070809391666667,3.009416666630571,unsp_microb
42,T.p.,L,Legumes,a15:0,1.07386833333333,1.0735033257575755,3.6500757575463894,firmicutes
42,T.p.,L,Legumes,a15:0,1.07386833333333,1.0735033257575755,3.6500757575463894,firmicutes
42,T.p.,L,Legumes,i15:0,1.07242233333333,1.07159835,8.239833333301139,firmicutes
42,T.p.,L,Legumes,i16:0,1.07153433333333,1.070926324999998,6.0800833333196636,firmicutes
43,L.c.,L,Legumes,16:0,1.07114933333333,1.070809391666667,3.3994166666295733,unsp_microb
43,L.c.,L,Legumes,16:1w5,1.076581,1.07535642857143,12.245714285699094,AMF
43,L.c.,L,Legumes,16:1w7,1.071725,1.0713248571428586,4.001428571414056,Gneg
43,L.c.,L,Legumes,18:1w7,1.06942266666667,1.0701228809523815,-7.002142857115423,Gneg
43,L.c.,L,Legumes,18:1w9,1.068283,1.069066,-7.829999999999782,Zygomycota
43,L.c.,L,Legumes,19:0,1.06703433333333,1.0645678888888868,24.664444444433276,NA
43,L.c.,L,Legumes,a15:0,1.07349533333333,1.0735033257575755,-0.07992424245539809,firmicutes
43,L.c.,L,Legumes,a15:0,1.07349533333333,1.0735033257575755,-0.07992424245539809,firmicutes
43,L.c.,L,Legumes,i15:0,1.071134,1.07159835,-4.643499999998912,firmicutes
43,L.c.,L,Legumes,i16:0,1.07094133333333,1.070926324999998,0.15008333331900658,firmicutes
45,T.r.,L,Legumes,16:0,1.071124,1.070809391666667,3.146083333329664,unsp_microb
45,T.r.,L,Legumes,16:1w5,1.07631366666667,1.07535642857143,9.57238095239843,AMF
45,T.r.,L,Legumes,16:1w7,1.071808,1.0713248571428586,4.831428571414609,Gneg
45,T.r.,L,Legumes,18:0,1.069676,1.0691116916666674,5.643083333326526,unsp_microb
45,T.r.,L,Legumes,18:1w7,1.070992,1.0701228809523815,8.691190476184385,Gneg
45,T.r.,L,Legumes,18:1w9,1.06924866666667,1.069066,1.8266666666999498,Zygomycota
45,T.r.,L,Legumes,19:0,1.06444133333333,1.0645678888888868,-1.2655555555673992,NA
45,T.r.,L,Legumes,a15:0,1.074181,1.0735033257575755,6.776742424245974,firmicutes
45,T.r.,L,Legumes,a15:0,1.074181,1.0735033257575755,6.776742424245974,firmicutes
45,T.r.,L,Legumes,cy17:0,1.065042,1.066706216666665,-16.642166666649416,Gneg
45,T.r.,L,Legumes,i15:0,1.072268,1.07159835,6.696500000000772,firmicutes
45,T.r.,L,Legumes,i16:0,1.07124533333333,1.070926324999998,3.1900833333198264,firmicutes
45,T.r.,L,Legumes,i17:0,1.06891833333333,1.069663805555555,-7.454722222248744,firmicutes
47,NA,T,Temoins,14:0,1.072832,1.07140188888889,14.301111111099107,unsp_microb
47,NA,T,Temoins,16:0,1.07081466666667,1.070809391666667,0.05275000003024388,unsp_microb
47,NA,T,Temoins,16:1w5,1.07674033333333,1.07535642857143,13.839047618999789,AMF
47,NA,T,Temoins,16:1w7,1.06875066666667,1.0713248571428586,-25.741904761886758,Gneg
47,NA,T,Temoins,18:0,1.0671215,1.0691116916666674,-19.901916666673625,unsp_microb
47,NA,T,Temoins,18:1w7,1.07051266666667,1.0701228809523815,3.8978571428849307,Gneg
47,NA,T,Temoins,18:1w9,1.06804133333333,1.069066,-10.246666666700044,Zygomycota
47,NA,T,Temoins,"18:2w6,9",1.06963866666667,1.06873488888889,9.03777777780057,AscoBasio
47,NA,T,Temoins,19:0,1.063097,1.0645678888888868,-14.70888888886801,NA
47,NA,T,Temoins,a15:0,1.07412133333333,1.0735033257575755,6.180075757544756,firmicutes
47,NA,T,Temoins,a15:0,1.07412133333333,1.0735033257575755,6.180075757544756,firmicutes
47,NA,T,Temoins,cy17:0,1.06717733333333,1.066706216666665,4.7111666666510565,Gneg
47,NA,T,Temoins,i15:0,1.07226866666667,1.07159835,6.703166666701677,firmicutes
47,NA,T,Temoins,i16:0,1.071391,1.070926324999998,4.646750000019129,firmicutes
47,NA,T,Temoins,i17:0,1.06979533333333,1.069663805555555,1.3152777777514222,firmicutes
