;;;;; (µgC/gsol); (µgN/gsol); (µgN/gsol);(µgN/gsol);ppm/h/gsol ;;µgN/gsol/h; (µgC/gsol); (µgC/gsol); (µgN/gsol); (µgN/gsol);
Numero;Bloc;Sp;gf;mod;C_micro;N_micro;DIN;TDN ;Respi_sol;pH;N_net_min;C_NF;C_F;N_NF;N_F;
1;A;N.s.;Grass;P;189,52;47,14;90,85612557;94,6202144;9,58;6,22;0,061054211;34,68;224,2;94,62;141,76;
2;A;F.o.;Grass;P;137,02;14,29;70,73772831;92,00984589;8,57;6,17;-0,099058219;80,98;218;92,01;106,30;
3;A;A.o.;Grass;P;195,16;42,06;9,729142708;24,59098275;14,46;6,41;0,163633455;30,44;225,6;24,59;66,65;
4;A;D.g.;Grass;P;221,02;50,41;8,412256267;15,74774373;7,43;6,46;0,105523343;29,18;250,2;15,75;66,15;
5;A;H.l.;Grass;P;167,14;32,20;7,854336735;15,51393785;9,45;6,53;0,102820408;30,64;197,78;15,51;47,71;
6;A;G.v.;Forbs;P;223,72;52,26;42,35286195;27,9637486;1,46;6,14;0,068959147;32,28;256;48,19;106,29;
7;A;C.r.;Forbs;P;235,94;32,80;51,41184211;28,04882271;6,18;5,87;0,072596953;42,06;278;58,54;105,99;
8;A;P.l.;Forbs;P;180,6;21,83;9,115334052;12,7425431;7,53;6,27;0,075950603;22,4;203;12,74;34,57;
9;A;C.n.;Forbs;P;215,74;45,45;8,001860053;17,64344553;8,89;6,25;0,106516563;25,46;241,2;17,64;63,10;
10;A;R.a.;Forbs;P;189,64;38,00;5,590675746;13,68415401;8,88;6,3;0,095171503;29,16;218,8;13,68;51,68;
11;A;M.a.;Leg;P;207,6;35,00;37,34460628;23,93541193;7,41;5,98;0,064364133;28,4;236;43,78;94,60;
12;A;T.p.;Leg;P;226,7;24,43;14,82508924;15,53411525;7,91;6,52;0,056722081;22,7;249,4;15,53;39,96;
13;A;L.c.;Leg;P;239,6;36,49;28,19132166;23,41074841;9,95;6,42;0,104047771;17,4;257;35,78;59,90;
14;A;M.s.;Leg;P;261,86;39,60;125,0103734;144,910529;8,06;5,5;0,002136929;34,34;296,2;144,91;184,51;
15;A;T.r.;Leg;P;238,64;46,60;8,436491847;17,99345527;7,57;6,39;0,104928867;22,16;260,8;17,99;64,59;
17;A;F.o.;Grass;P+L;294,394;36,46;10,1076661;15,64281658;10,70;6,31;0,174718228;18,606;313;15,64;52,10;
18;A;A.o.;Grass;P+L;322,6;35,32;7,090638562;15,10043397;11,49;6,43;0,055149411;30,2;352,8;15,10;50,42;
19;A;D.g.;Grass;P+L;207,612;23,39;6,205098494;13,21685979;10,59;6,59;0,07495759;15,988;223,6;13,22;36,61;
20;A;H.l.;Grass;P+L;350,8;60,29;7,449462943;18,24487111;8,78;6,33;0,057070462;22,8;373,6;18,24;78,54;
21;A;G.v.;Forbs;P+L;209,766;33,28;6,985714286;14,16547619;8,75;6,51;0,09831746;17,234;227;14,17;47,44;
23;A;P.l.;Forbs;P+L;224,712;49,93;6,84884858;15,31712934;7,06;6,52;0,083400757;16,488;241,2;15,32;65,25;
24;A;C.n.;Forbs;P+L;252,98;59,54;5,634451768;12,76237268;6,75;6,23;0,001629239;13,62;266,6;12,76;72,30;
25;A;R.a.;Forbs;P+L;207,216;35,03;5,925833333;14,45642857;8,72;6,34;0,084915238;19,784;227;14,46;49,49;
26;A;M.a.;Leg;P+L;265,1;59,36;31,08598726;39,30254777;11,49;6,39;0,096407643;30,9;296;39,30;98,67;
27;A;T.p.;Leg;P+L;164,94;26,87;78,30399778;85,35841199;8,17;5,67;-0,137496946;28,86;193,8;85,36;112,23;
28;A;L.c.;Leg;P+L;245,8;49,47;31,99558909;44,41276843;11,02;6,11;0,081992803;27,4;273,2;44,41;93,88;
29;A;M.s.;Leg;P+L;231,4;47,89;7,750472534;15,8984052;8,77;6,51;0,11075889;33,6;265;15,90;63,79;
30;A;T.r.;Leg;P+L;209,62;33,45;42,15654926;46,26110347;9,45;6,31;0,0362929;24,38;234;46,26;79,71;
32;A;F.o.;Grass;L;191,68;35,47;59,87773456;50,53417598;7,10;6,33;0,022108702;51,32;243;68,69;120,22;
33;A;A.o.;Grass;L;206;23,00;95,29456157;50,64841878;6,46;5,94;0,021581217;57;263;102,58;150,39;
34;A;D.g.;Grass;L;174,94;36,82;95,90813149;44,01903114;7,17;6,02;0,07843391;55,46;230,4;80,30;144,06;
35;A;H.l.;Grass;L;141,06;35,55;85,53870179;92,32854427;6,49;6,17;-0,152838023;63,54;204,6;92,33;127,88;
36;A;G.v.;Forbs;L;149,04;23,76;108,3634333;120,1463845;6,50;5,91;-0,093204468;112,96;262;120,15;143,91;
38;A;P.l.;Forbs;L;197,94;24,33;92,33351618;57,29127811;8,79;5,93;0,068415798;50,86;248,8;109,02;166,87;
39;A;C.n.;Forbs;L;168,64;18,55;80,97905932;39,92855003;6,39;6,25;-0,078141162;47,56;216,2;85,20;133,45;
40;A;R.a.;Forbs;L;247,32;40,19;63,19716667;38,08121429;6,89;6,13;0,100192286;52,88;300,2;69,31;139,09;
41;A;M.a.;Leg;L;155,26;33,54;63,22959184;69,89067718;5,91;6,17;-0,090888312;56,74;212;69,89;103,43;
42;A;T.p.;Leg;L;155,22;13,13;104,2483951;108,5806173;6,53;6,02;-0,261308642;131,18;286,4;108,58;121,71;
43;A;L.c.;Leg;L;224,9;38,95;81,3721374;66,83187023;6,87;6,11;0,049090076;56,9;281,8;90,44;148,60;
44;A;M.s.;Leg;L;214,26;18,09;62,106;53,73903614;6,08;5,77;0,007074506;52,34;266,6;73,74;119,86;
45;A;T.r.;Leg;L;200,86;49,31;109,5216026;115,9920953;7,02;6,26;0,000544884;67,34;268,2;115,99;165,30;
46;A;;;T;96,06;33,82;92,45043573;105,579085;6,34;5,92;-0,030244009;137,74;233,8;105,58;139,40;
47;A;;;T;132,2;60,67;93,95818572;99,20424047;5,49;6,04;0,012375309;59,98;192,18;99,20;159,87;
1;B;N.s.;Grass;P;275,2;71,03;11,14194397;19,46832111;7,83;6,45;0,176730964;77,8;353;19,47;90,50;
2;B;F.o.;Grass;P;189,3;37,84;2,81256182;10,41926311;7,22;6,55;0,065455984;86,3;275,6;10,42;48,26;
3;B;A.o.;Grass;P;264,5;58,58;2,4432;11,23872;13,94;6,63;0,09552912;88,9;353,4;11,24;69,81;
4;B;D.g.;Grass;P;279,48;65,79;3,084661772;11,07960147;9,60;6,37;0,085111484;89,12;368,6;11,08;76,86;
5;B;H.l.;Grass;P;315,42;66,51;2,494032023;9,464531781;10,33;6,55;0,096947501;55,18;370,6;9,46;75,97;
6;B;G.v.;Forbs;P;317,84;75,68;3,299673695;10,74149096;7,39;6,31;0,088740161;54,16;372;10,74;86,42;
7;B;C.r.;Forbs;P;237,52;60,73;25,62227603;30,74673123;7,43;6,36;0,084761259;67,28;304,8;30,75;91,48;
8;B;P.l.;Forbs;P;277,92;57,34;1,919468186;8,235137702;8,45;6,42;0,067119468;51,88;329,8;8,24;65,57;
9;B;C.n.;Forbs;P;310,68;57,09;2,007400881;8,280528634;8,43;6,2;0,057210925;63,72;374,4;8,28;65,37;
10;B;R.a.;Forbs;P;314,68;68,85;2,909090909;12,11363636;9,98;6,22;0,086636364;76,12;390,8;12,11;80,97;
11;B;M.a.;Leg;P;326,3;54,41;1,947362637;12,56934066;12,91;6,24;0,053818022;76,9;403,2;12,57;66,98;
12;B;T.p.;Leg;P;244,06;45,29;5,218596208;12,11674062;9,71;6,21;0,059503994;63,74;307,8;12,12;57,40;
13;B;L.c.;Leg;P;303,56;58,30;3,165103653;11,14116486;10,22;6,18;0,067353406;79,24;382,8;11,14;69,44;
14;B;M.s.;Leg;P;237,36;53,82;5,53602812;15,43936731;11,75;6,45;0,077750439;87,64;325;15,44;69,26;
15;B;T.r.;Leg;P;218,06;57,46;3,414848032;11,88629796;5,91;6,42;0,084583159;80,94;299;11,89;69,35;
17;B;F.o.;Grass;P+L;200,38;48,60;2,550763143;10,00684002;7,07;6,31;0,094182024;71,42;271,8;10,01;58,60;
18;B;A.o.;Grass;P+L;302,8;68,37;2,793373775;12,12578161;10,05;6,22;0,0512965;78,4;381,2;12,13;80,50;
19;B;D.g.;Grass;P+L;262,38;59,07;2,739963168;9,55801105;8,16;6,41;0,080542173;62,22;324,6;9,56;68,63;
20;B;H.l.;Grass;P+L;352,28;83,14;2,523152709;11,29110837;12,37;6,69;0,059294089;72,32;424,6;11,29;94,43;
21;B;G.v.;Forbs;P+L;325,84;64,66;1,478313253;7,970036668;8,73;6,26;0,062731902;57,16;383;7,97;72,63;
23;B;P.l.;Forbs;P+L;301,96;59,38;1,687867975;8,740744871;10,31;6,02;0,086322391;64,44;366,4;8,74;68,12;
24;B;C.n.;Forbs;P+L;326,72;61,52;1,629148566;8,74913119;13,24;6,14;0,116333275;66,08;392,8;8,75;70,26;
25;B;R.a.;Forbs;P+L;322,68;58,12;1,739462714;8,757295044;9,97;6,12;0,06190088;72,72;395,4;8,76;66,88;
26;B;M.a.;Leg;P+L;220,92;43,41;5,870373626;19,09353846;15,92;6,25;0,036052396;96,28;317,2;19,09;62,50;
27;B;T.p.;Leg;P+L;405,08;73,85;2,49068323;9,028726708;11,12;6,21;0,07571677;35,72;440,8;9,03;82,88;
28;B;L.c.;Leg;P+L;335,46;57,94;2,267533021;10,5022582;11,61;6,63;0,048214913;50,34;385,8;10,50;68,44;
29;B;M.s.;Leg;P+L;291,88;50,75;2,631280461;12,02871068;9,41;6,53;0,073675853;49,52;341,4;12,03;62,77;
30;B;T.r.;Leg;P+L;276,12;46,17;2,471015483;10,24567395;11,16;6,38;0,073768852;38,68;314,8;10,25;56,41;
32;B;F.o.;Grass;L;323,76;74,79;38,96110029;50,35740019;7,56;6,28;0,207412658;53,64;377,4;50,36;125,15;
33;B;A.o.;Grass;L;281,92;60,84;28,36840953;35,01836089;5,81;6,37;0,172049805;40,08;322;35,02;95,86;
34;B;D.g.;Grass;L;169,78;30,31;11,96149575;27,44539517;6,17;6,25;0,164965905;50,22;220;27,45;57,75;
35;B;H.l.;Grass;L;298,84;67,69;23,04833846;32,71846154;7,27;6,53;0,150650338;50,96;349,8;32,72;100,41;
36;B;G.v.;Forbs;L;263,26;49,76;23,7740625;34,5075;6,77;6,22;0,1136875;51,34;314,6;34,51;84,26;
38;B;P.l.;Forbs;L;279,76;58,59;35,71764526;44,97211009;6,95;6;0,183559633;50,64;330,4;44,97;103,56;
39;B;C.n.;Forbs;L;324,38;69,51;42,01731097;51,13217737;5,83;6,2;0,152951904;51,42;375,8;51,13;120,64;
40;B;R.a.;Forbs;L;258,38;53,99;32,47939262;41,2802603;6,06;6,17;0,146960521;54,22;312,6;41,28;95,27;
41;B;M.a.;Leg;L;282,7;65,12;28,94641136;34,786797;5,50;5,97;0,162362721;38,3;321;34,79;99,91;
42;B;T.p.;Leg;L;285,22;69,68;49,86237467;58,10174142;5,81;5,82;0,314232401;41,18;326,4;58,10;127,78;
43;B;L.c.;Leg;L;315,12;69,47;36,81879139;47,65629139;8,29;6,18;0,156749007;55,28;370,4;47,66;117,13;
44;B;M.s.;Leg;L;300,18;57,94;73,11623838;86,18567523;7,15;5,97;0,229441225;63,02;363,2;86,19;144,13;
45;B;T.r.;Leg;L;251,8;46,61;12,01630435;36,85;7,47;6,4;0,267417391;55,6;307,4;36,85;83,46;
46;B;;;T;254,7;43,51;61,52335112;73,88452958;5,19;5,7;0,135054704;50,1;304,8;73,88;117,40;
47;B;;;T;279,22;52,98;33,18199609;41,35420744;6,39;6,12;0,184861057;44,78;324;41,35;94,33;
1;C;N.s.;Grass;P;174,76;65,32;10,4287494;16,57843795;7,96;6,46;0,132066315;91,04;265,8;16,58;81,90;
2;C;F.o.;Grass;P;153,02;50,83;4,347652689;9,966157703;6,29;6,28;0,073308113;82,78;235,8;9,97;60,80;
3;C;A.o.;Grass;P;228,68;64,20;3,646052632;9,440671992;9,11;6,2;0,04687782;83,92;312,6;9,44;73,64;
4;C;D.g.;Grass;P;164,3;53,34;4,445257143;9,936457143;7,34;6,59;0,094657829;77,1;241,4;9,94;63,28;
5;C;H.l.;Grass;P;135,76;45,45;3,679328274;8,791315346;9,14;6,24;0,048449916;75,84;211,6;8,79;54,25;
6;C;G.v.;Forbs;P;131,46;54,15;5,490076336;12,55854962;0,00;6,45;0,090037252;89,34;220,8;12,56;66,70;
7;C;C.r.;Forbs;P;119,02;45,43;4,851029748;9,166773455;5,51;6,15;0,067178398;74,06;193,08;9,17;54,60;
8;C;P.l.;Forbs;P;117,98;52,37;3,563502884;9,03602517;9,92;6,37;0,06923377;74,14;192,12;9,04;61,41;
9;C;C.n.;Forbs;P;244,14;81,36;4,061047562;9,522456352;9,17;6,46;0,030807947;79,26;323,4;9,52;90,88;
10;C;R.a.;Forbs;P;97,42;39,49;3,61711105;8,407339197;7,58;6,28;0,047967455;75,42;172,84;8,41;47,90;
11;C;M.a.;Leg;P;178,94;60,09;4,815161441;11,94160037;11,84;6,25;0,065229387;92,86;271,8;11,94;72,03;
12;C;T.p.;Leg;P;122,26;51,84;5,841942149;14,10123967;8,36;6,45;0,06553719;84,34;206,6;14,10;65,94;
13;C;L.c.;Leg;P;198,84;58,79;5,010391037;11,2892355;9,49;6,66;0,043127417;75,16;274;11,29;70,08;
14;C;M.s.;Leg;P;140,48;55,70;6,98053656;14,79873751;10,05;6,64;0,04970142;85,32;225,8;14,80;70,50;
15;C;T.r.;Leg;P;121,48;52,39;12,43707929;20,49686252;6,70;6,27;0,064478266;79,72;201,2;20,50;72,89;
17;C;F.o.;Grass;P+L;110,08;47,41;6,572737307;17,41076159;7,26;6,15;0,104045033;89,92;200;17,41;64,82;
18;C;A.o.;Grass;P+L;123,1;51,66;4,087186503;10,5372777;10,37;6,45;0,042915458;87,1;210,2;10,54;62,20;
19;C;D.g.;Grass;P+L;180,02;71,30;7,531583527;16,18938515;6,18;6,51;0,064194432;82,78;262,8;16,19;87,49;
20;C;H.l.;Grass;P+L;130,1;58,62;4,262288136;9,776200565;7,13;NA;0,062784181;77,5;207,6;9,78;68,40;
21;C;G.v.;Forbs;P+L;155,66;53,03;6,620687061;12,90699599;6,87;6,12;0,015515145;69,14;224,8;12,91;65,94;
23;C;P.l.;Forbs;P+L;215,06;65,31;4,739474929;12,40054399;9,00;6,31;0,065963103;86,74;301,8;12,40;77,71;
24;C;C.n.;Forbs;P+L;149,52;48,05;6,72975563;14,73816483;8,41;6,34;0,037148251;81,28;230,8;14,74;62,79;
25;C;R.a.;Forbs;P+L;163,56;55,15;3,732725615;9,138742024;8,14;6,41;0,03964412;72,84;236,4;9,14;64,29;
26;C;M.a.;Leg;P+L;187,18;55,29;6,019572144;13,80575785;11,49;6,43;0,027742376;77,82;265;13,81;69,09;
27;C;T.p.;Leg;P+L;137,9;46,14;6,113320556;14,67196933;10,20;6,29;0,107079636;84,9;222,8;14,67;60,81;
28;C;L.c.;Leg;P+L;136,14;41,44;6,82154013;14,66312364;8,32;5,86;0,022440954;72,26;208,4;14,66;56,10;
29;C;M.s.;Leg;P+L;112;44,37;8,708823529;19,28382353;12,10;5,98;0,128282353;86,1;198,1;19,28;63,66;
30;C;T.r.;Leg;P+L;176,38;56,73;7,800537634;16,4875;8,77;6,36;0,065335412;29,62;206;16,49;73,22;
32;C;F.o.;Grass;L;164,62;72,72;18,30370515;23,28915013;7,02;6,41;0,147854054;63,18;227,8;23,29;96,01;
33;C;A.o.;Grass;L;213,3;62,18;36,9122807;43,78947368;6,41;6,04;0,161122807;34,7;248;43,79;105,96;
34;C;D.g.;Grass;L;55,48;45,18;9,243787777;21,0967092;8,81;6,34;0,234971122;75,76;131,24;21,10;66,27;
35;C;H.l.;Grass;L;174,92;54,18;15,35117504;27,25468666;9,03;6,57;0,14893906;36,88;211,8;27,25;81,44;
36;C;G.v.;Forbs;L;113,42;44,08;27,42191142;34,55160839;4,94;6,33;0,144787692;78,04;191,46;34,55;78,63;
38;C;P.l.;Forbs;L;155,04;60,77;28,31007316;31,84018008;4,22;6,33;0,154494091;62,76;217,8;31,84;92,61;
39;C;C.n.;Forbs;L;204,74;68,42;22,63417738;38,78557074;8,17;6,53;0,177517149;50,26;255;38,79;107,21;
40;C;R.a.;Forbs;L;164,8;62,84;14,61920652;19,7463216;6,85;6,4;0,16961051;50,8;215,6;19,75;82,59;
41;C;M.a.;Leg;L;178,16;90,37;17,49192229;24,09130879;6,07;6,31;0,26085317;87,24;265,4;24,09;114,46;
42;C;T.p.;Leg;L;197,36;86,92;27,20677146;31,77750907;9,23;6,21;0,239129383;75,64;273;31,78;118,69;
43;C;L.c.;Leg;L;142,1;62,36;24,95816092;34,45885057;8,78;6,27;0,112801839;92,9;235;34,46;96,82;
44;C;M.s.;Leg;L;134,56;59,22;14,43116029;21,57529904;6,06;6,61;0,160028708;79,24;213,8;21,58;80,80;
45;C;T.r.;Leg;L;121,86;60,39;17,85016797;24,97583987;6,47;6,3;0,158348264;79,34;201,2;24,98;85,36;
46;C;;;T;193,4;70,68;43,38589928;43,80848921;4,61;5,49;0,161711079;64,8;258,2;43,81;114,49;
47;C;;;T;171,74;77,79;23,50010246;29,09887295;6,10;6,12;0,21157459;85,26;257;29,10;106,89;