Sample;Id;Numero;Bloc;Group;Type;Burnt;Weight;Delta15N;AtomPer15N;N_amount;NperMS;Delta13C;AtomPer13C;C_amount;CperMS;Delta13C_cor;N;perJuv
2B-epi-mixte;2B;2;B;epi;mix;not burnt;0,001;39,149500000;0,380588885;0,141660811;14,166081080;-23,408019380;1,079930847;4,949232141;494,923214100;-23,181426750;5;0,800000000
2B-hem-mixte;2B;2;B;hem;mix;burnt;-0,475;13,553500000;0,371249144;0,523377593;-0,110184756;-24,113087380;1,079191296;7,580538596;-1,595902862;-24,044333940;6;0,666666667
2B-gam;2B;2;B;gam;NA;not burnt;0,005;54,031000000;0,386018201;0,093501598;1,870031964;-27,625485600;1,075476223;3,633182937;72,663658730;-27,910270590;2;NA
3B-epi-mixte;3B;3;B;epi;mix;not burnt;0,082;18,567500000;0,373078843;0,110344723;0,134566735;-18,080375380;1,085518698;4,741737239;5,782606389;-17,316328830;3;0,333333333
3B-epi;3B;3;B;epi;NA;not burnt;-0,001;13,383500000;0,371187106;0,278519528;-27,851952850;-19,717885380;1,083801278;4,005419192;-400,541919200;-18,925365600;4;NA
3B-hem-mixte;3B;3;B;hem;mix;burnt;-0,044;9,185500000;0,369655126;0,881488206;-2,003382286;-21,837261380;1,081578388;6,173843047;-14,031461470;-21,588385800;12;0,250000000
3B-hem-mixte;3B;3;B;hem;mix;not burnt;0,010;111,022000000;0,406805130;0,965365848;9,653658483;-21,666203600;1,081855516;6,317721366;63,177213660;-21,319266270;13;0,615384615
3B-hem-mixte;3B;3;B;hem;mix;not burnt;0,008;18,061000000;0,372894015;0,801400081;10,017501010;-21,191995600;1,082363111;6,960242984;87,003037300;-20,856401850;7;NA
3B-hem-mixte;3B;3;B;hem;mix;not burnt;0,004;12,784000000;0,370968333;0,507256299;12,681407480;-22,206841600;1,081276808;5,464696025;136,617400600;-21,835562800;7;0,714285714
4B-epi-mixte;4B;4;B;epi;mix;burnt;0,019;5,520500000;0,368317616;2,493780958;13,125162930;-19,103558380;1,084445591;11,560730380;60,845949350;-19,034623090;6;0,666666667
4B-hem-mixte;4B;4;B;hem;mix;burnt;0,012;13,921500000;0,371383436;0,530816930;4,423474417;-22,870874380;1,080494256;6,221226412;51,843553430;-22,688777430;4;0,333333333
4B-gam;4B;4;B;gam;NA;not burnt;0,010;77,028000000;0,394407184;0,447114563;4,471145631;-21,845053600;1,081664073;4,597090732;45,970907320;-21,329176610;8;0,500000000
4B-gam;4B;4;B;gam;NA;burnt;0,009;73,348000000;0,393064866;0,500386947;5,559854965;-24,384723600;1,078945497;4,020926313;44,676959030;-24,147348560;7;0,571428571
4B-gam;4B;4;B;gam;NA;not burnt;-0,002;24,964400000;0,375413091;0,261661865;-13,083093230;-27,187524530;1,075945080;4,641209392;-232,060469600;-27,339422750;6;NA
4B-gam;4B;4;B;gam;NA;not burnt;0,002;18,787400000;0,373159087;0,209943449;10,497172460;-27,147666530;1,075987750;4,104560673;205,228033700;-27,320260900;4;NA
5B-epi-mixte;5B;5;B;epi;mix;burnt;-0,046;34,111500000;0,378750704;2,643955565;-5,747729489;21,202133630;1,126700314;14,726808840;-32,014801820;21,169662530;3;NA
5B-epi-mixte;5B;5;B;epi;mix;not burnt;0,004;26,125500000;0,375836768;1,312879483;32,821987070;-7,772406375;1,096328323;10,053078850;251,326971300;-7,423414794;6;0,500000000
5B-hem-mixte;5B;5;B;hem;mix;not burnt;0,006;18,946500000;0,373217145;0,426298237;7,104970612;-25,591018380;1,077641047;6,745812053;112,430200900;-25,578648260;6;0,500000000
5B-hem-adultes;5B;5;B;hem;adu;burnt;-0,037;11,702500000;0,370573663;0,599874047;-1,621281209;-22,923024380;1,080439556;5,969738859;-16,134429350;-22,729407900;3;0,000000000
5B-gam;5B;5;B;gam;NA;not burnt;0,011;228,171000000;0,449506889;0,621648546;5,651350418;-20,653401600;1,082939619;5,974481524;54,313468400;-20,189242310;4;NA
6B-hem-mixtes;6B;6;B;hem;mix;burnt;0,006;8,846500000;0,369531413;0,297790308;4,963171806;-25,658813380;1,077569933;5,342686618;89,044776970;-25,640783940;5;0,400000000
6B-gam;6B;6;B;gam;NA;not burnt;0,002;78,922000000;0,395098025;0,149326327;7,466316351;-23,546683600;1,079842589;3,156952308;157,847615400;-23,041521230;3;NA
7B-hem-mixtes;7B;7;B;hem;mix;burnt;0,111;9,592500000;0,369803655;0,372994114;0,336030733;-25,609792380;1,077621354;4,548228426;4,097503086;-25,578524110;2;0,500000000
7B-gam;7B;7;B;gam;NA;not burnt;0,006;144,286000000;0,418933851;0,235873011;3,931216852;-22,404087600;1,081065671;3,736737210;62,278953490;-21,813598330;4;NA
8B-epi-mixte;8B;8;B;epi;mix;not burnt;0,009;40,058500000;0,380920539;1,817219439;20,191327100;16,201991630;1,121460346;8,637287777;95,969864190;17,473839650;3;0,666666667
8B-epi-mixte;8B;8;B;epi;mix;not burnt;-0,002;29,382500000;0,377025205;0,342326150;-17,116307490;-19,662606380;1,083859255;3,414993428;-170,749671400;-18,638791610;7;0,571428571
8B-hem-mixtes;8B;8;B;hem;mix;burnt;10,008;7,050500000;0,368875981;0,082510237;0,000824443;-28,469698380;1,074621367;4,708444047;0,047046803;-28,723135930;4;0,500000000
8B-gam;8B;8;B;gam;NA;not burnt;0,011;34,102000000;0,378747238;0,180300759;1,639097813;-21,722413600;1,081795348;3,385983725;30,781670220;-20,918320940;3;NA
8B-gam-adults;8B;8;B;gam;adu;not burnt;0,028;45,144400000;0,382776115;4,456983844;15,917799440;-25,219152530;1,078052254;15,269184380;54,532801340;-25,209192000;2;0,000000000
9B-epi-juv;9B;9;B;epi;juv;not burnt;-0,007;6,314500000;0,368607383;0,165572880;-2,365326860;-27,469461380;1,075670617;2,237618704;-31,965981480;-27,936339270;1;1,000000000
9B-epi-mixte;9B;9;B;epi;mix;burnt;0,013;34,777500000;0,378993707;0,907395756;6,979967356;-24,905767380;1,078359835;7,430947010;57,161130850;-24,867699170;3;0,666666667
9B-hem-mixtes;9B;9;B;hem;mix;burnt;0,012;78,891500000;0,395086900;0,485852158;4,048767986;-25,062217380;1,078195729;5,546855455;46,223795460;-25,001071510;8;NA
9B-gam;9B;9;B;gam;NA;not burnt;0,010;14,765000000;0,371691248;0,353425472;3,534254721;-23,837953600;1,079530796;3,869607921;38,696079210;-23,501377400;5;NA
10B-epi-mixte;10B;10;B;epi;mix;burnt;0,010;33,611500000;0,378568269;0,972823357;9,728233571;-14,495584380;1,089278217;7,869129732;78,691297320;-14,068370290;4;0,500000000
10B-hem-mixte;10B;10;B;hem;mix;burnt;0,004;38,535500000;0,380364863;0,343732148;8,593303703;-20,522038380;1,082957860;3,786812265;94,670306630;-19,768829630;2;0,000000000
10B-gam;10B;10;B;gam;NA;not burnt;0,009;99,282000000;0,402523785;0,469326843;5,214742703;-18,509245600;1,085234644;5,823235833;64,702620370;-17,833344600;5;NA
11B-epi-mixte;11B;11;B;epi;mix;burnt;0,006;5,607500000;0,368349366;1,562981627;26,049693780;-24,092227380;1,079213176;6,836965570;113,949426200;-24,003955680;4;0,500000000
11B-hem-mixte;11B;11;B;hem;mix;burnt;0,010;19,176500000;0,373301074;0,401087994;4,010879944;-24,312300380;1,078982338;4,763315557;47,633155570;-24,158116400;4;0,500000000
11B-gam;11B;11;B;gam;NA;not burnt;0,006;21,099000000;0,374002608;0,397292774;6,621546226;-25,565133600;1,077681882;3,862159774;64,369329560;-25,501329850;3;0,666666667
11B-gam;11B;11;B;gam;NA;not burnt;0,003;46,946400000;0,383433553;0,464865384;15,495512790;-22,237978530;1,081243478;3,925839198;130,861306600;-21,659963400;4;0,750000000
12B-gam;12B;12;B;gam;NA;not burnt;0,005;20,881000000;0,373923059;0,557423369;11,148467390;-21,953385600;1,081548113;5,398320707;107,966414100;-21,550226970;5;NA
12B-gam;12B;12;B;gam;NA;not burnt;0,001;30,676400000;0,377497324;0,167644654;16,764465440;-26,386276530;1,076802840;3,963550222;NA;-26,450456520;4;0,750000000
13B-hem-mixte;13B;13;B;hem;mix;burnt;0,000;18,605500000;0,373092710;0,164011491;NA;-24,287268380;1,079008595;3,261760076;NA;-23,997825460;2;NA
14B-epi-mixte;14B;14;B;epi;mix;burnt;0,006;21,149500000;0,374021036;1,526116535;25,435275590;47,779859630;1,154543493;7,214047885;120,234131400;51,146206680;2;0,500000000
14B-hem-mixte;14B;14;B;hem;mix;burnt;-0,345;12,550500000;0,370883123;0,287613183;-0,083366140;-26,006132380;1,077205612;4,289450013;-1,243318844;-26,016422090;2;NA
14B-gam;14B;14;B;gam;NA;not burnt;0,003;101,203000000;0,403224361;0,334062148;11,135404920;-5,943755600;1,098682136;3,456750188;115,225006300;-2,258991661;5;0,800000000
15B-hem-mixte;15B;15;B;hem;mix;burnt;-3,244;13,437500000;0,371206812;0,104839547;-0,003231799;-26,651749380;1,076528382;3,779281021;-0,116500648;-26,752609560;2;0,500000000
15B-gam;15B;15;B;gam;NA;not burnt;0,038;69,846000000;0,391787442;4,912437587;12,927467340;-11,773243600;1,092443917;18,537849080;48,783813380;-11,618319440;3;0,333333333
17B-hem-mixte;17B;17;B;hem;mix;burnt;0,456;391,245500000;0,508887936;0,523667229;0,114839305;-17,373221380;1,086260342;6,677230827;1,464305006;-16,921338150;9;0,666666667
17B-gam;17B;17;B;gam;NA;not burnt;-0,642;1,842000000;0,366975143;0,094246732;-0,014680176;-27,808423600;1,075280379;2,370436879;-0,369226928;-28,374939760;1;0,000000000
18B-epi-mixte;18B;18;B;epi;mix;not burnt;-0,001;58,922500000;0,387802670;0,162419441;-16,241944130;-22,950142380;1,080411112;5,207960235;-520,796023500;-22,704450500;3;0,666666667
18B-epi-mixte;18B;18;B;epi;mix;burnt;0,007;27,282500000;0,376258945;0,653025597;9,328937096;-20,736896380;1,082732509;5,875026003;83,928942890;-20,389099390;4;0,750000000
18B-hem-mixte;18B;18;B;hem;mix;burnt;-0,409;427,317500000;0,522013428;0,404932046;-0,099005390;-26,600642380;1,076581992;4,540923236;-1,110250180;-26,673057210;2;0,000000000
18B-gam;18B;18;B;gam;NA;not burnt;-0,818;646,843000000;0,601817400;8,591785605;-1,050340538;-22,112817600;1,081377453;33,603974950;NA;-22,131731960;3;0,000000000
19B-epi-adultes;19B;19;B;epi;adu;burnt;0,020;26,154500000;0,375847350;1,984951700;9,924758500;-19,424802380;1,084108667;11,939764650;59,698823250;-19,371003010;4;0,000000000
19B-epi-juveniles;19B;19;B;epi;juv;burnt;0,014;55,924500000;0,386708976;0,392448015;2,803200110;-26,466095380;1,076723128;11,967969990;85,485499950;-26,479146440;6;1,000000000
19B-hem-mixte;19B;19;B;hem;mix;not burnt;0,013;370,625500000;0,501383396;1,123350008;8,641153910;-23,269300380;1,080076350;9,169573395;70,535179960;-23,207394200;3;0,666666667
19B-hem-mixte;19B;19;B;hem;mix;burnt;0,002;209,378500000;0,442659337;0,279980904;13,999045200;-24,061980380;1,079244903;4,304114266;215,205713300;-23,850478470;3;0,666666667
19B-hem-mixte;19B;19;B;hem;mix;not burnt;0,011;486,036000000;0,543371880;0,862586322;7,841693836;-25,727631600;1,077507928;8,972180116;81,565273780;-25,719009200;8;NA
19B-hem-mixte;19B;19;B;hem;mix;not burnt;-0,007;393,152000000;0,509581740;0,203404457;-2,905777958;-27,813533600;1,075274908;3,714345500;-53,062078580;-28,121498010;3;NA
19B-gam;19B;19;B;gam;NA;not burnt;0,031;295,667000000;0,474093105;3,781397713;12,198057140;-24,080167600;1,079271515;15,707077550;50,667992100;-24,051363370;3;0,333333333
20B-epi-adultes;20B;20;B;epi;adu;burnt;-4,558;47,680500000;0,383701378;1,565820238;-0,034353230;-6,919232375;1,097222913;9,138224835;-0,200487601;-6,429135999;4;0,000000000
20B-epi-juv;20B;20;B;epi;juv;burnt;0,017;141,484500000;0,417912482;1,029513476;6,055961623;-8,178133375;1,095902896;9,185525665;54,032503910;-7,727566749;5;0,000000000
20B-epi-mixte;20B;20;B;epi;mix;not burnt;0,033;74,589500000;0,393517720;4,262699120;12,917270060;-2,352978375;1,102010551;16,170425010;49,001287920;-2,462781788;6;0,666666667
20B-hem-mixte;20B;20;B;hem;mix;burnt;-0,076;264,034500000;0,462572105;0,731656743;-0,962706240;-22,054205380;1,081350843;5,711028651;-7,514511383;-21,781980350;7;0,571428571
20B-gam;20B;20;B;gam;NA;not burnt;0,002;319,936000000;0,482930407;0,403752981;20,187649050;-17,436145600;1,086383210;2,935539873;146,776993700;-15,473211810;3;0,000000000
21B-hem-mixte;21B;21;B;hem;mix;not burnt;0,017;327,110500000;0,485542625;1,970367069;11,590394530;-20,393749380;1,083092414;11,196263490;65,860373480;-20,329232500;NA;NA
21B-hem-mixte;21B;21;B;hem;mix;burnt;-0,004;266,619500000;0,463513698;0,450303374;-11,257584340;-26,440020380;1,076750479;5,510322288;-137,758057200;-26,482682650;7;0,571428571
21B-gam;21B;21;B;gam;NA;not burnt;0,005;129,321000000;0,413477678;0,305509818;6,110196366;-21,835855600;1,081673919;3,618559212;72,371184230;-21,120765020;4;0,250000000
21B-hem-mixte;21B;21;B;hem;mix;not burnt;0,015;348,017400000;0,493153996;0,672274169;4,481827792;-23,045358530;1,080379232;5,505150632;36,701004210;-22,760160280;12;0,666666667
21B-hem-adult;21B;21;B;hem;adu;not burnt;0,009;259,211400000;0,460815230;0,461731213;5,130346807;-26,488476530;1,076693433;4,001332248;44,459247200;-26,567339210;12;1,000000000
21B-gam;21B;21;B;gam;NA;not burnt;0,022;1644,721400000;0,962967535;3,158585159;14,357205270;-24,737790530;1,078567546;12,771521490;58,052370410;-24,708597180;2;0,500000000
23B-epi-mixtes;23B;23;B;epi;mix;burnt;0,024;34,037500000;0,378723704;2,727233747;11,363473950;-19,740831380;1,083777211;14,567396910;60,697487110;-19,749687980;4;NA
23B-hem-mixte;23B;23;B;hem;mix;burnt;-0,004;268,756500000;0,464292093;1,215767347;-30,394183670;-22,609081380;1,080768846;7,536915519;-188,422888000;-22,476636500;14;0,571428571
23B-gam;23B;23;B;gam;NA;not burnt;0,024;133,608000000;0,415040760;3,364638099;14,019325410;-23,778677600;1,079594249;13,635780650;56,815752710;-23,730957880;4;0,750000000
24B-epi-adultes;24B;24;B;epi;adu;not burnt;0,004;27,455500000;0,376322071;0,682001079;17,050026970;18,777158630;1,124159097;4,758098519;118,952463000;23,116505310;1;0,000000000
24B-hem-mixte;24B;24;B;hem;mix;burnt;-0,072;250,842500000;0,457766606;0,544051609;-0,755627235;-22,794735380;1,080574117;5,215365953;-7,243563824;-22,536689640;7;0,428571429
24B-gam;24B;24;B;gam;NA;not burnt;0,017;175,402000000;0,430276694;2,402701502;14,133538250;-22,980495600;1,080448664;10,002612340;58,838896130;-22,861541680;6;0,666666670
24B-hem-adult;24B;24;B;hem;adu;not burnt;-0,360;186,715400000;0,434400174;0,510650599;-0,141847389;-24,408706530;1,078919824;3,770947531;-1,047485425;-24,153461740;4;NA
24B-hem-adult;24B;24;B;hem;adu;not burnt;0,275;436,114400000;0,525213825;0,546859909;0,198858149;-17,529624530;1,086283158;7,246487408;2,635086330;-16,968467160;4;NA
25B-hem-mixte;25B;25;B;hem;mix;burnt;-0,008;339,309083300;0,489983786;0,474748293;-5,934353660;-23,470361890;1,079835576;5,333414739;-66,667684240;-23,307284680;8;0,500000000
25B-gam;25B;25;B;gam;NA;not burnt;0,688;125,467400000;0,412072575;0,490494646;0,071292826;13,287763470;1,119256484;3,910098323;0,568328245;19,405091320;7;0,571428571
26B-epi-adultes;26B;26;B;epi;adu;not burnt;-0,004;169,800500000;0,428234947;0,109651795;-2,741294874;-23,509190380;1,079824729;3,283650540;-82,091263500;-23,088041940;1;0,000000000
26B-epi-juv;26B;26;B;epi;juv;burnt;-0,338;51,923500000;0,385249344;0,159144256;-0,047084099;-27,566460380;1,075568866;8,356468270;-2,472327891;-27,626940410;7;1,000000000
26B-epi-juv;26B;26;B;epi;juv;burnt;-0,008;63,419500000;0,389443164;0,130215252;-1,627690648;-26,302344380;1,076894897;3,786503676;-47,331295950;-26,354260190;3;1,000000000
26B-hem-mixte;26B;26;B;hem;mix;burnt;0,010;485,260083300;0,543089706;1,134050386;11,340503860;-19,950001890;1,083489417;9,565313349;95,653133490;-19,886746660;22;0,681818182
26B-gam;26B;26;B;gam;NA;not burnt;0,001;228,625400000;0,449672450;0,432004273;43,200427270;-22,448510530;1,081018119;4,011839693;401,183969300;-21,918909740;6;0,500000000
27B-epi-mixte;27B;27;B;epi;mix;burnt;0,014;38,196500000;0,380241176;1,286055766;9,186112612;-21,859164380;1,081555415;7,456719733;53,262283800;-21,691439550;4;0,750000000
27B-epi-juv;27B;27;B;epi;juv;burnt;0,009;41,146500000;0,381317498;0,230566083;2,561845365;-3,993617375;1,100290423;4,170130588;46,334784320;-1,364569784;9;1,000000000
27B-hem-mixte;27B;27;B;hem;mix;burnt;0,008;272,976083300;0,465829025;0,799387845;9,992348062;-22,078027890;1,081280735;9,580017705;119,750221300;-22,041274080;12;0,500000000
27B-gam;27B;27;B;gam;NA;not burnt;0,003;157,342400000;0,423693669;0,185481010;6,182700320;-20,883828530;1,082692972;2,883359478;96,111982590;-19,683957630;5;NA
28B-epi-mixte;28B;28;B;epi;mix;burnt;0,001;169,680500000;0,428191206;0,162786633;16,278663350;-26,968821380;1,076195781;7,886467099;788,646709900;-27,014292030;4;0,750000000
28B-gam;28B;28;B;gam;NA;burnt;0,001;384,957083300;0,506599420;0,390588397;39,058839730;-23,183673890;1,080133144;4,620033344;462,003334400;-22,940931810;4;NA
28B-hem-mixte;28B;28;B;hem;mix;burnt;0,024;487,706083300;0,543979227;1,153793366;4,807472359;-23,615813890;1,079684603;18,606982920;77,529095500;-23,673179980;14;0,200000000
29B-epi-mixte;29B;29;B;epi;mix;burnt;0,006;61,789500000;0,388848551;0,081806261;1,363437690;-26,588126380;1,076595121;4,446160169;74,102669490;-26,661376350;2;1,000000000
29B-hem-mixte;29B;29;B;hem;mix;burnt;-0,238;411,901083300;0,516404292;1,015990890;-0,426886929;-17,572177890;1,085957248;9,091206379;-3,819834613;-17,449923960;15;0,550000000
29B-hem-juv;29B;29;B;hem;juv;burnt;0,024;295,000083300;0,473850232;0,459083846;1,912849360;-18,880191890;1,084599737;11,537568590;48,073202440;-18,885212970;8;1,000000000
29B-hem-adultes;29B;29;B;hem;adu;burnt;0,006;714,650083300;0,626441391;1,171853405;19,530890090;-7,836379895;1,096060287;8,031192759;133,853212600;-7,386629765;4;0,000000000
29B-gam;29B;29;B;gam;NA;not burnt;0,000;197,232400000;0,438233077;0,345943059;NA;-18,507678530;1,085236321;4,593502475;NA;-17,572468550;3;0,333333333
29B-hem-mixte;29B;29;B;hem;mix;not burnt;0,195;388,175400000;0,507770661;0,319468863;0,163830186;-22,872640530;1,080564116;4,837677064;2,480860033;-22,511614540;7;0,571428571
29B-hem-mixte;29B;29;B;hem;mix;not burnt;-0,895;370,930400000;0,501494371;0,856546873;-0,095703561;-27,334692530;1,075787531;5,350015039;-0,597767043;-27,475773510;7;0,571428571
29B-hem-mixte;29B;29;B;hem;mix;not burnt;0,013;460,908400000;0,534233011;1,344251126;10,340393270;-6,415374533;1,098177479;7,729122017;59,454784740;-5,228832488;6;0,333333333
29B-hem-mixte;29B;29;B;hem;mix;not burnt;0,010;411,234400000;0,516161710;0,995304192;9,953041925;-15,732948530;1,088206131;7,552920774;75,529207740;-15,091718610;6;NA
29B-hem-mixte;29B;29;B;hem;mix;not burnt;0,016;616,615400000;0,590836381;0,987647649;6,172797808;-20,730528530;1,082857063;9,503420781;59,396379880;-20,501092240;6;0,333333333
30B-epi-mixte;30B;30;B;epi;mix;burnt;0,013;67,070500000;0,390775001;1,581873191;12,168255310;18,576902630;1,123949236;8,050575646;61,927504970;20,172021860;5;0,800000000
30B-hem-mixte;30B;30;B;hem;mix;burnt;0,011;378,353083300;0,504195942;2,143608329;19,487348440;-20,059617890;1,083375648;10,622311720;96,566470170;-20,037414610;20;0,500000000
30B-gam;30B;30;B;gam;NA;not burnt;-0,006;74,689400000;0,393554160;0,119265611;-1,987760185;-26,372990530;1,076817063;2,284506097;-38,075101620;-26,500794830;1;NA
32B-epi-mixte;32B;32;B;epi;mix;burnt;-0,013;45,981500000;0,383081522;0,138709185;-1,066993733;-24,345676380;1,078947329;4,519143968;-34,762645910;-24,180560770;1;1,000000000
32B-hem-adultes;32B;32;B;hem;adu;burnt;-0,024;174,659083300;0,430005906;0,103392511;-0,430802129;-25,911425890;1,077301796;3,137192439;-13,071635160;-25,908760650;2;0,000000000
33B-hem-mixte;33B;33;B;hem;mix;burnt;0,008;458,649083300;0,533411218;1,300428093;16,255351160;-23,535709890;1,079767747;9,759169206;121,989615100;-23,519721400;9;0,666666667
33B-gam;33B;33;B;gam;NA;not burnt;-0,006;195,104400000;0,437457555;0,144779934;-2,412998904;-25,045412530;1,078238241;2,466909558;-41,115159290;-24,771462690;1;1,000000000
33B-hem-mixte;33B;33;B;hem;mix;not burnt;0,006;513,818400000;0,553474342;1,062572677;17,709544610;-26,341308530;1,076850979;7,827221988;130,453699800;-26,366349380;9;0,666666667
34B-hem-mixte;34B;34;B;hem;mix;burnt;0,012;496,660083300;0,547235338;0,863751113;7,197925942;-27,119309890;1,076047986;9,549652862;79,580440520;-27,144093350;6;0,666666667
34B-gam;34B;34;B;gam;NA;not burnt;-0,002;99,624400000;0,402648657;0,240611706;-12,030585320;-21,618646530;1,081906422;4,273377602;-213,668880100;-21,017736080;3;1,000000000
35B-hem-mixte;35B;35;B;hem;mix;burnt;-0,055;399,535083300;0,511904567;0,925830352;-1,683327914;-25,589955890;1,077635483;6,285632854;-11,428423370;-25,581237200;2;0,500000000
35B-epi-mixte;35B;35;B;epi;mix;not burnt;0,010;115,937400000;0,408597569;1,785330776;17,853307760;-1,022280533;1,103948065;9,223103498;92,231034980;0,135984293;2;0,500000000
36B-hem-mixte;36B;36;B;hem;mix;burnt;-0,065;282,040083300;0,469130318;1,823957562;-2,806088557;-24,945961890;1,078303945;9,150292346;-14,077372840;-24,940753990;6;0,666666670
38B-hem-mixte;38B;38;B;hem;mix;burnt;-0,003;391,776083300;0,509081024;0,509867394;-16,995579810;-26,927481890;1,076247110;4,186638273;-139,554609100;-27,039131680;3;0,666666670
38B-hem-adult;38B;38;B;hem;adu;not burnt;0,005;-1,855600000;0,365625662;8,215921364;164,318427300;-26,739888530;1,076424289;55,191071730;1103,821435000;-26,736270910;3;0,333333333
39B-epi-mixte;39B;39;B;epi;mix;burnt;0,002;36,591500000;0,379655574;0,493400493;24,670024630;14,833575630;1,120026198;5,447018870;272,350943500;17,987147040;1;0,000000000
39B-hem-mixte;39B;39;B;hem;mix;burnt;0,003;514,882083300;0,553861086;0,382082914;12,736097140;-28,880543890;1,074219730;5,101623064;170,054102100;-29,108840050;2;0,500000000
40B-hem-mixte;40B;40;B;hem;mix;not burnt;0,000;224,244083300;0,448076089;0,658536436;NA;-25,759649890;1,077459340;4,328663005;NA;-25,747164810;2;0,500000000
41B-hem-mixte;41B;41;B;hem;mix;not burnt;0,006;180,390083300;0,432094781;0,746294379;12,438239650;-26,592309890;1,076595027;6,031727722;100,528795400;-26,635418100;2;0,500000000
41B-epi-adults;41B;41;B;epi;adu;not burnt;0,000;46,640400000;0,383321913;0,842535579;NA;-28,051114530;1,075020565;5,831613113;NA;-28,241933570;1;0,000000000
42B-hem-mixte;42B;42;B;hem;mix;burnt;-0,011;137,243083300;0,416366109;0,084601575;-0,769105227;-28,819411890;1,074283189;4,321055259;-39,282320540;-29,118186180;1;0,000000000
43B-epi-mixte;43B;43;B;epi;mix;burnt;0,002;66,164500000;0,390444507;0,552991714;27,649585680;-19,814884380;1,083699543;4,730639436;236,531971800;-19,217937360;2;0,500000000
43B-hem-mixte;43B;43;B;hem;mix;burnt;-0,003;129,309083300;0,413473333;0,171128105;-5,704270164;-28,443133890;1,074673792;3,760858347;-125,361944900;-28,770155770;1;0,000000000
44B-epi-mixte;44B;44;B;epi;mix;burnt;0,009;120,791500000;0,410367592;0,346931814;3,854797932;-26,942746380;1,076223133;4,500737421;50,008193560;-27,052425390;3;NA
44B-hem-mixte;44B;44;B;hem;mix;burnt;0,013;204,080083300;0,440728546;1,367598364;10,519987420;-25,913533890;1,077299607;8,201644566;63,089573580;-25,922544160;6;0,500000000
44B-gam;44B;44;B;gam;NA;not burnt;-0,008;48,867400000;0,384134398;0,196777225;-2,459715312;-27,669908530;1,075428666;3,179038115;-39,737976440;-28,019401010;1;1,000000000
45B-epi-mixte;45B;45;B;epi;mix;burnt;-1,221;14,478500000;0,371586698;0,092545976;-0,007579523;-27,804264380;1,075319411;2,860720481;-0,234293242;-28,199427050;1;1,000000000
45B-hem-mixte;45B;45;B;hem;mix;burnt;0,005;280,561083300;0,468591651;0,330112952;6,602259047;-27,436563890;1,075718664;3,734762578;74,695251560;-27,636045840;1;NA
45B-gam;45B;45;B;gam;NA;not burnt;-0,006;125,104400000;0,411940216;0,168107333;-2,801788889;-28,034762530;1,075038070;3,695024202;-61,583736700;-28,382068170;1;1,000000000
46B-epi-mixte;46B;46;B;epi;mix;burnt;-0,002;43,730500000;0,382260265;0,136575024;-6,828751200;-22,541286380;1,080839955;3,892307008;-194,615350400;-22,089287840;2;1,000000000
46B-hem-mixte;46B;46;B;hem;mix;not burnt;0,001;15,638083330;0,372009854;0,367323475;36,732347540;-26,768327890;1,076412316;5,602215585;560,221558500;-26,827876500;5;0,600000000
46B-gam;46B;46;B;gam;NA;not burnt;-0,008;74,121400000;0,393346975;0,114527080;-1,431588498;-22,897168530;1,080537860;2,477356072;-30,966950900;-21,999329540;1;1,000000000
47B-hem-mixte;47B;47;B;hem;mix;burnt;0,297;15,130500000;0,371824627;0,555238582;0,186949018;-27,386021380;1,075758145;5,995005706;2,018520440;-27,485831980;1;0,000000000
47B-gam;47B;47;B;gam;NA;not burnt;-0,004;88,119400000;0,398452666;0,253148446;-6,328711141;-25,459322530;1,077795153;5,756130235;-143,903255900;-25,414205370;3;0,666666667
1C-hem-mixte;1C;1;C;hem;mix;not burnt;0,011;7,270083333;0,368956116;0,873109602;7,937360022;-9,617639895;1,094211991;8,475821230;NA;-9,283883301;9;0,666666670
1C-gam;1C;1;C;gam;NA;not burnt;-0,004;12,154400000;0,370738575;0,240399564;-6,009989107;-10,629080530;1,093668364;3,843744270;-96,093606740;-8,183085646;2;NA
2C-epi-mixte;2C;2;C;epi;mix;not burnt;-0,002;16,466083330;0,372312007;0,103188940;-5,159447002;-25,806025890;1,077411201;1,796424078;-89,821203900;-25,739056070;2;1,000000000
2C-hem-mixte;2C;2;C;hem;mix;not burnt;0,007;17,382083330;0,372646269;0,398216380;5,688805429;-23,394473890;1,079914344;7,171157476;102,445106800;-23,313429170;6;1,000000000
3C-hem-mixte;3C;3;C;hem;mix;not burnt;0,004;11,855083330;0,370629345;1,250428699;31,260717480;-16,228327890;1,087351911;7,134317469;178,357936700;-15,888857950;13;0,615384615
4C-epi-mixte;4C;4;C;epi;mix;not burnt;0,015;14,866083330;0,371728136;2,005818463;13,372123080;-12,136699890;1,091598010;8,565216830;57,101445530;-11,867196840;7;0,857142857
4C-hem-mixte;4C;4;C;hem;mix;not burnt;0,004;28,864083330;0,376836043;0,935054458;23,376361440;0,510246105;1,104720111;6,347348041;158,683701000;1,766491088;11;0,636363636
4C-gam;4C;4;C;gam;NA;not burnt;0,001;18,159400000;0,372929923;0,676813894;67,681389370;-19,168912530;1,084528572;4,531555268;453,155526800;-18,300863470;4;0,500000000
5C-epi-mixte;5C;5;C;epi;mix;not burnt;0,003;6,928083333;0,368831306;0,764935475;25,497849180;-24,548603890;1,078716396;5,243842688;174,794756300;-24,456616760;4;0,750000000
5C-hem-mixte;5C;5;C;hem;mix;not burnt;0,004;9,686083333;0,369837807;0,640382353;16,009558830;-22,944415890;1,080381481;5,400781354;135,019533900;-22,750170610;7;0,571428571
5C-hem-mixte;5C;5;C;hem;mix;burnt;-0,004;15,743083330;0,372048171;0,181202984;-4,530074610;-23,627407890;1,079672569;3,716318724;-92,907968100;-23,327780430;5;NA
5C-gam;5C;5;C;gam;NA;not burnt;-0,001;15,322400000;0,371894655;0,493255689;-49,325568950;-23,431674530;1,079965701;3,347763597;-334,776359700;-22,943461170;4;0,500000000
6C-epi-mixte;6C;6;C;epi;mix;not burnt;-0,004;28,309083330;0,376633532;0,386043718;-9,651092954;-23,767589890;1,079527065;3,241958009;-81,048950220;-23,413522490;3;0,666666670
6C-hem-mixte;6C;6;C;hem;mix;not burnt;0,005;31,026000000;0,377624886;1,009014231;20,180284610;-20,785239600;1,082798501;7,222462059;144,449241200;-20,439899280;11;0,636363636
7C-epi-mixte;7C;7;C;epi;mix;not burnt;0,002;16,174083330;0,372205451;0,714965068;35,748253380;13,377478110;1,118067202;4,692908171;234,645408600;16,825083020;3;0,666666670
7C-hem-mixte;7C;7;C;hem;mix;not burnt;0,241;34,352000000;0,378838456;0,855894324;0,355142873;-25,748071600;1,077486047;10,544909260;4,375481020;-25,743187500;6;0,666666670
8C-epi-mixte;8C;8;C;epi;mix;not burnt;0,001;13,975083330;0,371402990;0,462502957;46,250295690;-19,944731890;1,083494886;5,987375594;598,737559400;-19,626518530;4;0,750000000
8C-hem-mixte;8C;8;C;hem;mix;not burnt;0,003;8,937000000;0,369564440;0,460547147;15,351571560;-24,247775600;1,079092096;5,420214323;180,673810800;-24,076921500;7;0,571428571
9C-epi-mixte;9C;9;C;epi;mix;not burnt;0,006;13,014083330;0,371052297;1,082581387;18,043023120;-24,394719890;1,078876124;6,409110820;106,818513700;-24,330960510;6;0,600000000
9C-hem-mixte;9C;9;C;hem;mix;not burnt;0,000;17,656000000;0,372746226;0,766965408;NA;-25,271819600;1,077995874;8,085937971;NA;-25,235037570;7;0,571428571
9C-gam;9C;9;C;gam;NA;not burnt;-0,005;189,285400000;0,435336834;0,194704693;-3,894093862;-26,889100530;1,076264554;3,695122464;-73,902449280;-27,043746230;3;0,333333333
10C-hem-mixte;10C;10;C;hem;mix;not burnt;-0,003;26,722000000;0,376054425;0,194731392;-6,491046396;-25,379129600;1,077880999;4,858986260;-161,966208700;-25,311822030;5;0,400000000
10C-gam;10C;10;C;gam;NA;not burnt;-0,002;17,065400000;0,372530707;0,320626531;-16,031326530;-27,048532530;1,076093876;4,169983270;-208,499163500;-27,203421540;1;NA
11C-epi-mixte;11C;11;C;epi;mix;not burnt;0,004;56,524083330;0,386927711;0,650124969;16,253124210;-10,574671890;1,093218913;5,349178138;133,729453400;-9,527549009;3;0,333333333
11C-hem-mixte;11C;11;C;hem;mix;not burnt;0,001;7,086000000;0,368888936;0,655633739;65,563373930;-19,029443600;1,084677853;5,498061832;549,806183200;-18,348833000;12;0,416666667
11C-gam;11C;11;C;gam;NA;not burnt;-0,003;54,134400000;0,386055923;0,586760813;-19,558693760;-13,223938530;1,090891385;3,547723545;-118,257451500;-10,959595290;5;0,600000000
12C-epi-mixte;12C;12;C;epi;mix;not burnt;0,101;119,290083300;0,409820115;0,832814492;0,824568804;9,433410105;1,113976430;5,413783248;5,360181434;11,796734560;2;0,000000000
12C-hem-mixte;12C;12;C;hem;mix;not burnt;0,002;28,835000000;0,376825431;0,782433413;39,121670630;-20,224161600;1,083399070;6,158889332;307,944466600;-19,743268170;5;0,600000000
13C-epi-mixte;13C;13;C;epi;mix;not burnt;-0,004;29,685083330;0,377135612;0,173808228;-4,345205702;-26,629199890;1,076556734;2,532143303;-63,303582580;-26,795771240;5;1,000000000
13C-hem-mixte;13C;13;C;hem;mix;not burnt;0,001;7,291000000;0,368963749;0,833378519;83,337851920;-13,350189600;1,090756269;5,797568913;579,756891300;-12,198455300;6;0,666666670
13C-gam;13C;13;C;gam;NA;not burnt;-0,004;31,392400000;0,377758577;0,133240724;-3,331018108;-10,053694530;1,094284113;2,487968493;-62,199212330;-5,443959363;1;0,000000000
14C-epi-mixte;14C;14;C;epi;mix;not burnt;-0,003;18,073083330;0,372898425;0,187107072;-6,236902410;-24,196567890;1,079081800;3,167182183;-105,572739400;-23,901703220;2;0,500000000
14C-hem-mixte;14C;14;C;hem;mix;not burnt;-0,006;17,263000000;0,372602814;0,351617441;-5,860290691;-9,531997600;1,094842400;5,302948786;-88,382479770;-7,835595821;6;0,666666670
14C-gam;14C;14;C;gam;NA;not burnt;-0,005;33,805400000;0,378639018;0,092133428;-1,842668565;-24,626392530;1,078686796;2,466889213;-49,337784270;-24,229689430;1;NA
15C-epi-mixte;15C;15;C;epi;mix;not burnt;0,010;50,064083330;0,384570982;0,785548786;7,855487858;13,511336110;1,118206033;7,539991494;75,399914940;14,716861700;3;0,500000000
15C-hem-mixte;15C;15;C;hem;mix;not burnt;-0,005;26,965000000;0,376143093;0,405355264;-8,107105285;-24,963175600;1,078326275;3,906394230;-78,127884610;-24,806482480;5;0,600000000
15C-gam;15C;15;C;gam;NA;not burnt;-0,007;33,757400000;0,378621504;0,091980395;-1,314005646;-26,860484530;1,076295188;2,256990948;-32,242727820;-27,152701650;1;NA
17C-epi-mixte;17C;17;C;epi;mix;not burnt;0,014;21,371083330;0,374101893;1,516886990;10,834907070;23,461096110;1,128524351;8,355369556;59,681211120;24,546542190;3;0,333333333
17C-hem-mixte;17C;17;C;hem;mix;not burnt;-0,007;370,735000000;0,501423251;0,486391010;-6,948443003;-18,687073600;1,085044307;4,294330272;-61,347575320;-17,687366210;10;NA
18C-epi-mixte;18C;18;C;epi;mix;not burnt;0,007;41,318083330;0,381380101;1,095505144;15,650073490;10,910064110;1,115508050;6,299447552;89,992107890;12,694282410;4;0,500000000
18C-hem-mixte;18C;18;C;hem;mix;not burnt;-0,007;957,719000000;0,714611161;0,457594730;-6,537067568;-22,529793600;1,080931111;4,308892104;-61,555601490;-22,060194120;5;0,600000000
19C-epi-mixte;19C;19;C;epi;mix;not burnt;0,002;147,961083300;0,420273679;0,624948790;31,247439480;-22,284611890;1,081066316;5,053483625;252,674181200;-22,011677030;6;1,000000000
19C-epi-mixte;19C;19;C;epi;mix;not burnt;0,004;72,169083330;0,392634837;0,324434279;8,110856986;-11,375711890;1,092387688;3,518807841;87,970196020;-9,285117565;3;0,500000000
19C-hem-mixte;19C;19;C;hem;mix;not burnt;0,001;261,198000000;0,461538882;0,554726353;55,472635350;-19,268591600;1,084421880;7,636017647;763,601764700;-18,856499530;6;0,666666670
19C-gam;19C;19;C;gam;NA;not burnt;-0,003;225,662400000;0,448592868;0,661053350;-22,035111650;-3,458728533;1,101341160;4,611468796;-153,715626500;-0,649963558;4;0,500000000
20C-epi-mixte;20C;20;C;epi;mix;not burnt;0,001;117,634083300;0,409216263;0,203167641;20,316764110;-28,831005890;1,074271154;5,000839806;500,083980600;-29,063805440;5;1,000000000
20C-hem-mixte;20C;20;C;hem;mix;not burnt;0,009;406,268000000;0,514354583;1,493736443;16,597071590;-20,857801600;1,082720831;8,906048223;98,956091360;-20,609652580;25;0,720000000
20C-gam;20C;20;C;gam;NA;not burnt;-0,005;102,697400000;0,403769352;0,512019971;-10,240399430;-23,913036530;1,079450423;4,865053263;-97,301065260;-23,675602020;3;NA
21C-epi-mixte;21C;21;C;epi;mix;not burnt;-0,002;101,827083300;0,403451958;0,372246227;-18,612311350;-27,564097890;1,075586278;4,380902354;-219,045117700;-27,731330200;4;0,750000000
21C-hem-mixte;21C;21;C;hem;mix;not burnt;0,003;260,384000000;0,461242370;0,960338795;32,011293170;-22,080113600;1,081412460;7,011714693;233,723823100;-21,810281240;24;0,750000000
21C-gam;21C;21;C;gam;NA;not burnt;-0,004;100,043400000;0,402801464;0,363475261;-9,086881517;-21,256858530;1,082293682;3,688483356;-92,212083900;-20,462487970;4;0,500000000
23C-epi-mixte;23C;23;C;epi;mix;not burnt;0,002;150,229083300;0,421100507;0,666094060;33,304703010;-23,504089890;1,079800567;4,526817419;226,340870900;-23,281950920;6;0,666666670
23C-hem-mixte;23C;23;C;hem;mix;not burnt;-0,003;370,099000000;0,501191764;1,751585872;-58,386195740;-17,936925600;1,085847216;9,146289958;-304,876331900;-17,561212420;12;0,750000000
23C-gam;23C;23;C;gam;NA;not burnt;0,000;268,383400000;0,464156193;0,542213061;NA;-25,755702530;1,077477878;4,703204000;NA;-25,730942270;6;NA
23C-gam;23C;23;C;gam;NA;not burnt;0,010;414,597400000;0,517385370;0,258036676;2,580366760;-26,835956530;1,076321446;5,002503692;50,025036920;-26,934330170;7;0,857142857
24C-epi-mixte;24C;24;C;epi;mix;not burnt;0,001;36,840083330;0,379746272;0,266234187;26,623418700;-20,614021890;1,082800240;3,152367517;315,236751700;-19,701373110;3;1,000000000
24C-hem-mixte;24C;24;C;hem;mix;not burnt;0,005;263,989000000;0,462555531;0,745577757;14,911555140;-25,614189600;1,077629368;7,203458105;144,069162100;-25,592890490;8;0,625000000
24C-gam;24C;24;C;gam;NA;not burnt;-0,009;9,615400000;0,369812012;0,092604360;-1,028937334;-27,647424530;1,075452737;2,115916107;-23,510178970;-28,255985440;1;NA
25C-epi-mixte;25C;25;C;epi;mix;not burnt;0,001;63,401083330;0,389436446;0,349112620;34,911262040;-26,709303890;1,076473585;3,716164246;371,616424600;-26,814758890;4;0,750000000
25C-hem-mixte;25C;25;C;hem;mix;not burnt;-0,001;564,406000000;0,571864145;0,223984257;-22,398425740;-20,699391600;1,082890392;3,740423078;-374,042307800;-19,827704100;6;0,750000000
25C-gam;25C;25;C;gam;NA;not burnt;0,012;233,466400000;0,451436240;0,148065471;1,233878929;-25,350990530;1,077911122;2,814420904;23,453507530;-25,198368710;1;NA
26C-epi-mixte;26C;26;C;epi;mix;not burnt;-0,006;NA;NA;NA;NA;-27,565151890;1,075585184;1,620853953;-27,014232550;-28,374010390;3;0,600000000
26C-hem-mixte;26C;26;C;hem;mix;not burnt;0,020;595,424000000;0,583136567;2,273672274;11,368361370;-2,513923600;1,102352081;11,659146680;58,295733410;-1,777255362;35;0,400000000
26C-gam;26C;26;C;gam;NA;not burnt;-0,001;302,950400000;0,476745444;0,775685530;-77,568553030;-13,945470530;1,090119184;6,675548838;-667,554883800;-13,044854990;8;NA
26C-gam;26C;26;C;gam;NA;not burnt;0,010;8,764400000;0,369501451;0,188360463;1,883604628;-28,120610530;1,074946165;2,009263152;20,092631520;-28,964523620;4;0,500000000
27C-epi-mixte;27C;27;C;epi;mix;not burnt;0,000;24,763083330;0,375339632;0,501326257;NA;-6,545229895;1,097399985;3,858891252;NA;-4,155756693;6;0,666666670
27C-hem-mixte;27C;27;C;hem;mix;not burnt;0,003;353,562000000;0,495172369;0,959812444;31,993748120;-11,386927600;1,092857344;5,930614061;197,687135400;-10,096882170;7;0,714285714
27C-gam;27C;27;C;gam;NA;not burnt;0,012;137,628400000;0,416506593;0,815741544;6,797846201;-14,845852530;1,089155557;6,173091607;51,442430060;-13,915722900;5;0,600000000
27C-gam;27C;27;C;gam;NA;not burnt;0,009;187,650400000;0,434740945;0,252499668;2,805551862;-15,202530530;1,088773820;2,794063129;31,045145880;-12,551273190;5;NA
28C-epi-mixte;28C;28;C;epi;mix;not burnt;-0,001;36,582083330;0,379652138;0,060621686;-6,062168577;-29,195689890;1,073892584;4,347312904;-434,731290400;-29,529313250;2;1,000000000
28C-hem-mixte;28C;28;C;hem;mix;not burnt;0,012;344,523000000;0,491881905;1,171433381;9,761944840;-7,765981600;1,096732230;8,131757309;67,764644250;-6,741840779;9;0,333333333
29C-gam;29C;29;C;gam;NA;not burnt;0,015;549,229400000;0,566347802;2,504804595;16,698697300;-14,008834530;1,090051370;11,830061530;78,867076890;-13,644623620;2;0,000000000
30C-epi-mixte;30C;30;C;epi;mix;not burnt;-0,001;20,718083330;0,373863610;0,128144363;-12,814436290;-27,455535890;1,075698970;2,995351667;-299,535166700;-27,739688090;2;1,000000000
30C-hem-mixte;30C;30;C;hem;mix;not burnt;0,009;221,534000000;0,447088627;0,792226242;8,802513804;-25,150201600;1,078126066;11,449675390;127,218615400;-25,127054850;13;0,615384615
30C-gam;30C;30;C;gam;NA;not burnt;0,015;63,988400000;0,389650694;0,113340145;0,755600965;-23,429630530;1,079967889;3,409731148;22,731540990;-22,953115730;3;NA
30C-gam;30C;30;C;gam;NA;not burnt;0,000;138,280400000;0,416744307;0,268588140;NA;-22,374926530;1,081096886;3,819206587;NA;-21,796967320;3;NA
32C-hem-mixte;32C;32;C;hem;mix;not burnt;-0,004;373,424000000;0,502401962;0,283961046;-7,099026141;-27,560077600;1,075546246;3,633081091;-90,827027280;-27,833620790;3;0,666666667
32C-gam;32C;32;C;gam;NA;not burnt;0,009;283,202400000;0,469553641;0,162249994;1,802777711;-29,442056530;1,073531457;2,941634872;32,684831910;-30,236346730;1;NA
33C-epi-mixte;33C;33;C;epi;mix;not burnt;0,012;155,927083300;0,423177725;1,438467059;11,987225490;-25,964125890;1,077247092;8,298883328;69,157361060;-25,974356530;4;0,500000000
33C-hem-mixte;33C;33;C;hem;mix;not burnt;-0,001;643,196000000;0,600492654;0,457076248;-45,707624830;-24,811919600;1,078488192;4,002424053;-400,242405300;-24,637557380;1;0,000000000
33C-gam;33C;33;C;gam;NA;not burnt;0,009;38,926400000;0,380507486;0,215156492;2,390627691;-18,689594530;1,085041609;3,485637490;38,729305440;-17,364856810;3;0,333333333
34C-hem-mixte;34C;34;C;hem;mix;not burnt;0,011;189,693000000;0,435485385;0,920039677;8,363997068;-26,756785600;1,076406201;5,700764824;51,825134760;-26,832410390;8;0,500000000
35C-epi-mixte;35C;35;C;epi;mix;not burnt;-0,001;286,003083300;0,470573654;0,386765520;-38,676552050;-26,228679890;1,076972482;4,018727461;-401,872746100;-26,267086860;2;0,500000000
35C-hem-mixte;35C;35;C;hem;mix;not burnt;0,005;498,411000000;0,547872031;1,226911189;24,538223780;-24,522693600;1,078797803;5,678758446;113,575168900;-24,388537920;7;0,571428571
36C-epi-mixte;36C;36;C;epi;mix;not burnt;0,000;205,717083300;0,441325091;0,253233571;NA;-19,619045890;1,083832908;3,929368631;NA;-18,867032940;3;0,666666670
36C-hem-mixte;36C;36;C;hem;mix;not burnt;0,004;274,963000000;0,466552719;0,490474724;12,261868100;-28,036329600;1,075036393;4,079835363;101,995884100;-28,341092150;6;NA
36C-gam;36C;36;C;gam;NA;not burnt;0,008;190,480400000;0,435772356;0,101072908;1,263411344;-28,853384530;1,074161680;3,010393908;37,629923850;-29,492318870;2;0,500000000
38C-hem-mixte;38C;38;C;hem;mix;not burnt;-0,002;263,408000000;0,462343898;0,164034496;-8,201724790;-27,204421600;1,075926991;3,027640294;-151,382014700;-27,475133260;3;0,666666670
38C-gam;38C;38;C;gam;NA;not burnt;0,009;NA;NA;NA;NA;NA;NA;NA;NA;NA;1;NA
38C-gam;38C;38;C;gam;NA;not burnt;0,009;138,917400000;0,416976552;0,077662789;0,862919873;-25,131260530;1,078146342;3,536850210;39,298335670;-24,981482910;1;1,000000000
39C-gam;39C;39;C;gam;NA;not burnt;0,007;103,262400000;0,403975399;0,076282731;1,089753303;-28,344428530;1,074706554;2,635418273;37,648832460;-28,975749040;1;1,000000000
40C-hem-mixte;40C;40;C;hem;mix;not burnt;0,004;204,414000000;0,440850230;0,306035268;7,650881704;-28,285697600;1,074769429;3,662662896;91,566572390;-28,679790530;2;0,500000000
41C-hem-mixte;41C;41;C;hem;mix;not burnt;0,007;271,785000000;0,465395192;1,356358908;19,376555830;-25,587617600;1,077657813;7,107621057;101,537443700;-25,563993920;5;0,400000000
42C-epi-mixte;42C;42;C;epi;mix;not burnt;0,003;312,865083300;0,480355769;0,395757766;13,191925540;-24,933313890;1,078317074;3,596701718;119,890057300;-24,797632110;1;0,000000000
42C-hem-mixte;42C;42;C;hem;mix;not burnt;0,008;361,178000000;0,497944650;0,967412774;12,092659680;-23,410757600;1,079988091;5,545851385;69,323142310;-23,163973150;10;0,600000000
43C-epi-mixte;43C;43;C;epi;mix;not burnt;-0,001;179,162083300;0,431647198;0,682278328;-68,227832810;-14,965635890;1,088662313;6,062357243;-606,235724300;-14,392388980;2;0,000000000
43C-hem-mixte;43C;43;C;hem;mix;not burnt;0,682;179,186000000;0,431655915;1,843197376;0,270263545;-25,800193600;1,077430250;9,525978261;1,396771006;-25,795947630;6;0,500000000
44C-epi-mixte;44C;44;C;epi;mix;not burnt;0,014;79,985083330;0,395485784;2,374429398;16,960209990;68,667156110;1,175377825;11,391311770;81,366512640;68,800072480;3;0,666666670
44C-hem-mixte;44C;44;C;hem;mix;not burnt;-0,007;580,511000000;0,577717271;0,090651959;-1,295027988;-26,517637600;1,076662215;2,337158290;-33,387975570;-26,687226060;1;0,000000000
44C-gam;44C;44;C;gam;NA;not burnt;0,006;165,615400000;0,426709423;0,189376848;3,156280801;-24,455718530;1,078869498;2,824792857;47,079880950;-24,086918720;2;0,500000000
45C-hem-mixte;45C;45;C;hem;mix;not burnt;0,011;294,755000000;0,473760979;1,908258140;17,347801270;-25,907503600;1,077315373;9,097653548;82,705941350;-25,907713610;9;0,666666670
46C-hem-mixte;46C;46;C;hem;mix;not burnt;0,005;11,317000000;0,370432983;0,540166381;10,803327620;-26,717949600;1,076447776;5,268794195;105,375883900;-26,797632880;5;0,600000000
47C-gam;47C;47;C;gam;NA;not burnt;0,000;280,594400000;0,468603785;1,263164332;NA;-23,726010530;1,079650627;10,373577670;NA;-23,642935830;2;0,500000000
NA;NA;47;A;gam;NA;NA;0,001;4,878100000;0,368083174;0,237689004;23,768900440;-28,640112420;1,074555219;2,328547109;232,854710900;-30,021875480;NA;NA
NA;NA;42;A;gam;NA;NA;0,003;85,800100000;0,397606750;0,136231862;4,541062059;-28,239715420;1,074956760;2,839480460;94,649348670;-29,118258930;NA;NA
NA;NA;35;A;gam;NA;NA;0,017;788,031100000;0,653075801;2,497157051;14,689159130;-26,579213420;1,076621971;10,887433270;64,043725140;-26,625148860;NA;NA
NA;NA;28;A;gam;NA;NA;0,004;208,979100000;0,442513794;0,421236899;10,530922470;-22,465052420;1,080747559;5,460419045;136,510476100;-21,858249030;NA;NA
NA;NA;21;A;gam;NA;NA;0,011;75,773100000;0,393949450;0,948614021;8,623763825;-24,866343420;1,078339640;7,268586987;66,078063520;-24,726138880;NA;NA
NA;NA;14;A;gam;NA;NA;0,006;76,483100000;0,394208428;0,261420239;4,357003981;-21,971920420;1,081242038;3,440176447;57,336274120;-20,751371820;NA;NA
NA;NA;4;A;gam;NA;NA;0,006;150,732100000;0,421283887;0,494503582;8,241726360;-7,845652417;1,095404781;4,227196267;70,453271120;-3,607938281;NA;NA
NA;NA;34;A;gam;NA;NA;0,005;159,238100000;0,424384724;0,370677793;7,413555864;-23,668425420;1,079540880;4,982410760;99,648215210;-23,222448260;NA;NA
NA;NA;27;A;gam;NA;NA;0,011;192,461100000;0,436494222;0,737287277;6,702611607;-16,608564420;1,086619720;6,176609834;56,150998490;-15,211187870;NA;NA
NA;NA;20;A;gam;NA;NA;0,003;234,932100000;0,451970247;0,420589441;14,019648030;-23,058556420;1,080152428;3,239993132;107,999771100;-22,094145970;NA;NA
NA;NA;7;A;gam;NA;NA;0,002;83,704100000;0,396842267;0,282174193;14,108709670;-15,423738420;1,087807632;2,729205821;136,460291100;-11,037991090;NA;NA
NA;NA;13;A;gam;NA;NA;-0,001;10,029100000;0,369962986;0,136040322;-13,604032180;-27,388735420;1,075810160;2,335679657;-233,567965700;-28,112185990;NA;NA
NA;NA;6;A;gam;NA;NA;0,004;72,659100000;0,392813579;0,281543362;7,038584049;-25,049631420;1,078155842;5,015275476;125,381886900;-24,869264830;NA;NA
NA;NA;40;A;gam;NA;NA;0,025;901,969100000;0,694402512;3,362351674;13,449406700;-24,820521420;1,078385590;13,218769080;52,875076330;-24,744541030;NA;NA
NA;NA;33;A;gam;NA;NA;-0,895;458,252100000;0,533266820;0,397557277;-0,044419807;-25,289651420;1,077915152;3,475329021;-0,388304919;-25,077236850;NA;NA
NA;NA;26;A;gam;NA;NA;-0,830;194,684100000;0,437304381;0,293042959;-0,035306381;-19,289151420;1,083932046;3,882983500;-0,467829337;-17,547760690;NA;NA
NA;NA;19;A;gam;NA;NA;0,468;367,920100000;0,500398696;0,242667965;0,051852129;-26,393743420;1,076807964;5,114115413;1,092759704;-26,466758320;NA;NA
NA;NA;12;A;gam;NA;NA;-0,020;151,523100000;0,421572251;0,487049442;-2,435247208;-10,120387420;1,093124447;3,758511007;-18,792555030;-5,826440212;NA;NA
NA;NA;46;A;gam;NA;NA;1,002;38,208100000;0,380245408;0,280777556;0,028021712;-26,095900420;1,077106644;4,271185155;0,426265984;-26,118002470;NA;NA
NA;NA;39;A;gam;NA;NA;0,003;210,918100000;0,443220367;0,402462727;13,415424240;-24,089551420;1,079118589;3,663746085;122,124869500;-23,555859250;NA;NA
NA;NA;32;A;gam;NA;NA;0,003;162,122100000;0,425436034;0,204331759;6,811058626;-27,812043420;1,075385650;4,087415646;136,247188200;-28,253008260;NA;NA
NA;NA;25;A;gam;NA;NA;0,003;218,765100000;0,446079714;0,309761167;10,325372230;-28,392455420;1,074803584;4,803184532;160,106151100;-28,870565860;NA;NA
NA;NA;18;A;gam;NA;NA;0,002;151,092100000;0,421415127;0,114240282;5,712014105;-24,781245420;1,078424975;4,071094560;203,554728000;-24,483178930;NA;NA
NA;NA;4;A;gam;NA;NA;0,007;39,797100000;0,380825166;0,780137911;11,144827300;-26,353376420;1,076848444;10,348264250;147,832346400;-26,382984010;NA;NA
NA;NA;45;A;gam;NA;NA;0,002;500,020100000;0,548457148;0,346479197;17,323959850;-25,219827420;1,077985171;4,739775398;236,988769900;-25,061407710;NA;NA
NA;NA;24;A;gam;NA;NA;-0,009;26,387100000;0,375932223;0,088533881;-0,983709791;-26,707951420;1,076492870;2,109659831;-23,440664780;-27,140400450;NA;NA
NA;NA;17;A;gam;NA;NA;0,002;414,513100000;0,517354697;0,403942585;20,197129260;-13,582130420;1,089653980;3,909040186;195,452009300;-10,386836990;NA;NA
NA;NA;10;A;gam;NA;NA;0,172;114,109100000;0,407930873;0,201874444;0,117368863;-27,530565420;1,075667928;4,322909202;2,513319303;-27,878133940;NA;NA
NA;NA;38;A;gam;NA;NA;0,004;226,211100000;0,448792791;0,409486986;10,237174640;-25,751144420;1,077452368;4,021625934;100,540648300;-25,689348150;NA;NA
NA;NA;3;A;gam;NA;NA;0,001;114,923000000;0,408227666;0,985286918;98,528691820;-26,500934170;1,076700471;12,459419780;1245,941978000;-26,535305290;NA;NA
NA;NA;44;A;gam;NA;NA;0,003;267,452000000;0,463816935;1,361269270;45,375642320;-17,769661170;1,085455572;10,280915460;342,697182100;-17,075184870;NA;NA
NA;NA;30;A;gam;NA;NA;0,017;112,315000000;0,407276639;0,456758698;2,686815873;-25,641226170;1,077562594;6,568724151;38,639553830;-25,591471830;NA;NA
NA;NA;23;A;gam;NA;NA;0,004;312,951000000;0,480387053;2,158588997;53,964724920;-22,640976170;1,080571154;14,853859950;371,346498700;-22,449767550;NA;NA
NA;NA;9;A;gam;NA;NA;0,011;5,965000000;0,368479834;0,577815594;5,252869035;-26,586032170;1,076615133;5,672406599;51,567332720;-26,682252740;NA;NA
NA;NA;2;A;gam;NA;NA;0,006;106,246000000;0,405063462;0,809608369;13,493472820;-19,397433170;1,083823475;7,526746815;125,445780200;-18,612201670;NA;NA
NA;NA;43;A;gam;NA;NA;0,006;351,816000000;0,494536790;1,498921489;24,982024810;-12,463037170;1,090775920;8,324090339;138,734839000;-11,023717620;NA;NA
NA;NA;36;A;gam;NA;NA;0,005;454,162000000;0,531779069;1,748021613;34,960432250;-25,915067170;1,077287985;11,636010950;232,720219000;-25,908796750;NA;NA
NA;NA;29;A;gam;NA;NA;0,011;512,829000000;0,553114603;0,806035150;7,327592269;-27,174081170;1,076025423;9,628929494;87,535722670;-27,280466080;NA;NA
NA;NA;15;A;gam;NA;NA;0,003;19,567000000;0,373443571;0,943984722;31,466157390;-26,486751170;1,076714694;7,338512763;244,617092100;-26,546306140;NA;NA
NA;NA;8;A;gam;NA;NA;0,002;71,257000000;0,392302137;0,848129880;42,406493980;-23,765797170;1,079443239;11,724407270;586,220363400;-23,602185340;NA;NA
NA;NA;1;A;gam;NA;NA;-0,001;27,968000000;0,376509076;0,618699702;-61,869970230;-16,149526170;1,087079957;7,841113682;-784,111368200;-15,030331190;NA;NA
NA;NA;28;A;epi;NA;NA;0,004;112,671000000;0,407406458;3,930068030;98,251700740;-4,771487167;1,098486347;19,844621490;496,115537300;-3,879749293;NA;NA
NA;NA;27;A;epi;NA;NA;0,025;142,843000000;0,418407766;3,006964787;12,027859150;-10,045381170;1,093199639;21,460150850;85,840603380;-9,427588239;NA;NA
NA;NA;26;A;epi;NA;NA;-0,895;121,546000000;0,410642711;3,745495846;-0,418491156;2,435658833;1,105710090;21,432113290;-2,394649530;3,538237457;NA;NA
NA;NA;25;A;epi;NA;NA;-0,830;53,793000000;0,385931374;1,151873891;-0,138779987;-24,257838170;1,078949836;9,548655775;-1,150440455;-24,098530330;NA;NA
NA;NA;24;A;epi;NA;NA;0,468;4,319000000;0,367879131;0,243175893;0,051960661;-26,996248170;1,076203759;5,205155125;1,112212634;-27,177172220;NA;NA
NA;NA;23;A;epi;NA;NA;-0,020;235,922000000;0,452330900;1,451822030;-7,259110151;-17,823120170;1,085401971;10,805765280;-54,028826410;-17,169346700;NA;NA
NA;NA;21;A;epi;NA;NA;0,113;96,699000000;0,401581767;1,494792507;1,322825228;2,384200000;1,105658517;11,241083750;9,947861722;4,559008722;NA;NA
NA;NA;20;A;epi;NA;NA;1,002;101,622000000;0,403377166;1,518155384;0,151512513;-7,471712167;1,095779632;11,366209830;1,134352278;-6,068878936;NA;NA
NA;NA;19;A;epi;NA;NA;0,003;6,312000000;0,368606470;0,279849657;9,328321898;-27,814498170;1,075383188;4,845075924;161,502530800;-28,173353860;NA;NA
NA;NA;18;A;epi;NA;NA;0,003;137,442000000;0,416438633;1,694896262;56,496542070;9,193312833;1,112482348;11,145907100;371,530236800;11,914645050;NA;NA
NA;NA;17;A;epi;NA;NA;0,003;65,600000000;0,390238586;4,615610415;153,853680500;8,810371833;1,112098604;18,337697280;611,256575900;10,398282550;NA;NA
NA;NA;15;A;epi;NA;NA;0,002;20,150000000;0,373656313;0,790563590;39,528179510;-16,353543170;1,086875408;10,656587690;532,829384600;-15,570598230;NA;NA
NA;NA;14;A;epi;NA;NA;0,007;9,529000000;0,369780482;1,164600520;16,637150290;-23,464681170;1,079745186;10,866535230;155,236217600;-23,263196240;NA;NA
NA;NA;13;A;epi;NA;NA;0,002;177,179000000;0,430924393;1,098440853;54,922042650;-5,659561167;1,097596155;9,144606714;457,230335700;-3,709517069;NA;NA
NA;NA;12;A;epi;NA;NA;-0,009;41,949000000;0,381610290;0,700994728;-7,788830314;-13,336928170;1,089899808;8,638155526;-95,979505840;-12,044473910;NA;NA
NA;NA;11;A;epi;NA;NA;0,002;2,163000000;0,367092294;0,280141943;14,007097140;-27,636665170;1,075561527;4,144206358;207,210317900;-28,028187700;NA;NA
NA;NA;10;A;epi;NA;NA;0,172;46,724000000;0,383352414;1,483752094;0,862646566;-19,934205170;1,083285265;10,204326110;5,932747740;-19,418204780;NA;NA
NA;NA;9;A;epi;NA;NA;0,004;26,460000000;0,375958824;0,545171883;13,629297070;-23,676335170;1,079532948;11,173069850;279,326746400;-23,497127670;NA;NA
NA;NA;8;A;epi;NA;NA;0,019;44,966666670;0,382711271;2,144865606;11,288766350;-12,031001170;1,091209048;18,376950100;96,720790020;-11,395214010;NA;NA
NA;NA;7;A;epi;NA;NA;0,005;10,427666670;0,370108436;1,827222849;36,544456980;-16,568470170;1,086659919;10,116895200;202,337903900;-15,758627000;NA;NA
NA;NA;6;A;epi;NA;NA;0,011;35,997666670;0,379438905;1,463748230;13,306802090;-22,270036170;1,080943109;12,606323560;114,602941500;-22,017292710;NA;NA
NA;NA;5;A;epi;NA;NA;0,014;27,486666670;0,376333443;1,171380489;8,367003491;-13,089271170;1,090148096;11,408400180;81,488572750;-12,115648110;NA;NA
NA;NA;4;A;epi;NA;NA;0,036;35,813666670;0,379371770;4,470975034;12,419375090;-8,351058167;1,094898141;27,970567860;77,696021840;-7,831409349;NA;NA
NA;NA;3;A;epi;NA;NA;0,008;10,838666670;0,370258424;0,836376509;10,454706360;-25,756872170;1,077446624;8,779300998;109,741262500;-25,732496310;NA;NA
NA;NA;2;A;epi;NA;NA;0,015;72,461666670;0,392741562;1,224327960;8,162186402;-14,121357170;1,089113373;11,159264260;74,395095050;-13,204022300;NA;NA
NA;NA;1;A;epi;NA;NA;0,011;44,179666670;0,382424140;1,242200802;11,292734560;-10,815627170;1,092427475;12,213195230;111,029047500;-9,751289089;NA;NA
NA;NA;47;A;epi;NA;NA;0,001;23,370666670;0,374831543;0,343775461;34,377546080;-24,759698170;1,078446583;3,501040905;350,104090500;-24,392342950;NA;NA
NA;NA;46;A;epi;NA;NA;0,010;36,374666670;0,379576459;0,976684166;9,766841656;-27,848319170;1,075349271;9,158291821;91,582918210;-28,025227960;NA;NA
NA;NA;45;A;epi;NA;NA;0,004;32,342666670;0,378105306;0,354855923;8,871398074;-28,121069170;1,075075744;7,235352925;180,883823100;-28,384746290;NA;NA
NA;NA;44;A;epi;NA;NA;0,004;32,252666670;0,378072467;0,398416663;9,960416565;-24,360392170;1,078846998;4,155990789;103,899769700;-23,969542980;NA;NA
NA;NA;43;A;epi;NA;NA;0,003;65,415666670;0,390171344;0,366654458;12,221815250;-28,842220170;1,074352532;5,695587038;189,852901300;-29,306674400;NA;NA
NA;NA;40;A;epi;NA;NA;0,003;4,264666667;0,367859302;0,302889286;10,096309520;-28,866222170;1,074328461;6,457826176;215,260872500;-29,271497560;NA;NA
NA;NA;36;A;epi;NA;NA;0,004;40,649666670;0,381136228;0,896869906;22,421747660;-12,335390170;1,090903890;7,845740914;196,143522800;-10,783858820;NA;NA
NA;NA;35;A;epi;NA;NA;0,002;87,104666670;0,398082565;0,255215071;12,760753540;-28,523648170;1,074672016;4,722785792;236,139289600;-29,038312650;NA;NA
NA;NA;34;A;epi;NA;NA;0,003;364,702666700;0,499227603;0,637084045;21,236134840;-27,313729170;1,075885379;4,749590128;158,319670900;-27,579828510;NA;NA
NA;NA;32;A;epi;NA;NA;0,002;9,283666667;0,369690951;0,247241468;12,362073410;-25,804876170;1,077398485;3,753740371;187,687018500;-25,752028240;NA;NA
NA;NA;30;A;epi;NA;NA;0,022;93,618666670;0,400458349;2,891449649;13,142952950;2,384200000;1,105658517;15,010813500;68,230970440;3,982093041;NA;NA
NA;NA;29;A;epi;NA;NA;0,001;14,628666670;0,371641497;0,325514630;32,551463020;-27,615936170;1,075582315;4,175045777;417,504577700;-27,998967690;NA;NA
NA;NA;1;A;hem;NA;NA;0,005;8,321666667;0,369339881;0,941453426;18,829068520;-4,958048167;1,098299342;7,072313117;141,446262300;-2,274259722;NA;NA
NA;NA;2;A;hem;NA;NA;0,016;12,594666670;0,370899240;1,424083600;8,900522503;-16,977595170;1,086249722;15,698348780;98,114679900;-16,493117060;NA;NA
NA;NA;3;A;hem;NA;NA;0,008;21,314666670;0,374081306;0,682874240;8,535927999;-25,172096170;1,078033035;9,779072595;122,238407400;-25,098333200;NA;NA
NA;NA;4;A;hem;NA;NA;0,005;31,598666670;0,377833839;1,090140869;21,802817380;-25,050995170;1,078154474;8,296671318;165,933426400;-24,949723040;NA;NA
NA;NA;5;A;hem;NA;NA;0,003;7,892666667;0,369183322;0,925437479;30,847915950;-21,487789170;1,081727486;9,369540296;312,318009900;-21,066556690;NA;NA
NA;NA;6;A;hem;NA;NA;0,007;11,440666670;0,370478112;0,559271751;7,989596439;-23,222479170;1,079988055;7,607386309;108,676947300;-22,896066570;NA;NA
NA;NA;7;A;hem;NA;NA;0,003;39,155666670;0,380591135;0,416739206;13,891306870;-20,632445170;1,082585146;4,140857755;138,028591800;-19,347133370;NA;NA
NA;NA;8;A;hem;NA;NA;0,012;15,801666670;0,372069549;0,847115190;7,059293248;-27,274453170;1,075924766;14,168530860;118,071090500;-27,350719030;NA;NA
NA;NA;9;A;hem;NA;NA;0,015;23,226666670;0,374778998;1,196918038;7,979453588;-23,026099170;1,080184975;13,456612150;89,710747690;-22,838124640;NA;NA
NA;NA;10;A;hem;NA;NA;0,013;13,535666670;0,371242636;1,394432677;10,726405210;-18,787564170;1,084434971;13,671748610;105,167297000;-18,339299610;NA;NA
NA;NA;11;A;hem;NA;NA;0,015;7,051181818;0,368876230;0,913179525;6,087863498;-20,770489730;1,082446729;8,263798874;55,091992490;-20,209969770;NA;NA
NA;NA;12;A;hem;NA;NA;0,008;6,968181818;0,368845939;0,603568343;7,544604286;NA;NA;NA;NA;NA;NA;NA
NA;NA;13;A;hem;NA;NA;0,010;66,329181820;0,390504581;0,731768244;7,317682445;-23,248150730;1,079962312;6,766469220;67,664692200;-22,879175490;NA;NA
NA;NA;14;A;hem;NA;NA;0,015;7,491181818;0,369036804;1,324754825;8,831698832;-17,217102730;1,086009586;9,749477038;64,996513590;-16,431993410;NA;NA
NA;NA;15;A;hem;NA;NA;0,020;53,148181820;0,385696133;1,100109540;5,500547702;-12,857466730;1,090380490;14,104872220;70,524361110;-12,067227900;NA;NA
NA;NA;17;A;hem;NA;NA;0,010;258,276181800;0,460474558;0,605624815;6,056248145;-21,534189730;1,081680960;5,269378567;52,693785670;-20,734828440;NA;NA
NA;NA;18;A;hem;NA;NA;0,013;739,467181800;0,635450615;0,650745630;5,005735612;-24,364243730;1,078843136;8,687814767;66,829344360;-24,198341630;NA;NA
NA;NA;19;A;hem;NA;NA;0,116;414,138181800;0,517218281;0,924382041;0,796881070;-24,275872730;1,078931752;10,349917510;8,922342679;-24,131441970;NA;NA
NA;NA;20;A;hem;NA;NA;0,013;384,122181800;0,506295570;0,730682838;5,620637215;-26,866997730;1,076333375;7,984994499;61,423034610;-26,963531990;NA;NA
NA;NA;21;A;hem;NA;NA;0,007;231,012181800;0,450542068;0,491322238;7,018889118;-26,632432730;1,076568602;4,988592142;71,265602030;-26,753224190;NA;NA
NA;NA;23;A;hem;NA;NA;0,014;415,074181800;0,517558849;1,215614029;8,682957348;-19,283456730;1,083937756;7,212265433;51,516181660;-18,445494750;NA;NA
NA;NA;24;A;hem;NA;NA;0,001;78,514181820;0,394949273;0,165114949;16,511494930;-24,778823730;1,078427404;2,711210632;271,121063200;-24,267660280;NA;NA
NA;NA;25;A;hem;NA;NA;0,010;280,955181800;0,468735186;0,481536436;4,815364360;-18,207730730;1,085016343;5,118700990;51,187009900;-16,764283860;NA;NA
NA;NA;26;A;hem;NA;NA;0,021;513,996181800;0,553538981;1,622270636;7,725098268;-15,091834730;1,088140395;12,616845250;60,080215460;-14,353352330;NA;NA
NA;NA;27;A;hem;NA;NA;0,028;249,513181800;0,457282344;1,063721802;3,799006437;-18,463024730;1,084760373;18,168783400;64,888512140;-18,115874320;NA;NA
NA;NA;28;A;hem;NA;NA;0,012;514,474181800;0,553712778;1,030947256;8,591227133;-21,561464730;1,081653611;8,032579809;66,938165070;-21,070515670;NA;NA
NA;NA;29;A;hem;NA;NA;0,007;468,481181800;0,536987397;0,703813638;10,054480540;-23,153233730;1,080057491;5,771487188;82,449816980;-22,695138810;NA;NA
NA;NA;30;A;hem;NA;NA;0,011;632,344181800;0,596550602;0,775626891;7,051153557;-23,846018730;1,079362796;6,525908165;59,326437860;-23,545073450;NA;NA
NA;NA;32;A;hem;NA;NA;0,009;519,694181800;0,555610678;0,810980569;9,010895214;-26,754624730;1,076446065;7,812952012;86,810577910;-26,840708270;NA;NA
NA;NA;33;A;hem;NA;NA;0,004;572,198181800;0,574696185;0,271875777;6,796894426;-27,388495730;1,075810401;2,972867348;74,321683690;-27,899708060;NA;NA
NA;NA;34;A;hem;NA;NA;0,026;443,034181800;0,527731163;1,568008088;6,030800337;-26,612794730;1,076588295;13,848279960;53,262615210;-26,650365640;NA;NA
NA;NA;35;A;hem;NA;NA;0,031;534,002181800;0,560812445;1,671389986;5,391580599;-26,199305730;1,077002948;11,804308450;38,078414360;-26,213795010;NA;NA
NA;NA;36;A;hem;NA;NA;0,011;667,891181800;0,609462306;0,716148866;6,510444238;-26,690255730;1,076510616;6,561045874;59,645871590;-26,786107170;NA;NA
NA;NA;38;A;hem;NA;NA;0,020;209,544181800;0,442719711;1,206783653;6,033918264;-26,952095730;1,076248036;9,279240417;46,396202080;-27,041924130;NA;NA
NA;NA;39;A;hem;NA;NA;0,010;231,187181800;0,450605828;0,523708213;5,237082131;-26,813538730;1,076386985;5,747648079;57,476480790;-26,945082230;NA;NA
NA;NA;40;A;hem;NA;NA;0,005;10,992181820;0,370314446;0,187598228;3,751964550;-27,086288730;1,076113464;2,831392500;56,627850000;-27,514089350;NA;NA
NA;NA;41;A;hem;NA;NA;0,005;226,854181800;0,449027101;0,129754847;2,595096934;-28,314754730;1,074881506;3,441964239;68,839284790;-29,015674050;NA;NA
NA;NA;42;A;hem;NA;NA;0,005;320,337181800;0,483076480;0,524498002;10,489960050;-27,351401730;1,075847600;5,924529955;118,490599100;-27,562371590;NA;NA
NA;NA;43;A;hem;NA;NA;0,011;478,981181800;0,540806223;0,796093835;7,237216680;-26,470964730;1,076730525;5,952829985;54,116636230;-26,544084120;NA;NA
NA;NA;44;A;hem;NA;NA;0,025;560,134181800;0,570311500;1,724038854;6,896155418;-26,177485730;1,077024830;12,466849960;49,867399840;-26,189655990;NA;NA
NA;NA;45;A;hem;NA;NA;0,008;423,723181800;0,520705722;0,723337142;9,041714274;-27,385222730;1,075813683;6,546892375;81,836154680;-27,578053580;NA;NA
NA;NA;46;A;hem;NA;NA;0,020;10,279181820;0,370054249;1,579291977;7,896459886;-26,498239730;1,076703173;9,984288914;49,921444570;-26,541639040;NA;NA
NA;NA;47;A;hem;NA;NA;0,011;8,498181818;0,369404298;0,753584951;6,850772281;-26,979370730;1,076220684;5,985804565;54,416405130;-27,130455590;NA;NA
